RelativePath,SizeBytes,SHA256
01. Weintek/a.emtp,3081158,F31462FEAD3BD54BBD663C8603579803E3D504024ED99802D497B9F1CC993918
01. Weintek/a.exob,2032010,211FC33DCC7DBD0A5BB43C9579704EBC86ED06B45C57F6AE671765C12C2BF15B
01. Weintek/aa.PNG,3165,53853A0968510B06D169F4B1F29763210A4D298A2FC7C965EFAD9DE452FDC723
01. Weintek/bb.PNG,3530,4D0A3B3C5DBECE874E7682CC22FEBBFEE8840087E593166C044A2664F5B398DE
01. Weintek/Factory_C_UT.cxob,76597538,6B10FAAF63B0A714012E22FCF7DAAE3740CF814528FB550F3CD5AB9EA6D7BA75
01. Weintek/Factory-C-G01.cmtp,8129814,3E640ED1BF968B859D19229D1A771C8FE78F0500B9E5DD74221F413BC36E6C68
01. Weintek/Factory-C-G01.cmtp.bak1,8129814,E4AB78193D2F47F76FCD36ADE70AAF78097DD814A0F9E270867071BB88499CFF
01. Weintek/Factory-C-G01.cmtp.bak2,8128438,22C8D95AF389E5448A437DFA0760CDEE73F1ABADC50C6EBFF7A0CA5074F8C75E
01. Weintek/Factory-C-G01.cmtp.bak3,8128438,74559B68D2B8D167093323F79526895BBC8DC77E2C24F2DF97B56064B5015164
01. Weintek/Factory-C-G01.cxob,46072333,3BA95DE0D94792CBC6FA36816BE1D1B13D4CCAB818CF9172225EB0E31413AAC2
01. Weintek/Factory-C-UT.cmtp,1089382,6635F7A3940F8D465059B466ADA765D96FE2665F1EE637356A8BE582407BCC24
01. Weintek/Factory-C-UT.cmtp.bak1,1089382,A2CFB669B595530919F79A78C8A367E10BE95E588709843252CBC01A6E9720D1
01. Weintek/Factory-C-UT.cmtp.bak2,1019286,94A7C11336CDD40B2B63E1D4847C46021364DF961C056414BE21DB38008870DC
01. Weintek/Factory-C-UT.cmtp.bak3,1018150,5860BCDFEAD29154C3B096A1577F7F3865059294BB1280BCAE67F37F747C2EAE
01. Weintek/Factory-C-UT.cxob,45567936,CF04548F93591454CE76C58F4638ABCD5A88692B53F548C4550F1D42F24147EC
01. Weintek/Lib/Backup/Common/B/ach-sc.png,12722,83D53F37054222F6F68A1D7C8EC134E38726A64A435DDB561EB4CB604974ABBD
01. Weintek/Lib/Backup/Common/B/ahu-body.png,8626,A11FA05B03F51F3D24EF1B9E4C4FB9AE32554B4522EFDD0842A50EFF6A5B3706
01. Weintek/Lib/Backup/Common/B/ahu-cc.png,9125,E0C355F6BEE5922F7ADCBC8B9C3A41EF7864845501A6894BEE84EFB05D44DE2C
01. Weintek/Lib/Backup/Common/B/ahu-cv.png,5455,842605D4F871F9704F02216BBE261D686B5AA380FAC6C4663ADC8F66044016D1
01. Weintek/Lib/Backup/Common/B/ahu-fan-run.gif,304363,0A810D2E580F7E285E32B2C851E947728FF5EB1962108E3C3D8C3D68295EF092
01. Weintek/Lib/Backup/Common/B/ahu-fan-stop.png,15007,C9147F272222155BBC2328E67BD6676A8DC6FAB20101F0BFF72BB16A27D97E4A
01. Weintek/Lib/Backup/Common/B/ahu-fan-trip.gif,14625,2B79922D976D3E2C0A967D9913533B480BCA31967668FAD9761A0C515E4A7580
01. Weintek/Lib/Backup/Common/B/ahu-hc.png,9639,C2C20BA205E4952C537C419DFE6CD5CEA0224472C9BA4A5EC3A63A8E115A4AB5
01. Weintek/Lib/Backup/Common/B/ahu-layout-fan-run.gif,2745,8CFC35578D08E7EDA22AF9F3E9BB73F84C95AB095D8E4218510E31AC5D161E07
01. Weintek/Lib/Backup/Common/B/ahu-layout-fan-stop.png,1870,0F6DDBACF0F300E45A8D306C58F74D6921A9B507A2683B335DD5EB864BE9E683
01. Weintek/Lib/Backup/Common/B/ahu-layout-fan-trip.gif,1615,BA2BCB69F0149F81F9E520FE58475B93180426899D9CB0AEE5AEAC331774A0D3
01. Weintek/Lib/Backup/Common/B/ahu-open-pid.png,1242,D7DF0FC6B1E2C3853E2424D07E15C0231A8994F76ED5C56DA69F71D9B16FF1A3
01. Weintek/Lib/Backup/Common/B/ahu-rd.png,224,76EC1ED5A87D7E2C1A6542B04BAA5623286B74CE9CD461D4A50785A1230F37BA
01. Weintek/Lib/Backup/Common/B/ahu-sd-green.png,1426,80E1CAA6DD8A620A9491ED826E9F891D978972C4BDDCE7B38C9C6CB87E9C48FD
01. Weintek/Lib/Backup/Common/B/ahu-sd-red.png,1383,2EBC9EAAC61F5B332A55BFEC1E27128922ACAF66C56EC833AC4CD567219257F2
01. Weintek/Lib/Backup/Common/B/ahu-sd-yellow.png,1449,6AD2FAB369858917418CED6FBBAA2F340CDF1BF45832E7C1079729CD5C891CBD
01. Weintek/Lib/Backup/Common/B/ahu-sd.png,275,708ECC1FFAF986A8CD025DD1974F2FBF0D04D9EADD2B2225AE9D0AE2FA13938B
01. Weintek/Lib/Backup/Common/B/common-arrow-h.png,1492,6B395001C3AFF934DF41245BF9FCD484C6C430B09700C3E3616B1C585DB4F76F
01. Weintek/Lib/Backup/Common/B/common-arrow-v.png,1470,0F049152CABD13EF492FE48A085366B1BEC95D54C1F5DA526438B2B7C2F99B4C
01. Weintek/Lib/Backup/Common/B/common-button-box-b-off.png,304,D551B856437A986C9F8001D8E4CB18413382D20785C4FD4B4D9EFD81C545D3D8
01. Weintek/Lib/Backup/Common/B/common-button-box-b-on.png,517,3EDBEB09AA20610566C6E0DC32659282218C10635463D045F1F654A9C43B495A
01. Weintek/Lib/Backup/Common/B/common-button-box-m-off.png,258,6EB31948992E90ADF949158DB2C18BCF496C7F3B671F3DC32AEDA38BCD3AA778
01. Weintek/Lib/Backup/Common/B/common-button-box-m-on.png,643,382169427FEF02F19AB145CC69E1F0F5D57BBD6D77D5CA06B2F9970A304EAF15
01. Weintek/Lib/Backup/Common/B/common-button-box-s-off-disable.png,1799,B3EB9081B3B259D3AF58D16CD6443B5FD9527770780E6A25655813BA5FA4BF8D
01. Weintek/Lib/Backup/Common/B/common-button-box-s-off.png,256,B032243556D37E2EEC8D25A3126A133007A528BAA9BD2639AF4CAD1DE2402203
01. Weintek/Lib/Backup/Common/B/common-button-box-s-on-disable.png,2008,FCB2BC08CCC057A3DAB8C9BBB610245A1963AE52A79236C1DEF0E0E4E1DB450B
01. Weintek/Lib/Backup/Common/B/common-button-box-s-on.png,513,2D83A4698A13338BD6F9EE132FCDC7D2739980F541D88B2F811FD61455BB1BF2
01. Weintek/Lib/Backup/Common/B/common-button-circle-off-disable.png,2323,7E97D03C8696590BE57C761CD3D5AB3F7F28D4DA7992B1E2708678F6FD7CFCEC
01. Weintek/Lib/Backup/Common/B/common-button-circle-off.png,2314,624A1341F4B2A8FB8E81B123FFFF46AAC2CDEC2BB6B2F65C55E07ACD9F0EFD06
01. Weintek/Lib/Backup/Common/B/common-button-circle-on-disable.png,2457,A2B16F6DE82AF1D52BF2D647E90A3C79797708055CF441DEB76AE3F95B8DF0ED
01. Weintek/Lib/Backup/Common/B/common-button-circle-on.png,1974,909290701FEA177CBA04A615055F199F09164904398501DFB7C8DE57793FDDEC
01. Weintek/Lib/Backup/Common/B/common-button-close-off.png,9026,2ED8B73F2BC074825FEF4F12CD365B96B859AD9EEDFB1C1BB612B1DEFD853DB0
01. Weintek/Lib/Backup/Common/B/common-button-close-on.png,9340,2ACF061827D68BBD65B734C4AB3F0D3215D98DE032A08159BBB9072616A14AFA
01. Weintek/Lib/Backup/Common/B/common-button-fast-off.png,8894,EF80F494065DC594F7DEE5D7B33A8C55F25FB42C2D5018A144AFA838A25BB689
01. Weintek/Lib/Backup/Common/B/common-button-fast-on.png,9183,CDC155244CBFA7C716762D8CFB91DF9D092A2D248F7AFD231B6B1ACAA4F9FE1E
01. Weintek/Lib/Backup/Common/B/common-button-medium-off.png,9383,0E9899C5A0C9E5EB68848D0A3A056B596754A5A0D58E3E13D47933411A1B4063
01. Weintek/Lib/Backup/Common/B/common-button-medium-on.png,9798,62F93DBD14FB93EB78EFD47954BA441B207297AEDF29BADC102A472A25F19BDB
01. Weintek/Lib/Backup/Common/B/common-button-open-off.png,9456,FBCB9143E74F76A61684F56192B5DF421A9CA871090D51EC4327D65D679F109B
01. Weintek/Lib/Backup/Common/B/common-button-open-on.png,9611,5242962D80C29D90E92493ABFF19E58829E7116FEBA80685A450F5DD72D7F027
01. Weintek/Lib/Backup/Common/B/common-button-slow-off.png,9481,55480C2E9CE13053CEF8CA0E4DF3A553BE2249F21D2D650BB1DA6710971607BD
01. Weintek/Lib/Backup/Common/B/common-button-slow-on.png,9857,E83FD4ACE22A426C7E07D4BA93D3C530C1FEC0CC0AA6C5743FD52A052B3052D6
01. Weintek/Lib/Backup/Common/B/common-button-start-off.png,8973,3479A9A60AD49D96ED352302372F5F4B99355A5F21D910ADF65513EC446E927F
01. Weintek/Lib/Backup/Common/B/common-button-start-on.png,9287,BBEA230D25B7AE016205F157B6470444FD1268FCCE0297F73FE90333C6BB93C9
01. Weintek/Lib/Backup/Common/B/common-button-stop-off.png,9512,E038D9C2E29978F3611EE232372CD447353CF6E33F062643AC39A884B7450CB2
01. Weintek/Lib/Backup/Common/B/common-button-stop-on.png,9658,CEFA7BC1B40A81697DA462C4A846BA82F695B2A4AB70ADD4770052103E537A0D
01. Weintek/Lib/Backup/Common/B/common-fan-run-s.gif,88205,DAEC80562258A8F15C10E21EF2569B5750D7113BDA0976AF42E56EE259876DF5
01. Weintek/Lib/Backup/Common/B/common-fan-run.gif,140677,BE80DD41F406B9FDB3A647788DD8D395C544D6E3483CB7320C4339F4468ECD1F
01. Weintek/Lib/Backup/Common/B/common-fan-stop-s.png,10114,08EB1AECEA0C92C0571E4FD4685763BD9EFD18A2834BC8C603C93D55CBC741D0
01. Weintek/Lib/Backup/Common/B/common-fan-stop.png,12964,746E5B585D816548DE7087AB2720BB03D1672C1FBCBF5F88E092558BF3A2027E
01. Weintek/Lib/Backup/Common/B/common-fan-trip-s.gif,6064,DA5F5CAFE9F043A40137C3EDEF7A99EB771C8FEB752E72C50F1B91AB178F2E14
01. Weintek/Lib/Backup/Common/B/common-fan-trip.gif,9178,B1AF98F788E077CACF62DA212026CDD3036FC6122796BDFDD7627A818015D1DA
01. Weintek/Lib/Backup/Common/B/common-green-led.png,1684,D5920BA83A1C380382EC44876B75E29F634C86F9F5BD9486065454A3076812DC
01. Weintek/Lib/Backup/Common/B/common-pump-na.png,3381,69536BFFBC8627A9CFB8E0A01286689A183BFEC69ED2F62B1F9288179DEC2B96
01. Weintek/Lib/Backup/Common/B/common-pump-run-s.gif,2974,F04803DA5B3302694F79F6405C3242CBCE13C5D5039FBD0942D9F2BADBE12B37
01. Weintek/Lib/Backup/Common/B/common-pump-run.gif,4238,B9189F9BE07A91F562491F3AAED251FABC0C789E09271D20E31260C017FCA68E
01. Weintek/Lib/Backup/Common/B/common-pump-stop-s.png,1948,8C2E75A1D5F7C4E420F2A0E7D72E8F8F4ECEF3C58EDAAC0D7CE83761E3F8B4FB
01. Weintek/Lib/Backup/Common/B/common-pump-stop.png,2630,34F19F1FA8A6D32464670A6E4CE646088A7B5D5E19DE395322F3E3D729FD1994
01. Weintek/Lib/Backup/Common/B/common-pump-trip-s.gif,3139,E5140659B1211DF539A9D33A24C9458DCF35732B87BD1B39C764FF1D7188EC4F
01. Weintek/Lib/Backup/Common/B/common-pump-trip.gif,4756,A84C73BDF13CB1D6FFCB31721AC32375624350C37B2A698450A8073234B44994
01. Weintek/Lib/Backup/Common/B/common-red-led.png,1696,D22423FA4A394EC1376A59FBE30025F28E0A6C1F7098F004D04EE550BD465488
01. Weintek/Lib/Backup/Common/B/texture.png,564230,1FCD11A6FC92D792730741D9984EB19E725B03C48E1F227048C5B4DB776B2DB2
01. Weintek/Lib/Backup/Pipe/B/pipe-aqua-angle.png,590,257FBDA191FAF5E574DC0963A6093FC0546DF367C9E85DDD6BFB1FE6BAE7443A
01. Weintek/Lib/Backup/Pipe/B/pipe-aqua-branch-a.png,592,4034513FEA1FDC902EEB159A6FBECAF0BC833C1401F77738BA051E1EFD5C9229
01. Weintek/Lib/Backup/Pipe/B/pipe-aqua-branch-b.png,588,EEC15456081DEAC34D3B766DAC4AF6E1238093575E38C3D1B5741C5628AE9828
01. Weintek/Lib/Backup/Pipe/B/pipe-aqua-h.png,553,F2598A2EA0ACD66554DDF4BB96554C933D28745B6BF60C53D867C454BC14002C
01. Weintek/Lib/Backup/Pipe/B/pipe-aqua-v.png,559,7C94E62B08C02E6E1168D2DCB8987986A480D158B746845A5C0522A032FD55FB
01. Weintek/Lib/Backup/Pipe/B/pipe-blue-angle.png,580,3F53832F76DBDC44AE75AD197832D050800E7126D53BBD61517A620CBA83674E
01. Weintek/Lib/Backup/Pipe/B/pipe-blue-branch-a.png,593,E95EDB9C851A521B0B5743527ACCF12C96F9F4BDD944D98766CF569ECEE33E05
01. Weintek/Lib/Backup/Pipe/B/pipe-blue-branch-b.png,587,45765BCB0A32600112D774D46879F0A7483ADD3FED802BAC4B8EED9E780FFBE1
01. Weintek/Lib/Backup/Pipe/B/pipe-blue-h.png,551,199E6EE2FC367168E2592EE4F4FF7EC16BAC0281C0597D5F52A58E14F7BBA0C0
01. Weintek/Lib/Backup/Pipe/B/pipe-blue-v.png,559,9CBAAAC39B839FC87BDE8772EE36841DFE430E595818C131B68EBD618068F7D3
01. Weintek/Lib/Backup/Pipe/B/pipe-cyan-angle.png,599,37A7FCA734AC6E3BB27852BA0EC4AC5CCA3FCB3A01DFD7F98C6D880CA507F5C1
01. Weintek/Lib/Backup/Pipe/B/pipe-cyan-branch-a.png,591,712E4BAD833E03A6246D32C35B5F9798CFF031B7D664553A7138CDDC82765789
01. Weintek/Lib/Backup/Pipe/B/pipe-cyan-branch-b.png,601,194665CC52A53958E42497095EB924DB4FEDFC8B537985FBBDBF65D0B1F9C138
01. Weintek/Lib/Backup/Pipe/B/pipe-cyan-h.png,559,61495759568321B05FF71C028C5497ADC0F87FE31192AC72F91AE9C7E1D377EF
01. Weintek/Lib/Backup/Pipe/B/pipe-cyan-v.png,147,EE34DF1025437888DAF94D80795362F91C0A6D2189FA38C3628B47899E431FBE
01. Weintek/Lib/Backup/Pipe/B/pipe-green-angle.png,583,A0D2E88A617F5BF44AA9A3AB12F5BBB80604F8C7A8F010886EFAEE96BB850DDE
01. Weintek/Lib/Backup/Pipe/B/pipe-green-branch-a.png,594,615B4B83389A959A411B4BFB82529DAF753DFB3CB52B0A76434EF62FAC0B1709
01. Weintek/Lib/Backup/Pipe/B/pipe-green-branch-b.png,582,6AAED448446519B29E8B5F85C9CA1F33788E9BA0E68A4405368B3B77A8AE94BD
01. Weintek/Lib/Backup/Pipe/B/pipe-green-h.png,552,31E8098AD7053531D0D871066CA1C6CD02C120AF063067DFC02F880B6363C82C
01. Weintek/Lib/Backup/Pipe/B/pipe-green-v.png,559,FA21DC49467D9974B5471B1FA1C1767D1DBCE47B17F03DA542E87A1E5BCE9A04
01. Weintek/Lib/Backup/Pipe/B/pipe-mediumblue-angle.png,586,4C5AA6952402D10A1A770253AAF12B335C0E971B843DE7DB611D50CB5D12A336
01. Weintek/Lib/Backup/Pipe/B/pipe-mediumblue-branch-a.png,592,1EC60C1E328F65353D579A2FCB731747C3ADB1249C4561B73C20A13AEE9F078C
01. Weintek/Lib/Backup/Pipe/B/pipe-mediumblue-branch-b.png,585,917B1466B7F9A1937D4BEF7D2C8CE619BAA3A47BA3CD094BBE50E620D7FD0F54
01. Weintek/Lib/Backup/Pipe/B/pipe-mediumblue-h.png,553,8DFE7B908BD6CA55FFE40CCA31031B5F32811367B2EB86C69E15AA1CDE1EB0AD
01. Weintek/Lib/Backup/Pipe/B/pipe-mediumblue-v.png,559,EA2D50FE6D35C915643F322F4AD9BA1008D441031750F5A1E3D518765785751D
01. Weintek/Lib/Backup/Pipe/B/pipe-red-angle.png,572,EB4D78E5CDF09C30DAEAA91C837A94F6F416CD1F2A7960C4722D668BE0982269
01. Weintek/Lib/Backup/Pipe/B/pipe-red-branch-a.png,573,7964596DBE91E5612A0136FBF922D4F3854320385B39918FEA140D398A0E3C57
01. Weintek/Lib/Backup/Pipe/B/pipe-red-branch-b.png,578,6D1BC581A422E868DEFFA6B1F37F2EFB35F6BEA3D22C1BB2F1040B584B3F96E4
01. Weintek/Lib/Backup/Pipe/B/pipe-red-h.png,556,30F83AF114B930AC1E2F7D80B6046FFFF0C3D7BA37224CA8DBF66B4F7580668E
01. Weintek/Lib/Backup/Pipe/B/pipe-red-v.png,559,5432CA906F21B26DCED1AA16875560D3E7B4971A9F98714C6DC44D04235E1849
01. Weintek/Lib/Backup/Pipe/B/pipe-skyblue-angle.png,586,64E6EC611EA5DABC16933E68EFFBF5CF04DC6305C96025888E6F0D0C6DD5B43E
01. Weintek/Lib/Backup/Pipe/B/pipe-skyblue-branch-a.png,592,BB32E2145598B838801390B1B148DAAFCEB86702FAB129B052D8E64107345741
01. Weintek/Lib/Backup/Pipe/B/pipe-skyblue-branch-b.png,570,37C33158AF72DE7FCE669884DA3F62BB85CDA57E3A822583597252E172517AA4
01. Weintek/Lib/Backup/Pipe/B/pipe-skyblue-h.png,564,124256F9071014CE05ABA9E52AF5F2DCF87722147E84293E71477F55C380A376
01. Weintek/Lib/Backup/Pipe/B/pipe-skyblue-v.png,559,E42B6CB18B99217900CFE7D116FD45EEB50E013CD6F82D881E2F23BA4B84731F
01. Weintek/Lib/Backup/Pipe/B/pipe-violet-angle.png,589,CFF665358D9BEEEF4831A80DD1CDC3DF61A3136923F7A21E9EEF5B16229B8AE3
01. Weintek/Lib/Backup/Pipe/B/pipe-violet-branch-a.png,593,9C1919062C29610A216C7418C6F8D29BD5B3F4138BF615F7058BCD0926CE49C7
01. Weintek/Lib/Backup/Pipe/B/pipe-violet-branch-b.png,570,361D59C3F4697A2A7EA2F27CA127591D7F15CED8419B70DA2C197225BE98E2D0
01. Weintek/Lib/Backup/Pipe/B/pipe-violet-h.png,553,FE6BEDB2BD59A38A8113F42B594C2CC8B9DB30E94F0D5D204A7624869B475CBF
01. Weintek/Lib/Backup/Pipe/B/pipe-violet-v.png,559,5EC0DE26CB8F157CB10057E7F79EC28FF7EA113D337F22909546BABEE9FBF6D8
01. Weintek/Lib/Backup/Pipe/B/pipe-yellow-angle.png,585,D6598A6AA83FC81E2E5FE4442DA9B32516F350D0209AC6B863DC962CCB0F7F90
01. Weintek/Lib/Backup/Pipe/B/pipe-yellow-branch-a.png,590,19D14A7E3B75C57719F49D3184BC492555E5F495F58E7B2BB5C209210E7988E8
01. Weintek/Lib/Backup/Pipe/B/pipe-yellow-branch-b.png,569,FD0C3A1FA0C29F55D6CE4715E1E5E02A8143226C93B78AC6A34ED6F6006847FA
01. Weintek/Lib/Backup/Pipe/B/pipe-yellow-h.png,553,074CE45559BB6D097831C5466DEF9E89CE12D08C0C6B286D0780C7F0BE2B1D92
01. Weintek/Lib/Backup/Pipe/B/pipe-yellow-v.png,559,B5B597480AEEBE04959824F8D3BEA1451A4C6E0A9BD5696B1EAA30371EC77254
01. Weintek/Lib/Backup/Pipe/TB/tbnails_5_I,320,6FF7E796499534BC82EF21242E44DB695660945F809EC1DD1ED369AD1F66C645
01. Weintek/Lib/Backup/Template/B/ack_all.png,2089,FD3E8C11C33D0BD15AFEAAFB33DC4194FF1EA7904A8EE20E6955C35DEDD405B2
01. Weintek/Lib/Backup/Template/B/ack_one.png,1892,7221EAFD3B0CF96C3827413485B5E4FB176A0492B0D7CDC246EB6B6969FFFF65
01. Weintek/Lib/Backup/Template/B/alarm.png,2238,E51EDCF30A4B15D6723269491BE016311BDE3CC4DEFBC2C68E06411A37401B91
01. Weintek/Lib/Backup/Template/B/btn_TabX_nor.png,1316,DA1DD0E6A88B64628A063EB4590C892BDA901C36934C5149A8AB4C7BDA8B6D61
01. Weintek/Lib/Backup/Template/B/btn_TabX_over.png,1064,399D106CE76280CF9ADEE2399F03D028F457915EB2F184D609C13EACCB938D2A
01. Weintek/Lib/Backup/Template/B/comm.png,1847,E00CFE31F77E5DFF116C653AE098A7B85B3C7000375350666A88B72B6BD48D31
01. Weintek/Lib/Backup/Template/B/common-menu-button-gray-78x24.png,344,EA70E6DF4AFA87891A8966FE22823676A4BEB10D5FEB4C560C0233F0D737ACD1
01. Weintek/Lib/Backup/Template/B/common-menu-button-gray-78x28.png,1762,41902B4B664DCC34A56878CFB4D94D6140E071CE012F4EC18794BB4F0365AE0D
01. Weintek/Lib/Backup/Template/B/common-menu-button-green-78x28.png,422,0D803322A3FC416967225CCD03B91C520A8339A7D973C1027E74DA645B08915A
01. Weintek/Lib/Backup/Template/B/common-menu-button-red-78x24.png,392,6D3E404FA03637A199AC12212A4624C81F416D311BE1239039B25D7C530559EF
01. Weintek/Lib/Backup/Template/B/common-menu-button-white-78x24.png,383,45D4B917AC7D1334641D56E33880AC7DBB229ED6B48D6C22BA1501B5F17E52EB
01. Weintek/Lib/Backup/Template/B/common-menu-button-white-78x28.png,398,5C4EFB8D9AD44A9DCE0D6192D8EE4FCD1EF655ABBADD23B78D18EA6A34FDBF93
01. Weintek/Lib/Backup/Template/B/event.png,2209,A00F7690FD81F47C9CFB68A12ECC3E993BB2A8B97719AB7A900FCF6D701ED6A2
01. Weintek/Lib/Backup/Template/B/exit.png,1608,E31925D5F3DC83A6C78AE095A9FC966DCE14ACF05042BE10797C20DB0872820E
01. Weintek/Lib/Backup/Template/B/home.png,1330,0DC564F5FA7159175B6C932B9F0060F50BEA05D52FC44A1BC33E3F93B467F607
01. Weintek/Lib/Backup/Template/B/led_green.png,557,F293C3DCEDB7CB31FC34C6AF353C35E0D8CD9B887FC7E48A7CA96D9DF9E33F2F
01. Weintek/Lib/Backup/Template/B/led_red.png,527,C1C2AA1D46CDF3AB12FADE56479FD4A6D1A941F93FF20A9116826C47E8AC2895
01. Weintek/Lib/Backup/Template/B/led_yellow.png,521,03A9D5C7A69D45F341C7AEB147609D361543C6B330B7AFDC5A61F7806100A4A1
01. Weintek/Lib/Backup/Template/B/logo_simple.png,3336,49ABA9656AB230850774E63FEC307BB537EC2D152EE3636AB631D4DFF43B7A5B
01. Weintek/Lib/Backup/Template/B/logo.png,13400,23F33EB027BFC589406DD44C4DCBF6E9CE0D15E2684A8B10448164E2F4A7A4BB
01. Weintek/Lib/Backup/Template/B/logon.png,403,54FCA0C846D6E85368B17773EB22CA31111AF59399AD357198ECC7C6F0A52132
01. Weintek/Lib/Backup/Template/B/setting.png,2577,CCDE0FF46E4C919FE632C26B182E43203972FFD52C1E922483179D2E325C8EA4
01. Weintek/Lib/Backup/Template/B/Setup.jpg,56979,3B0F7AF246EA0D613B7A58D060B857A412187B3109D25FB7B7143CBDAB1BE0FB
01. Weintek/Lib/Backup/Template/B/sound_off.png,2027,EDCEE5855D41CC256274DB65E638D5FAD46D3318DD71FB293EF6A0F56DBC0E7B
01. Weintek/Lib/Backup/Template/B/sound_on.png,2274,AA3EC121DE7397E987E68A1FECC92CAD0AC22896A9E28323DF0008BB09A29861
01. Weintek/Lib/Backup/Template/B/start-image-01.png,710197,1C02C9DF8D297F16B659719D8F099107CBA678C3EFE27C0849E54ADF970E0CEA
01. Weintek/Lib/Backup/Template/B/start-image-02.png,283973,BA1538288093E8CAE4DE6A1F52457ED8B203DC2F6371B513C9075B77DDDB63A8
01. Weintek/Lib/Backup/Template/B/start-logo.png,8770,3594B40ECF71B990A56C88DD24ECEE623385A804E158BD713566121E96FF4468
01. Weintek/Lib/Backup/Template/B/trend.png,2687,C7D7DFEA31C247211A2748A662CCCD8B42613F957B59A63315F434ACDB2DCFC8
01. Weintek/Lib/Backup/Template/B/user.png,3893,998D8F90BB654590C79651105DE13EF3E6F1DEC99BF96A089B040B1965687AFC
01. Weintek/Lib/button.PNG,3086,3D8864B0C2EDE55583DFDE87E4934F751AD6764093695A626466898218FD997F
01. Weintek/Lib/common-arrow-h.png,1492,6B395001C3AFF934DF41245BF9FCD484C6C430B09700C3E3616B1C585DB4F76F
01. Weintek/Lib/common-arrow-v.png,1470,0F049152CABD13EF492FE48A085366B1BEC95D54C1F5DA526438B2B7C2F99B4C
01. Weintek/Lib/Home.png,612074,0CBB33BC6AB4131F7ABEF39D495AF35657011870428BA877A190BE9A4DFFFAAC
01. Weintek/Lib/pipe-aqua-angle-1.png,586,D3D52A9126D245F390D96DE2C67D2F8149FD24B7492F7ACAD8B67EB1D319FE98
01. Weintek/Lib/pipe-aqua-angle-2.png,592,538859E4DAE2AEEFCA195468B1352FDC23D4676551DA8407DF4BE2644C9A2ECE
01. Weintek/Lib/pipe-aqua-angle-3.png,601,542FBEB661814027E61908FAC364F28CE81FA9B4D46FC0B046ABB330A6081942
01. Weintek/Lib/pipe-blue-angle.png,580,3F53832F76DBDC44AE75AD197832D050800E7126D53BBD61517A620CBA83674E
01. Weintek/Lib/pipe-blue-branch-a.png,593,E95EDB9C851A521B0B5743527ACCF12C96F9F4BDD944D98766CF569ECEE33E05
01. Weintek/Lib/pipe-blue-branch-b.png,587,45765BCB0A32600112D774D46879F0A7483ADD3FED802BAC4B8EED9E780FFBE1
01. Weintek/Lib/pipe-blue-branch-c.png,594,D13F54C1B842362306601B1DFAF8EFB1F3E1B93D323A6140488B61BAAC19C485
01. Weintek/Lib/pipe-blue-h.png,551,199E6EE2FC367168E2592EE4F4FF7EC16BAC0281C0597D5F52A58E14F7BBA0C0
01. Weintek/Lib/pipe-blue-v.png,559,9CBAAAC39B839FC87BDE8772EE36841DFE430E595818C131B68EBD618068F7D3
01. Weintek/Lib/value_box.png,874,2EC6FBBFA7310C4A7A329F71987B7A514E0682EBC94B96F51DA316408324ED88
01. Weintek/Lib/zzzz.png,593,8183A4A35CB53C6CF2DC102247F39817B5CD4650B352B245037F3D83ABBA1A64
02. Mitsubishi/01. gms-1.gxw,1588224,A6E429D05AD745FEA530849D9F14E78740A8DCD47A2ADD25EF92F7E7D0DEDB27
02. Mitsubishi/02. gms-2.gxw,1500160,9C6C2FEF97E558C60D74073F1914B3CBAA02E108DE769D3320C217594153D78A
02. Mitsubishi/03. gms-3.gxw,1835008,D5A45F9EDE167706661941ACDB34922CA689DC1D196AB4CC1D0FC53E661334C9
02. Mitsubishi/Backup/20210830/GMS_1.gxw,2825728,310D91A5376F6405B1C83DFFBDB332CC0878BA9CCED358613F1333EC218EAAFD
02. Mitsubishi/Backup/20210830/GMS_2_1.gxw,1595904,63BF67A790FFA4235F1A818D4E56AF1CD545F120F07DAA3794BA095E1E400037
02. Mitsubishi/Backup/20210830/GMS_2_2.gxw,1396736,35A06B1FDDA1F57834A236C4AB22E3E8930784C4FAE8B8691692699375C251D5
02. Mitsubishi/Backup/20230801/GMS_1.gxw,1576448,3DF8B55A4CDF20282A1308C76E23F838307D0D522E9FBA00908810297A27E625
02. Mitsubishi/Backup/20230801/GMS_2_1.gxw,1503744,774680AA79D4B874BB86FE46ED60E1E2EEC8479EA2759804EDBD3C63B373EC13
02. Mitsubishi/Backup/20230801/GMS_2_2.gxw,1382400,0E610CA65B93A2A7A530345E448EFA5B0ABCE2E98C212BC5115F446DEAA2E89F
02. Mitsubishi/GOT2000/B_GMS.GTX,3036470,8F202ACE1DC7BDB61700CB016E8CA9D590DE9833867B3E447EDA175BC589CEE6
02. Mitsubishi/GOT2000/GMS/B_GMS/_hdb,3063808,AC157FF870677EB275EC3301ED2F6DE272B324EE2F7B60279BF541F6C227090F
02. Mitsubishi/GOT2000/GMS/B_GMS/checkout.xml,378,B4E2F77AA6EE4AE1EAC93ACC2BE399081A8B01083B62573EFA176091E2EC1792
02. Mitsubishi/GOT2000/GMS/B_GMS/dataprotection.xml,7024,8BD6BC2BC9402700A977D67096F622A646CDDB0D29E2B4FC14418CF7D996F3C1
02. Mitsubishi/GOT2000/GMS/B_GMS/history.xml,3689,51E0EC5A7466BE184E10F957284B353B2ED5D27E6393ED629DAEBB149FCE48F9
02. Mitsubishi/GOT2000/GMS/B_GMS/label.xml,372,38F3403C1B451ABE65BD78B6DDAD2C1386FBE0D275FF423B67AE9BF92E28938A
02. Mitsubishi/GOT2000/GMS/B_GMS/labellink.xml,394,C78A7BF3FF44BEE2943D24AFD87A6BCE82C636BB7B9025A5AF9AECFD243C32A7
02. Mitsubishi/GOT2000/GMS/B_GMS/Project.gt32,0,E3B0C44298FC1C149AFBF4C8996FB92427AE41E4649B934CA495991B7852B855
02. Mitsubishi/GOT2000/GMS/B_GMS/projectdatalist.xml,4098,F806C02E46D0975B90A1BFC926D3701958AA75EA2637800C8A9571E5AEDF6162
02. Mitsubishi/GOT2000/GMS/B_GMS/securitylevel.xml,163840,C5AF25C453A76F2128E8BC9E62DBDD902EED0BB748809AEB1BDAC2263231CCB5
02. Mitsubishi/GOT2000/GMS/B_GMS/storedhistory.xml,376,3DA86CE4992D04520A7362157853DF7D4F2082B05EBFD017A950CB676D21496B
02. Mitsubishi/GOT2000/GMS/B_GMS/user.xml,184320,94C05B6CAB6345CDE8130C4141CB9A4A3C2E3C8EE47495CBB4AAC53B47873077
02. Mitsubishi/GOT2000/GMS/projectlist.xml,696,5CD0CFDA5BCF07B6171D26397FCB061031682F81851AAC550661B14B42AE1254
02. Mitsubishi/GOT2000/workspacelist.xml,611,0B664B41283AC9652570BE1C62A8BB16C94EB9134C0FAA1B46F6D83AC7EDAA3C
Cimon/PLC_H/PLC_H_/PLC_H_.CLG,3160,2955FDDA368A972DD694641BA5BA1F5EA6EABD8217B5306637ECEF4FC7A10B32
Cimon/PLC_H/PLC_H_/PLC_H_.DAM,6077,1B6C364445650A27A276EE4920A347A422678E12D783A755455D6A3A55684F9C
Cimon/PLC_H/PLC_H_/PLC_H_.FBI,265328,4D219C0C7D824EDF60FC2AFF79DB098B127F2AD74ACC1B36240B5807F185BC94
Cimon/PLC_H/PLC_H_/PLC_H_.FBIBUFF,265328,F96A1B4C1F2186F1D113D318C64731FC850B5DC289E5DAFBD2CA35BF93FADC7B
Cimon/PLC_H/PLC_H_/PLC_H_.PAR,10176,31CE5DEE797EA0FF28E4F82394F7EA0F4A4F45B650806BBB2C2861ECC99D5B3B
Cimon/PLC_H/PLC_H_/PLC_H_.PLC,1584,4C9D445CF3A396BCF64E83C3DD6BD7A2B8288A736A9256D4C0E1793C1220EBC8
Cimon/PLC_H/PLC_H_/PLC_H_.PPI,92,687317602547E5887B5FAB8815E5E5CCD2F8408C4A2FF525D8CF65B9FC252489
Cimon/PLC_H/PLC_H_/PLC_H_.VAR,224,5F5FDD506235FDD6AFEF52F90AB425CD9A1E99B45B0A80D052019A5750F0AA96
Cimon/PLC_H/PLC_H_0420/PLC_H_0420.CLG,4754,2FD1C8B56E193D1194FBD99C6DF26B37D82D609E2AACC02F60EBEAF1B1D50835
Cimon/PLC_H/PLC_H_0420/PLC_H_0420.DAM,6077,1B6C364445650A27A276EE4920A347A422678E12D783A755455D6A3A55684F9C
Cimon/PLC_H/PLC_H_0420/PLC_H_0420.FBI,265328,4D219C0C7D824EDF60FC2AFF79DB098B127F2AD74ACC1B36240B5807F185BC94
Cimon/PLC_H/PLC_H_0420/PLC_H_0420.FBIBUFF,265328,F96A1B4C1F2186F1D113D318C64731FC850B5DC289E5DAFBD2CA35BF93FADC7B
Cimon/PLC_H/PLC_H_0420/PLC_H_0420.PAR,10176,31CE5DEE797EA0FF28E4F82394F7EA0F4A4F45B650806BBB2C2861ECC99D5B3B
Cimon/PLC_H/PLC_H_0420/PLC_H_0420.PLC,1584,4C9D445CF3A396BCF64E83C3DD6BD7A2B8288A736A9256D4C0E1793C1220EBC8
Cimon/PLC_H/PLC_H_0420/PLC_H_0420.PPI,92,687317602547E5887B5FAB8815E5E5CCD2F8408C4A2FF525D8CF65B9FC252489
Cimon/PLC_H/PLC_H_0420/PLC_H_0420.VAR,31552,B19F876D6E8F6D10BCCABF46B4862CC02CB5618F8ED4DBAA37A1B774531D70A1
Cimon/PLC_H/PLC_H_0420/PLC_H_0420.VAR.VAT,163840,284964A945697C32FEAE8E68137C39BC90BC11DD52E703E2C752CE54971CE36B
Cimon/PLC_H/PLC_H_0420/PLC_H_0420.VAR.VAT.zgz,31330,12D7B362E16B1048105AAEC89980BB998E7DB2C5845B0A30AC03DAACC32238CB
Cimon/PLC_H/PLC_H_0420/Upload/Para0.Up,130,44847CFC8422C6E38D45FCAEA4162C3801D66A357DA5057BAD5B41FE12BD9837
Cimon/PLC_H/PLC_H_0420/Upload/Para1.Up,578,3A48386014B845EFEBA5FC94D915771C9F5C88F6AA24DB1C26E71901803CA8E0
Cimon/PLC_H/PLC_H_0420/Upload/Para2.Up,2096,D812D346EBD53E118C10C68ECD21D42A2F2729FEADCA9DA6922D44FA7C08FBD1
Cimon/PLC_H/PLC_H_0420/Upload/Para3.Up,128,38723A2E5E8A17AA7950DC008209944E898F69A7BD10A23C839D341E935FD5CA
Cimon/PLC_H/PLC_H_0420/Upload/Para4.Up,34,1519EB5D7842DD1ED1F0424610F12A4C77009F73D629BE70D0512EEEDEF47F3E
Cimon/PLC_H/PLC_H_0420/Upload/Para5.Up,130,44847CFC8422C6E38D45FCAEA4162C3801D66A357DA5057BAD5B41FE12BD9837
Cimon/PLC_H/PLC_H_0420/Upload/Pbt000.Up,64,317E75FA3ED92CB486F6C1FF47F389BB773F431C28C10F6850D8D9B0C5BBF821
Cimon/PLC_H/PLC_H_0420/Upload/Pbt001.Up,64,7F83547F6783C6F49C173000ADD22EFF575535848783538D31B57C4749649751
Cimon/PLC_H/PLC_H_0420/Upload/Pbt002.Up,64,F297E0744A7276552D5AA3C9D0B90F6003AFEA5F0D9185CD5FFA1BE41E4520ED
Cimon/PLC_H/PLC_H_0420/Upload/Pbt003.Up,64,808B0410C4D80BEFB3FD8D5AB5944110AAD9D147678B7ADD7B95D536084E1600
Cimon/PLC_H/PLC_H_0420/Upload/Pbt004.Up,64,08FC15F01214CC6BBBE043789F30CE148DB1A1E2944F21FACD6CC558CB0517B8
Cimon/PLC_H/PLC_H_0420/Upload/Pbt005.Up,64,857D33A26B32CD2A4B4012C2EB8D0BE42A8140F92FDE8C7DBEC5DE2D3A133ED7
Cimon/PLC_H/PLC_H_0420/Upload/Pbt006.Up,64,A522F31A81E45BCD437E41E782B8A0E4546C5EF1BC5B3FC513FE379188BA6918
Cimon/PLC_H/PLC_H_0420/Upload/Pbt007.Up,64,E05D618C3B81D4FCF1C641D461E48150250C1C7305853E6B1805D1A13A382977
Cimon/PLC_H/PLC_H_0420/Upload/Pbt008.Up,64,F3BB2A2917B58D55F643C3D888737F9E925DF74DFBA315299563C1798FC3468C
Cimon/PLC_H/PLC_H_0420/Upload/Pbt009.Up,64,DDE3DD4DFB0AED4785C36FBD81F78CEB17FB965B75877BDA7B48DB7E30C17510
Cimon/PLC_H/PLC_H_0420/Upload/Pbt021.Up,64,51F8EDB6BBDD662C0446B79286C9F126A2F2F0E5E1E91BCD55F97BEFEA0A869B
Cimon/PLC_H/PLC_H_0420/Upload/Pbt022.Up,64,844D41BAC3516F869B389D2EFEBB603E637B5A1DFFEF3937C7BC9A1007985027
Cimon/PLC_H/PLC_H_0420/Upload/Pbt023.Up,64,15E735BF5AA6CA3B3C97DD30576EA2046F1AB77FF97BA553F16CF74770F8D9E9
Cimon/PLC_H/PLC_H_0420/Upload/Pbt024.Up,64,488A3C759D38EBF60F5CA52F16360F07409376EA3C1E511403254BB044C5C966
Cimon/PLC_H/PLC_H_0420/Upload/Pbt025.Up,64,5212760CA3C5A3C05D5ABB7C23EECCE8716342F6E73DE349ECD4985D27559CAF
Cimon/PLC_H/PLC_H_0420/Upload/Pbt026.Up,64,8C9865DEF4C78647CC863BC0D425681DD36BEC6210D466DA5865131564A3DDB1
Cimon/PLC_H/PLC_H_0420/Upload/Pbt071.Up,64,35060FC52DFB776BFD91763D93C5347D7E00CAE6BDFAB53DB014ED4321B53894
Cimon/PLC_H/PLC_H_0420/Upload/Pbt072.Up,64,00F0F05DB49026695EE8ED8243630994BF0DCFB3E73F75FC2FB4C2A95A3EE8EB
Cimon/PLC_H/PLC_H_0420/Upload/Pbt091.Up,64,AB62282757D4C28E854D96AF4F5845CEF63DD245AB67A3F5AFA63E4F74FA59C1
Cimon/PLC_H/PLC_H_0420/Upload/Pbt092.Up,64,868FB58DBAEB2E6DBCE61F12B07B4CB52984DE2FC7AFCF5A2A6F1CA17F1D755D
Cimon/PLC_H/PLC_H_0420/Upload/Pbt100.Up,64,94F76D07C86297B974CF63EF2DF7D328050B93C9F75B1015135CD1B1B2F192BB
Cimon/PLC_H/PLC_H_0420/Upload/Pbt127.Up,64,78F1411B0518018C184E7C2D865FE12112EEEEE726FF0810DF449204A1C796F8
Cimon/PLC_H/PLC_H_0420/Upload/Pgm000.Up,1628,ABDCDDBB52332173B9A890A88BCE8181ABD137D5A87D41315A56B63E39EFBDC1
Cimon/PLC_H/PLC_H_0420/Upload/Pgm001.Up,180,7A1625E6D6D752DB3C81DADA4C583227ED6744DBB54819C8AF1685E1C4C41811
Cimon/PLC_H/PLC_H_0420/Upload/Pgm002.Up,1212,0ADF76A10F91664028E595C1E177E5D054D33FAD8537CBDD7D54B100ABEBE78B
Cimon/PLC_H/PLC_H_0420/Upload/Pgm003.Up,10928,AF4F8D2969C20FAB818C5BAC860AD8C8C521655C80E6E29569362B5E8AD61DFE
Cimon/PLC_H/PLC_H_0420/Upload/Pgm004.Up,35236,94EEDA92A36908BC69E313006568BC5F34124EDDE1D45A9DB8C94B8E6770C14A
Cimon/PLC_H/PLC_H_0420/Upload/Pgm005.Up,64016,B65C4EA76EAC9FA2A392895C28BF6FD551B93FE46CBEE886BAC114E159D423A5
Cimon/PLC_H/PLC_H_0420/Upload/Pgm006.Up,64060,D3ACFB6F7180DA4EDA9F93138681EB53B61FC5E3C9CA38CA0AC9F3FBA82DBC25
Cimon/PLC_H/PLC_H_0420/Upload/Pgm007.Up,21976,1C040C278B09396AD1B0B689293DD19F247D459CE2329D946755A4858A2B0810
Cimon/PLC_H/PLC_H_0420/Upload/Pgm008.Up,48,4BCA412A7F288C090E155E425F6EE43633736F57962EE6F5C2880D9FFB252CB5
Cimon/PLC_H/PLC_H_0420/Upload/Pgm009.Up,48,4BCA412A7F288C090E155E425F6EE43633736F57962EE6F5C2880D9FFB252CB5
Cimon/PLC_H/PLC_H_0420/Upload/Pgm021.Up,2100,EF22B4160225EBA8386504249561FD6D936DAE58DDE5AB9697762E8B203D2DBE
Cimon/PLC_H/PLC_H_0420/Upload/Pgm022.Up,2100,AFF7C34E4445D33E869A556B06A0037133409B41944F80C5AD5C87BB054F55E5
Cimon/PLC_H/PLC_H_0420/Upload/Pgm023.Up,2100,BD800BBE7909B73037A9B123871768A94B1D851C32381515232BABA4CC9E9E59
Cimon/PLC_H/PLC_H_0420/Upload/Pgm024.Up,1972,37F72E847A76F3F5A747A4D51C3DE64E41BC9B61BF8F4C2CADAB4A466BEAF0BE
Cimon/PLC_H/PLC_H_0420/Upload/Pgm025.Up,1972,24FB11F79B4BD1B3C946D5514E2D6C26D653E9ABDF749F85CDD52C1536C11E39
Cimon/PLC_H/PLC_H_0420/Upload/Pgm026.Up,2100,26C794D278036A381A5EA5C761204BC8F84FF781218B288BBB7AC512EA7DCB36
Cimon/PLC_H/PLC_H_0420/Upload/Pgm071.Up,9588,729E68B18D0094955843D278BCFF0DA1697D627D7C5873E9F09B6888001B238B
Cimon/PLC_H/PLC_H_0420/Upload/Pgm072.Up,19396,D2587F9B799C5AB5E7EEA4411DA1C6E5D773A98F90C2810595168A73DF3C6FC5
Cimon/PLC_H/PLC_H_0420/Upload/Pgm091.Up,412,B0DAC985C85175A53E91200D040A3F67253C8E60D906712C4A5F840AD1EF47CA
Cimon/PLC_H/PLC_H_0420/Upload/Pgm092.Up,8460,5F4CF6CC17460E7D081CA379A0EEE8C3B9939725628D4659B7C9CBD162230D69
Cimon/PLC_H/PLC_H_0420/Upload/Pgm100.Up,5836,AABD0F10BBE80B34F9A5FFF4587CFAC2CF541CB9B11F161A038DBEB41724FBB3
Cimon/PLC_H/PLC_H_0420/Upload/Pgm127.Up,31340,DA3B4F3E392DA98AF999D37D69A46D47B87B31AAA731DC6E9D51A54B3AD11665
Cimon/PLC_H/PLC_H_v2/PLC_H_v2.CLG,4762,E8732466EF7C1AD181147CCFAFEB9E43D1EF18EA21496EF613617684E36A64DD
Cimon/PLC_H/PLC_H_v2/PLC_H_v2.DAM,6077,1B6C364445650A27A276EE4920A347A422678E12D783A755455D6A3A55684F9C
Cimon/PLC_H/PLC_H_v2/PLC_H_v2.FBI,265328,4D219C0C7D824EDF60FC2AFF79DB098B127F2AD74ACC1B36240B5807F185BC94
Cimon/PLC_H/PLC_H_v2/PLC_H_v2.FBIBUFF,265328,F96A1B4C1F2186F1D113D318C64731FC850B5DC289E5DAFBD2CA35BF93FADC7B
Cimon/PLC_H/PLC_H_v2/PLC_H_v2.PAR,10176,31CE5DEE797EA0FF28E4F82394F7EA0F4A4F45B650806BBB2C2861ECC99D5B3B
Cimon/PLC_H/PLC_H_v2/PLC_H_v2.PLC,1584,4C9D445CF3A396BCF64E83C3DD6BD7A2B8288A736A9256D4C0E1793C1220EBC8
Cimon/PLC_H/PLC_H_v2/PLC_H_v2.PPI,92,687317602547E5887B5FAB8815E5E5CCD2F8408C4A2FF525D8CF65B9FC252489
Cimon/PLC_H/PLC_H_v2/PLC_H_v2.VAR,31552,B19F876D6E8F6D10BCCABF46B4862CC02CB5618F8ED4DBAA37A1B774531D70A1
Cimon/PLC_H/PLC_H.CLG,480,89816FAFE5CD1518B2E22B5202DD2405868531342835C059D0C700D2398974E3
Cimon/PLC_H/PLC_H/BAK/INFO/PLC_H_20250420162755S.FBI,265328,4D219C0C7D824EDF60FC2AFF79DB098B127F2AD74ACC1B36240B5807F185BC94
Cimon/PLC_H/PLC_H/BAK/INFO/PLC_H_20250420165132S.FBI,265328,4D219C0C7D824EDF60FC2AFF79DB098B127F2AD74ACC1B36240B5807F185BC94
Cimon/PLC_H/PLC_H/BAK/INFO/PLC_H_20250420170006S.FBI,265328,4D219C0C7D824EDF60FC2AFF79DB098B127F2AD74ACC1B36240B5807F185BC94
Cimon/PLC_H/PLC_H/BAK/INFO/PLC_H_20250420184201S.FBI,265328,4D219C0C7D824EDF60FC2AFF79DB098B127F2AD74ACC1B36240B5807F185BC94
Cimon/PLC_H/PLC_H/PLC_H_20250420.zip,278072,13C2B9D915CAAC6C08235A8949186B665A2ECABA913420A165A869B1C48EECD3
Cimon/PLC_H/PLC_H/PLC_H.CLG,5020,DD92BF01AA4B5BA04CAF5DE01AAE0A5B8CEC079E906CC5D46E953A100F39E718
Cimon/PLC_H/PLC_H/PLC_H.DAM,6077,1B6C364445650A27A276EE4920A347A422678E12D783A755455D6A3A55684F9C
Cimon/PLC_H/PLC_H/PLC_H.FBI,265328,4D219C0C7D824EDF60FC2AFF79DB098B127F2AD74ACC1B36240B5807F185BC94
Cimon/PLC_H/PLC_H/PLC_H.FBIBUFF,265328,F96A1B4C1F2186F1D113D318C64731FC850B5DC289E5DAFBD2CA35BF93FADC7B
Cimon/PLC_H/PLC_H/PLC_H.PAR,10176,31CE5DEE797EA0FF28E4F82394F7EA0F4A4F45B650806BBB2C2861ECC99D5B3B
Cimon/PLC_H/PLC_H/PLC_H.PLC,1584,4C9D445CF3A396BCF64E83C3DD6BD7A2B8288A736A9256D4C0E1793C1220EBC8
Cimon/PLC_H/PLC_H/PLC_H.PPI,92,687317602547E5887B5FAB8815E5E5CCD2F8408C4A2FF525D8CF65B9FC252489
Cimon/PLC_H/PLC_H/PLC_H.VAR,31552,354AA5B421E81AE85573305766F399117D10DB191781BC7352C0DDCEC894438D
Cimon/PLC_H/PLC_H/PLC_H.VAR.VAT.zgz,31276,D5D5458E5B057D6D77BFD4EEECED033310AE3659F6960D563C54C1D402976592
Cimon/PLC_H/PLC_H/Upload/Para0.Up,130,44847CFC8422C6E38D45FCAEA4162C3801D66A357DA5057BAD5B41FE12BD9837
Cimon/PLC_H/PLC_H/Upload/Para1.Up,578,3A48386014B845EFEBA5FC94D915771C9F5C88F6AA24DB1C26E71901803CA8E0
Cimon/PLC_H/PLC_H/Upload/Para2.Up,2096,D812D346EBD53E118C10C68ECD21D42A2F2729FEADCA9DA6922D44FA7C08FBD1
Cimon/PLC_H/PLC_H/Upload/Para3.Up,128,38723A2E5E8A17AA7950DC008209944E898F69A7BD10A23C839D341E935FD5CA
Cimon/PLC_H/PLC_H/Upload/Para4.Up,34,1519EB5D7842DD1ED1F0424610F12A4C77009F73D629BE70D0512EEEDEF47F3E
Cimon/PLC_H/PLC_H/Upload/Para5.Up,130,44847CFC8422C6E38D45FCAEA4162C3801D66A357DA5057BAD5B41FE12BD9837
Cimon/PLC_H/PLC_H/Upload/Pbt000.Up,64,317E75FA3ED92CB486F6C1FF47F389BB773F431C28C10F6850D8D9B0C5BBF821
Cimon/PLC_H/PLC_H/Upload/Pbt001.Up,64,7F83547F6783C6F49C173000ADD22EFF575535848783538D31B57C4749649751
Cimon/PLC_H/PLC_H/Upload/Pbt002.Up,64,F297E0744A7276552D5AA3C9D0B90F6003AFEA5F0D9185CD5FFA1BE41E4520ED
Cimon/PLC_H/PLC_H/Upload/Pbt003.Up,64,808B0410C4D80BEFB3FD8D5AB5944110AAD9D147678B7ADD7B95D536084E1600
Cimon/PLC_H/PLC_H/Upload/Pbt004.Up,64,08FC15F01214CC6BBBE043789F30CE148DB1A1E2944F21FACD6CC558CB0517B8
Cimon/PLC_H/PLC_H/Upload/Pbt005.Up,64,857D33A26B32CD2A4B4012C2EB8D0BE42A8140F92FDE8C7DBEC5DE2D3A133ED7
Cimon/PLC_H/PLC_H/Upload/Pbt006.Up,64,A522F31A81E45BCD437E41E782B8A0E4546C5EF1BC5B3FC513FE379188BA6918
Cimon/PLC_H/PLC_H/Upload/Pbt007.Up,64,E05D618C3B81D4FCF1C641D461E48150250C1C7305853E6B1805D1A13A382977
Cimon/PLC_H/PLC_H/Upload/Pbt008.Up,64,F3BB2A2917B58D55F643C3D888737F9E925DF74DFBA315299563C1798FC3468C
Cimon/PLC_H/PLC_H/Upload/Pbt009.Up,64,DDE3DD4DFB0AED4785C36FBD81F78CEB17FB965B75877BDA7B48DB7E30C17510
Cimon/PLC_H/PLC_H/Upload/Pbt021.Up,64,51F8EDB6BBDD662C0446B79286C9F126A2F2F0E5E1E91BCD55F97BEFEA0A869B
Cimon/PLC_H/PLC_H/Upload/Pbt022.Up,64,844D41BAC3516F869B389D2EFEBB603E637B5A1DFFEF3937C7BC9A1007985027
Cimon/PLC_H/PLC_H/Upload/Pbt023.Up,64,15E735BF5AA6CA3B3C97DD30576EA2046F1AB77FF97BA553F16CF74770F8D9E9
Cimon/PLC_H/PLC_H/Upload/Pbt024.Up,64,488A3C759D38EBF60F5CA52F16360F07409376EA3C1E511403254BB044C5C966
Cimon/PLC_H/PLC_H/Upload/Pbt025.Up,64,5212760CA3C5A3C05D5ABB7C23EECCE8716342F6E73DE349ECD4985D27559CAF
Cimon/PLC_H/PLC_H/Upload/Pbt026.Up,64,8C9865DEF4C78647CC863BC0D425681DD36BEC6210D466DA5865131564A3DDB1
Cimon/PLC_H/PLC_H/Upload/Pbt071.Up,64,35060FC52DFB776BFD91763D93C5347D7E00CAE6BDFAB53DB014ED4321B53894
Cimon/PLC_H/PLC_H/Upload/Pbt072.Up,64,00F0F05DB49026695EE8ED8243630994BF0DCFB3E73F75FC2FB4C2A95A3EE8EB
Cimon/PLC_H/PLC_H/Upload/Pbt091.Up,64,AB62282757D4C28E854D96AF4F5845CEF63DD245AB67A3F5AFA63E4F74FA59C1
Cimon/PLC_H/PLC_H/Upload/Pbt092.Up,64,868FB58DBAEB2E6DBCE61F12B07B4CB52984DE2FC7AFCF5A2A6F1CA17F1D755D
Cimon/PLC_H/PLC_H/Upload/Pbt100.Up,64,94F76D07C86297B974CF63EF2DF7D328050B93C9F75B1015135CD1B1B2F192BB
Cimon/PLC_H/PLC_H/Upload/Pbt127.Up,64,78F1411B0518018C184E7C2D865FE12112EEEEE726FF0810DF449204A1C796F8
Cimon/PLC_H/PLC_H/Upload/Pgm000.Up,1628,ABDCDDBB52332173B9A890A88BCE8181ABD137D5A87D41315A56B63E39EFBDC1
Cimon/PLC_H/PLC_H/Upload/Pgm001.Up,180,7A1625E6D6D752DB3C81DADA4C583227ED6744DBB54819C8AF1685E1C4C41811
Cimon/PLC_H/PLC_H/Upload/Pgm002.Up,1212,0ADF76A10F91664028E595C1E177E5D054D33FAD8537CBDD7D54B100ABEBE78B
Cimon/PLC_H/PLC_H/Upload/Pgm003.Up,10928,AF4F8D2969C20FAB818C5BAC860AD8C8C521655C80E6E29569362B5E8AD61DFE
Cimon/PLC_H/PLC_H/Upload/Pgm004.Up,35236,94EEDA92A36908BC69E313006568BC5F34124EDDE1D45A9DB8C94B8E6770C14A
Cimon/PLC_H/PLC_H/Upload/Pgm005.Up,64016,B65C4EA76EAC9FA2A392895C28BF6FD551B93FE46CBEE886BAC114E159D423A5
Cimon/PLC_H/PLC_H/Upload/Pgm006.Up,64060,D3ACFB6F7180DA4EDA9F93138681EB53B61FC5E3C9CA38CA0AC9F3FBA82DBC25
Cimon/PLC_H/PLC_H/Upload/Pgm007.Up,21976,1C040C278B09396AD1B0B689293DD19F247D459CE2329D946755A4858A2B0810
Cimon/PLC_H/PLC_H/Upload/Pgm008.Up,48,4BCA412A7F288C090E155E425F6EE43633736F57962EE6F5C2880D9FFB252CB5
Cimon/PLC_H/PLC_H/Upload/Pgm009.Up,48,4BCA412A7F288C090E155E425F6EE43633736F57962EE6F5C2880D9FFB252CB5
Cimon/PLC_H/PLC_H/Upload/Pgm021.Up,2100,EF22B4160225EBA8386504249561FD6D936DAE58DDE5AB9697762E8B203D2DBE
Cimon/PLC_H/PLC_H/Upload/Pgm022.Up,2100,AFF7C34E4445D33E869A556B06A0037133409B41944F80C5AD5C87BB054F55E5
Cimon/PLC_H/PLC_H/Upload/Pgm023.Up,2100,BD800BBE7909B73037A9B123871768A94B1D851C32381515232BABA4CC9E9E59
Cimon/PLC_H/PLC_H/Upload/Pgm024.Up,1972,37F72E847A76F3F5A747A4D51C3DE64E41BC9B61BF8F4C2CADAB4A466BEAF0BE
Cimon/PLC_H/PLC_H/Upload/Pgm025.Up,1972,24FB11F79B4BD1B3C946D5514E2D6C26D653E9ABDF749F85CDD52C1536C11E39
Cimon/PLC_H/PLC_H/Upload/Pgm026.Up,2100,26C794D278036A381A5EA5C761204BC8F84FF781218B288BBB7AC512EA7DCB36
Cimon/PLC_H/PLC_H/Upload/Pgm071.Up,9588,729E68B18D0094955843D278BCFF0DA1697D627D7C5873E9F09B6888001B238B
Cimon/PLC_H/PLC_H/Upload/Pgm072.Up,19396,D2587F9B799C5AB5E7EEA4411DA1C6E5D773A98F90C2810595168A73DF3C6FC5
Cimon/PLC_H/PLC_H/Upload/Pgm091.Up,412,B0DAC985C85175A53E91200D040A3F67253C8E60D906712C4A5F840AD1EF47CA
Cimon/PLC_H/PLC_H/Upload/Pgm092.Up,8460,5F4CF6CC17460E7D081CA379A0EEE8C3B9939725628D4659B7C9CBD162230D69
Cimon/PLC_H/PLC_H/Upload/Pgm100.Up,5836,AABD0F10BBE80B34F9A5FFF4587CFAC2CF541CB9B11F161A038DBEB41724FBB3
Cimon/PLC_H/PLC_H/Upload/Pgm127.Up,31340,DA3B4F3E392DA98AF999D37D69A46D47B87B31AAA731DC6E9D51A54B3AD11665
Cimon/PLC_H/PLC_M/BAK/INFO/PLC_M_20250309162019S.FBI,265328,4D219C0C7D824EDF60FC2AFF79DB098B127F2AD74ACC1B36240B5807F185BC94
Cimon/PLC_H/PLC_M/PLC_M.CLG,1730,A296080D13FF467D54A869A1AD48601973C3D4AA710B2EE70A539E3F3F312203
Cimon/PLC_H/PLC_M/PLC_M.DAM,6077,1B6C364445650A27A276EE4920A347A422678E12D783A755455D6A3A55684F9C
Cimon/PLC_H/PLC_M/PLC_M.FBI,265328,4D219C0C7D824EDF60FC2AFF79DB098B127F2AD74ACC1B36240B5807F185BC94
Cimon/PLC_H/PLC_M/PLC_M.PAR,12336,DA4FE73E2C7FE47A141D2689F53EE33FC8F75545F967853C1E16A3CEC541CDAE
Cimon/PLC_H/PLC_M/PLC_M.PLC,1584,B94EB5B215ABD793ACAD1362C5CC0B567A1F7A259B442D98E8E3711F4D74A095
Cimon/PLC_H/PLC_M/PLC_M.PPI,92,687317602547E5887B5FAB8815E5E5CCD2F8408C4A2FF525D8CF65B9FC252489
Cimon/PLC_H/PLC_M/PLC_M.VAR,224,9C03713238CB9AC7A808769EEE9955ED1E7A17B44F4FA172211901FBE4FE4B22
Cimon/PLC_H/Prj0301_1215/BAK/INFO/Prj0301_1215_20250420185709S.FBI,265328,4D219C0C7D824EDF60FC2AFF79DB098B127F2AD74ACC1B36240B5807F185BC94
Cimon/PLC_H/Prj0301_1215/BAK/PGM/Prj0301_1215.1740806163S.PAR,10176,A371B2E8F38CB7F44154FF5584AD45CEEE173A83CF320C35D72B8A09C8D90CA2
Cimon/PLC_H/Prj0301_1215/BAK/PGM/Prj0301_1215.1745150132S.PAR,12336,758FB7464D3D3DCF0DE9639A7356D068D93F1F6E6F0BE4F6A9AEB1E9933A4374
Cimon/PLC_H/Prj0301_1215/Prj0301_1215_20250420.zip,277258,4C507EFF3731B099B17EAF8F55B01616F400466DD7D0C24CE8BDE86AAD223F05
Cimon/PLC_H/Prj0301_1215/Prj0301_1215.CLG,2634,11461754892657DC4F88459BE0CE5B448247F6D46CE265DFBD4E9D4223C887E7
Cimon/PLC_H/Prj0301_1215/Prj0301_1215.DAM,6077,1B6C364445650A27A276EE4920A347A422678E12D783A755455D6A3A55684F9C
Cimon/PLC_H/Prj0301_1215/Prj0301_1215.FBI,265328,4D219C0C7D824EDF60FC2AFF79DB098B127F2AD74ACC1B36240B5807F185BC94
Cimon/PLC_H/Prj0301_1215/Prj0301_1215.FBIBUFF,265328,F96A1B4C1F2186F1D113D318C64731FC850B5DC289E5DAFBD2CA35BF93FADC7B
Cimon/PLC_H/Prj0301_1215/Prj0301_1215.PAR,12336,9BDDA293AA7AB43C0524FB2B990D4911D71544B0CA448D8194616F16807F1BBE
Cimon/PLC_H/Prj0301_1215/Prj0301_1215.PLC,1584,BF93FDFD833EA603F96E2D578F1FDC632769AFFF0B5458EC9DDCD4204A41BBC9
Cimon/PLC_H/Prj0301_1215/Prj0301_1215.PPI,92,687317602547E5887B5FAB8815E5E5CCD2F8408C4A2FF525D8CF65B9FC252489
Cimon/PLC_H/Prj0301_1215/Prj0301_1215.VAR,224,C7BCCEBE42B872F6F0650E815C38470A33DA6C547DDAD2A65B30DFB8A8CA7E55
CimonPLC/PLC_M/BAK/INFO/PLC_M_20250309162313S.FBI,265328,4D219C0C7D824EDF60FC2AFF79DB098B127F2AD74ACC1B36240B5807F185BC94
CimonPLC/PLC_M/PLC_M.CLG,1664,B066720BDA9FCA3824E6C63D54A889C80F77BA4EF576295A10D8AFDBFD5A6B80
CimonPLC/PLC_M/PLC_M.DAM,6077,1B6C364445650A27A276EE4920A347A422678E12D783A755455D6A3A55684F9C
CimonPLC/PLC_M/PLC_M.FBI,265328,4D219C0C7D824EDF60FC2AFF79DB098B127F2AD74ACC1B36240B5807F185BC94
CimonPLC/PLC_M/PLC_M.FBIBUFF,265328,F96A1B4C1F2186F1D113D318C64731FC850B5DC289E5DAFBD2CA35BF93FADC7B
CimonPLC/PLC_M/PLC_M.PAR,12336,C4C7DA5A64A2B1C67D5462B84F563D31F604EA7BE4055305DA3EC43AE3ADF885
CimonPLC/PLC_M/PLC_M.PLC,1584,BD40B7533385D829370B365C498007EF977B6157E3E661F7F447F0250D5C0BB3
CimonPLC/PLC_M/PLC_M.PPI,92,687317602547E5887B5FAB8815E5E5CCD2F8408C4A2FF525D8CF65B9FC252489
CimonPLC/PLC_M/PLC_M.VAR,224,EACF7F961D73D5D9694827BF766B3FE4B6CC77BC9F716C137188C55823FB2F26
Factory A/PLC_H/Analog_Out.SRC,287648,A36287A61E9434A2A6250AF6F97293CF58E938FEBF14D9189E467E4BC3FF562E
Factory A/PLC_H/Auto_AHU101.SRC,104384,94DDD21772CA10BDB4DC0B072EA3C08199CA85C4C08F9F5385E86B1D3E4A2EB0
Factory A/PLC_H/Auto_AHU102.SRC,104384,86EB2276F06C3C0D36E780319246F1C081F4EDA64ECB47CCAA6C6E1DEFBA7CC9
Factory A/PLC_H/Auto_AHU103.SRC,104384,74997E066E963890BA7D5299A5C910706F2F007D201463D6306A468BE19E0245
Factory A/PLC_H/Auto_AHU104.SRC,96128,C28015F96ADDFF413AFA5F7A4DFBE2EE6A99F4106305A013F2DC6C4E0895C811
Factory A/PLC_H/Auto_AHU105.SRC,96128,071358B80E880359BA056A169C472D69C311FB7B47D44B0348DAECE92966A5C7
Factory A/PLC_H/Auto_AHU106.SRC,104384,A7A009C3E2A6C876541018F388A67AD065EEDFAEAF2D70518716D61038E9407C
Factory A/PLC_H/BAK/INFO/PLC_H_20241227183928S.FBI,265328,4D219C0C7D824EDF60FC2AFF79DB098B127F2AD74ACC1B36240B5807F185BC94
Factory A/PLC_H/BAK/INFO/PLC_H_20250227082240S.FBI,265328,4D219C0C7D824EDF60FC2AFF79DB098B127F2AD74ACC1B36240B5807F185BC94
Factory A/PLC_H/BAK/INFO/PLC_H_20250227082916S.FBI,265328,4D219C0C7D824EDF60FC2AFF79DB098B127F2AD74ACC1B36240B5807F185BC94
Factory A/PLC_H/BAK/INFO/PLC_H_20250227083324S.FBI,265328,4D219C0C7D824EDF60FC2AFF79DB098B127F2AD74ACC1B36240B5807F185BC94
Factory A/PLC_H/CMTPGM000.SRC,64102,767A4A84B6A8B3F12BF9BB02717185FEC18CD9B1E2E5EFC11B10887C4221AFE1
Factory A/PLC_H/CMTPGM001.SRC,64146,09F0355318C62B5B23680430FF9AB073BF6446E0BA6B40009A28DE2350432AC9
Factory A/PLC_H/CMTPGM002.SRC,22062,4FCC3708BE3DC49ACBACFD801231C69BDE41411AE555A46ED3B4199AB142A985
Factory A/PLC_H/CMTPGM003.SRC,134,C5BBDF2A17E07EDD5CCFF435EA36C1009F72452E23C3F51A1704B8E92100383F
Factory A/PLC_H/CMTPGM004.SRC,134,65331388C7336756F28F5F0D479B3D04259776696165798AE10FF8A3B4A841EF
Factory A/PLC_H/Digital_A_M.SRC,747312,CFD6A2E3D456F3C11377FDFA9D7F64BA9C0E3CBCA83BBD9C38B83967BB5373E4
Factory A/PLC_H/Digital_In.SRC,102464,4106FE8F8FB56AEA25690560477F6E3999E8EAEA55AAAA1DD6D99B2A386F1C7F
Factory A/PLC_H/Digital_Out.SRC,34704,95EC7F7257F562FE07020F2E416CE155FD6A1B96DAF924A1991BFBD943ADAFA5
Factory A/PLC_H/DO_AO_Map.SRC,8624,F4267E150CFE29F16C5168A3743BFFCDA2DC63753049D95F598E6617DF714E37
Factory A/PLC_H/Global/GlobalVar.GLA,100,D17185907DCF31B64DB3BDEC90EB10927B6C7E8E3E451DD180F4B3889F7651AB
Factory A/PLC_H/Global/GlobalVar.GLS,100,D17185907DCF31B64DB3BDEC90EB10927B6C7E8E3E451DD180F4B3889F7651AB
Factory A/PLC_H/Global/GlobalVar.GLV,100,D17185907DCF31B64DB3BDEC90EB10927B6C7E8E3E451DD180F4B3889F7651AB
Factory A/PLC_H/Init.SRC,67008,2CA59D900F80CBC4FF0DCAD7876C21CBC9B6A889E672DEA76A107211BD3A05F3
Factory A/PLC_H/PLC_H.CLG,6784,3835D1E2E8D08A953134CB5FD4264CE2CD29351F9578C2C8CF359E459B11E387
Factory A/PLC_H/PLC_H.DAM,6077,1B6C364445650A27A276EE4920A347A422678E12D783A755455D6A3A55684F9C
Factory A/PLC_H/PLC_H.FBI,265328,4D219C0C7D824EDF60FC2AFF79DB098B127F2AD74ACC1B36240B5807F185BC94
Factory A/PLC_H/PLC_H.PAR,12352,BE3648FBA5EB69FF02AAFDF2E7AA82E62E7A5D7C3C052F6B38CF21674D5AF841
Factory A/PLC_H/PLC_H.PLC,2848,7EEFDA1A33BE98C9EB9D243D0F792A4E4018029481DC6E3AC339F307DE41C327
Factory A/PLC_H/PLC_H.PMT,257,1917DC78832E5F9A67F29DAE65BA18E6007BAE3AB7D5A280CB47DFDEE2B5C92F
Factory A/PLC_H/PLC_H.PPI,92,687317602547E5887B5FAB8815E5E5CCD2F8408C4A2FF525D8CF65B9FC252489
Factory A/PLC_H/PLC_H.SHF,1,6E340B9CFFB37A989CA544E6BB780A2C78901D3FB33738768511A30617AFA01D
Factory A/PLC_H/PLC_H.VAR,172496,F21C0D3D1F4BE21BEF6F7472916545631D07605A8BC3EC405950D19B5F0F5DF3
Factory A/PLC_H/Upload/Pbt003.Up,64,808B0410C4D80BEFB3FD8D5AB5944110AAD9D147678B7ADD7B95D536084E1600
Factory A/PLC_H/Valve_PID.SRC,252336,6CE79C9337556BDC7C4877F018D9B2553F7362B6BD811D4676F66D57C17D3117
Factory A/PLC_M/Analog_A_M.SRC,864,2B152AC5D2B1DFB382897F61884C83D5B8BFB267A1E6BE033DCE548F560F6F71
Factory A/PLC_M/Analog_Alarm.SRC,193264,72EA87A9CBBEF0D2060F4CDF66C7228DD66ECB34553E5CC8D8D3D72DBE94A2BD
Factory A/PLC_M/Analog_In.SRC,54096,38486E068181388A46FD92AA1377FB3333CDED752AD6731A39E5DD15BDDEA5F3
Factory A/PLC_M/Analog_Out.SRC,19040,4643C902CB106D36C996651CBFA6D7D89722C01992793A801EEBE628B592E9D4
Factory A/PLC_M/BAK/INFO/PLC_M2_20241227190029S.FBI,265328,B31452B912E3F6E4F733470D2C167715E76DE96D9714805AE342A9711B8A3170
Factory A/PLC_M/BAK/INFO/PLC_M2_20250309161758S.FBI,265328,1FDC32AD0BA0EF75546A08C0F94CD29B715B8CC141475178C61A3A19E2A3C629
Factory A/PLC_M/BAK/INFO/PLC_M2_20250309162222S.FBI,265328,4D219C0C7D824EDF60FC2AFF79DB098B127F2AD74ACC1B36240B5807F185BC94
Factory A/PLC_M/BAK/INFO/PLC_M2_20250309162415S.FBI,265328,4D219C0C7D824EDF60FC2AFF79DB098B127F2AD74ACC1B36240B5807F185BC94
Factory A/PLC_M/BAK/INFO/PLC_M2_20250309162435S.FBI,265328,4D219C0C7D824EDF60FC2AFF79DB098B127F2AD74ACC1B36240B5807F185BC94
Factory A/PLC_M/CMTPGM000.SRC,12762,D39C8908BFCBE7E8E67E2608B2F632303AE51CB29E4396AE400AA6F4CFABD7E9
Factory A/PLC_M/Init.SRC,70368,E945FBBEE34601279C9AD40E3BA4EB05CCF0848FBEB98FF02A024F52A700C996
Factory A/PLC_M/Pgm005.SPC,208,B452EDEF477BFA510178AA735130C72F5F68E614C64E69606B7525E31A10D139
Factory A/PLC_M/PLC_M2.CLG,1884,D90295645DC46667BAEA8AA93E7C5EBE473A641F91B26197290785581441F0D2
Factory A/PLC_M/PLC_M2.DAM,6077,1B6C364445650A27A276EE4920A347A422678E12D783A755455D6A3A55684F9C
Factory A/PLC_M/PLC_M2.FBI,265328,4D219C0C7D824EDF60FC2AFF79DB098B127F2AD74ACC1B36240B5807F185BC94
Factory A/PLC_M/PLC_M2.PAR,12352,ECE8E5290F5FDC0C10F339BCCB59F3F3EE30EF44A67E5F78238EDCE005D9B10F
Factory A/PLC_M/PLC_M2.PLC,1888,535C22EE4C5763D9A9C9B1D89F7F923D2218CE1C1E9CFFF9997FD638BCF948B4
Factory A/PLC_M/PLC_M2.PPI,92,687317602547E5887B5FAB8815E5E5CCD2F8408C4A2FF525D8CF65B9FC252489
Factory A/PLC_M/PLC_M2.VAR,240,42F85B75431DA0CE53AE301BC136C6CE07FE4633C4142F9E5D9101AA5E4408B2
Factory A/PLC_M/PLC_M2.VARBUFF,0,E3B0C44298FC1C149AFBF4C8996FB92427AE41E4649B934CA495991B7852B855
Factory A/PLC_M/PLC_M2.VARBUFFBUFF,240,42F85B75431DA0CE53AE301BC136C6CE07FE4633C4142F9E5D9101AA5E4408B2
Factory A/PLC_M/Upload/Pbt005.Up,64,B7FB1B30B71ABCA1F61010F3C1C69E3954DB1884B4A4A16EA90842D929842535
Factory A/PLC_U/Analog_A_M.SRC,186432,C4178EA47CF352E58E726497BDDD572C3769AECC75BDFFFD1F31B075E1394F00
Factory A/PLC_U/Analog_Alarm.SRC,652928,B17CF28DFC8AC41EDC3FC2F575A718A33EA96376E54AE5E5D252E3ED32E3DA3C
Factory A/PLC_U/Analog_In.SRC,172560,1CC6DED95D60D767B6AE2C3A41697670179C4BE7E48D2B8F7D3045577F6C5A99
Factory A/PLC_U/Analog_Out.SRC,54640,FF7C6FABC46845FE0FDCD1866AD2AF8C9EE1A72A81B2A2001EE3A0E58C59B035
Factory A/PLC_U/Auto_AC_Heat.SRC,1680,351B18798754E012E0039F7D70CDE2FFE5FE22F6E3EC6E14DA8A4310FFD5DF1A
Factory A/PLC_U/Auto_Chiller.SRC,40528,7F70944F8F3909A14EA6345C37CC84E45E3637F7E03B9B73205DB85E4CC1B966
Factory A/PLC_U/Auto_Comp.SRC,19056,FD72183B8FBAB9D11C91193EB9DFD632BFE27AA1BAAFA1E57C5045F8C7FBF193
Factory A/PLC_U/Auto_Heating.SRC,17888,80C017B720943CF6F2F99E9A8CDE352F44AD924CFCCA340850C539EF2987A83F
Factory A/PLC_U/Auto_PCW.SRC,224208,6E197D27D885A01966472462CF86F2F3B897F1FE1D347F4978C87A16AADFB0C5
Factory A/PLC_U/Auto_Vacuum.SRC,19056,261E4A128C830F2B99EE5EE304159B2E153EBECC6764633747E90EB793199DFB
Factory A/PLC_U/BAK/INFO/PLC_U_20241227184334S.FBI,265328,BF13C728A359244B454719DB562594C6DC4DDD7EB18B75ABDC87B850496A1245
Factory A/PLC_U/BAK/INFO/PLC_U_20250505142740S.FBI,265328,391BD47079E1A119EE746A386E3922230B0FEA82112DAF51248C24A29A4F90CB
Factory A/PLC_U/BAK/INFO/PLC_U_20250505142848S.FBI,265328,27672FE6032F8DEB1B88BA865D7347BE643743F9CDF89BC37D88C982BD1C65D8
Factory A/PLC_U/BAK/INFO/PLC_U_20250505142854S.FBI,265328,6F784A01BD440C38A6E849E166BE58D7235E7136DC552625A7C97DAE3FDE4B7C
Factory A/PLC_U/BAK/INFO/PLC_U_20250505142919S.FBI,265328,59F747492B5539D0B41EC689CA8B7EE958B1D0FFADC0FE93A2ACC7283C4E0602
Factory A/PLC_U/CDA.SRC,6016,FC72438766D9D6594374DE4B7DBCE2468D80631BBD96A1A19E5A8CD96410505E
Factory A/PLC_U/CH_Alarm.SRC,1849904,F88EEBAB60810785E36F045681F3ABC0060D4A2AECEA457EA1CE517FF5756A3B
Factory A/PLC_U/COMP_ALARM.SRC,570896,5E7BA476A2FEA25E67FB037C90FFA340201175B69948597BDA0BD90D80826C2C
Factory A/PLC_U/Digital_A_M.SRC,924272,B829BB91B407C034AA65CA5326A2473640B684160CE38335FA3237D0B73383FD
Factory A/PLC_U/Digital_In.SRC,173120,37552519D79D9011CBFA9D6DC99603D39013F45891AC5C3A3A289A7DF3E055DD
Factory A/PLC_U/Digital_Out.SRC,73616,CF9AD4216B5238B974DDFC91914EDB4664C9211E17DE5DCCC9CD5036C5FE50F7
Factory A/PLC_U/DO_AO_MAP.SRC,10320,9A4429C7E62E466E0D6D45C0D087C2D7E27D820AA5858DDAD78D344DA2D5F4C4
Factory A/PLC_U/Flow_Total.SRC,864,0E3EADCBFF294C8142823E36808938B1F5C275CFDF2B15AF36A0B360234BABD0
Factory A/PLC_U/Init.SRC,2128,03C7CCA0076D77E2C072D92C70E92222EDA56F446AA6CF897148B022FBDC1419
Factory A/PLC_U/PID_Valve.SRC,169808,7D5ED9D9DFC24E19F0E38F2A8A06AADA940133EE4DCF393DE9F2AA564454970D
Factory A/PLC_U/PLC_U.CLG,6130,5C7650C20A278F91118B89683F9723C51E689329636BD560B58626EFCE0B843D
Factory A/PLC_U/PLC_U.DAM,6077,1B6C364445650A27A276EE4920A347A422678E12D783A755455D6A3A55684F9C
Factory A/PLC_U/PLC_U.FBI,265328,4D219C0C7D824EDF60FC2AFF79DB098B127F2AD74ACC1B36240B5807F185BC94
Factory A/PLC_U/PLC_U.FBIBUFF,265328,F96A1B4C1F2186F1D113D318C64731FC850B5DC289E5DAFBD2CA35BF93FADC7B
Factory A/PLC_U/PLC_U.PAR,12352,E807B6E05AC22A54DBA573079C576EFD923350E3564C177DB5D0B677BEECA8F8
Factory A/PLC_U/PLC_U.PLC,1568,D0E3BDE12429976D8BB9704E5CE856504CEE773D385E30FBC19D458665711D1E
Factory A/PLC_U/PLC_U.PPI,92,687317602547E5887B5FAB8815E5E5CCD2F8408C4A2FF525D8CF65B9FC252489
Factory A/PLC_U/PLC_U.VAR,368,3B3EF47F63BB0FB06C23202036E1503F3C873C3E90450866D9C50E5A0B12A960
Factory A/PLC_U/PLC_U.VAR.VAT,0,E3B0C44298FC1C149AFBF4C8996FB92427AE41E4649B934CA495991B7852B855
Factory A/PLC_U/PLC_U.VAR.VAT.zgz,149,C6AD25A796C749DFA2111CDD48DFE80D0D7232DA53C3438639EE829803605D70
Factory A/PLC_U/RS485_01.SPC,1520,2D421BF9D96BB63D1311DF2EDAE85297CC6E6FDAD2D934012748C76F5AC46F06
Factory A/PLC_U/RS485_02.SPC,1520,7DA0B2C3533FD091A70529FE940BEFEE4C9858D8DD403B21047E4E64628A2DD9
Factory A/PLC_U/RS485_CH.SRC,40528,AE9F230F89D2C47648A3175EB102C1E2CCFA934BDA7E64FD939DA957FC7AFA41
Factory A/PLC_U/RS485_COMP.SRC,38256,BA8E5AFB586D6A863DDC8096EE3980B701324CE39DBC01F29F384BEAE852450D
Factory A/PLC_W/Analog_Alarm.SRC,176736,18FE844A6C5B840EBB919E1E638F12456380ED93B4EB4630C2A7E1F0BA6BEEA0
Factory A/PLC_W/Analog_In.SRC,38848,0728A52F72B91244EFEAFBA03492ACA73AC32933A987F5F19F56C12CF827B823
Factory A/PLC_W/Auto_1st.SRC,65312,98BA6A6F152CCBB6F9040526C9FE7A3CF4CC8AF1583E6996F976661BE01CD58B
Factory A/PLC_W/Auto_2nd.SRC,147488,8422C5B7E80BDECE1D6B284B2B38B2C49B5F34DE72C5FDC1D7BF112229A89B39
Factory A/PLC_W/Auto_3nd.SRC,152048,130131E9984C35E18809AC9D47CD564A21FE2DA06873FAAA7CA171FA954F87C4
Factory A/PLC_W/BAK/FBD/BACK_UPLOAD_FBPGM/20241227_184428/Pbt000.Up,64,1F5A321301A4817A1367BF1F0399F9C7379AF8CCE71491E165CB786E43F9BBF3
Factory A/PLC_W/BAK/FBD/BACK_UPLOAD_FBPGM/20241227_184428/Pbt001.Up,64,439461618EC82F10E7192664AA0DEF1F475415ADF839162A8D1384083AE54F31
Factory A/PLC_W/BAK/FBD/BACK_UPLOAD_FBPGM/20241227_184428/Pbt002.Up,64,5F99B2F83F172150CDBCE15BD33A07176B5FF57E8679582229D0F65279A5CD66
Factory A/PLC_W/BAK/FBD/BACK_UPLOAD_FBPGM/20241227_184428/Pbt003.Up,64,D8BBEC2306A20BB48971E5AE82E7EADDA102995954C4F3D6E195EDD6E3FB3678
Factory A/PLC_W/BAK/FBD/BACK_UPLOAD_FBPGM/20241227_184428/Pbt004.Up,64,6D15D1A17458394F3831B668D0E634BBA9D20C36A23BFEBCE2252DF8B4320DF1
Factory A/PLC_W/BAK/FBD/BACK_UPLOAD_FBPGM/20241227_184428/Pbt005.Up,64,58A248E18EDAC84652B516F9CBAE1A7192306D62EFEC120D5A54CE3EBDB25851
Factory A/PLC_W/BAK/FBD/BACK_UPLOAD_FBPGM/20241227_184428/Pbt006.Up,64,9C94C8D5452D05C04876BB99D8CAD50F63654CAC3E42AC7F68DED30D642E4942
Factory A/PLC_W/BAK/FBD/BACK_UPLOAD_FBPGM/20241227_184428/Pbt007.Up,64,58BF7667F908899454CA2BFC7A2002E85284646AF2B225424AF7A122E68CAA30
Factory A/PLC_W/BAK/FBD/BACK_UPLOAD_FBPGM/20241227_184428/Pbt008.Up,64,B1215883844F6CEAAFAD851F76FB243D42E3D84E5A24D6456FA031BA18229E97
Factory A/PLC_W/BAK/FBD/BACK_UPLOAD_FBPGM/20241227_184428/Pbt009.Up,64,261F9A4F96E52CAEFE8C01F21BF50F9DDA31391A73C284E7C0F72FA78F043053
Factory A/PLC_W/BAK/FBD/BACK_UPLOAD_FBPGM/20241227_184428/Pbt010.Up,64,9311D9958028AD11A21630EF4BDDD6776C56A450DBACA2EC537D0A63854BA5E1
Factory A/PLC_W/BAK/FBD/BACK_UPLOAD_FBPGM/20241227_184428/Pbt011.Up,64,96BF87D5563DF369912FF8D19A8BC8E5ED483F7479C87A4C58F88CDBE1000401
Factory A/PLC_W/BAK/FBD/BACK_UPLOAD_FBPGM/20241227_184428/Pbt021.Up,64,89D1E5D56B80B0440CE9677EE0C0E2F8BE145B6CF7A89E604DA17D7CEDB7A616
Factory A/PLC_W/BAK/FBD/BACK_UPLOAD_FBPGM/20241227_184428/Pbt022.Up,64,29082371D12362B4078F2D07E9F9CEC76F3D7E23F87D6EC4D04CDE4989B26774
Factory A/PLC_W/BAK/FBD/BACK_UPLOAD_FBPGM/20241227_184428/Pbt071.Up,64,1F4586D2D03B6DBFEBA9B5D19E107E19F7F12FAA9F0C1F4D6FC212271784665A
Factory A/PLC_W/BAK/FBD/BACK_UPLOAD_FBPGM/20241227_184428/Pbt091.Up,64,43AF77D4AE5D9F309E24EEF8B66229E97414CF6E4A0630377B07429CDA4D75A0
Factory A/PLC_W/BAK/FBD/BACK_UPLOAD_FBPGM/20241227_184428/Pbt127.Up,64,ED10E1B66DDB2C552D60E9AABED8E5282B97442130E8F7E2F3D00D2194F1ED30
Factory A/PLC_W/BAK/FBD/BACK_UPLOAD_FBPGM/20241227_184428/Pgm000.Up,1780,9C787283C1350B63990C49C477A339ACC688CD5424AF07D9BF5E14001EC64CFC
Factory A/PLC_W/BAK/FBD/BACK_UPLOAD_FBPGM/20241227_184428/Pgm001.Up,2440,57CF5B4ECB88B4DD976DBCD211CA014829FC8656459F9DC29FE5FBC465A57079
Factory A/PLC_W/BAK/FBD/BACK_UPLOAD_FBPGM/20241227_184428/Pgm002.Up,1468,E6A3C91C505DA8DBF1EF1F1BC4E9F62F8CC86AF688933C063EB31A29BBC14014
Factory A/PLC_W/BAK/FBD/BACK_UPLOAD_FBPGM/20241227_184428/Pgm003.Up,3364,73CFA727A2681201801CFEF0F22B4A8DB68A0D1676833A45F87D623FB985D342
Factory A/PLC_W/BAK/FBD/BACK_UPLOAD_FBPGM/20241227_184428/Pgm004.Up,2680,23AA5BCE5B86AD95CADB67F928C9B0C5947E7809C2312A3A15EE0257C793A167
Factory A/PLC_W/BAK/FBD/BACK_UPLOAD_FBPGM/20241227_184428/Pgm005.Up,164,2F890BD53AE9218E4259D50F42F02AA72481425058206512BE1D6B1C7CFEF70E
Factory A/PLC_W/BAK/FBD/BACK_UPLOAD_FBPGM/20241227_184428/Pgm006.Up,188,317FD522BFA353E81D83E2858013484110C87823BEA130AE83FB719B33ED2BA8
Factory A/PLC_W/BAK/FBD/BACK_UPLOAD_FBPGM/20241227_184428/Pgm007.Up,39192,A331D7BEE9186EA29B9D1DD7CD6905BD719C470EB156586CE7755B6ACA433AE4
Factory A/PLC_W/BAK/FBD/BACK_UPLOAD_FBPGM/20241227_184428/Pgm008.Up,48,4BCA412A7F288C090E155E425F6EE43633736F57962EE6F5C2880D9FFB252CB5
Factory A/PLC_W/BAK/FBD/BACK_UPLOAD_FBPGM/20241227_184428/Pgm009.Up,48,4BCA412A7F288C090E155E425F6EE43633736F57962EE6F5C2880D9FFB252CB5
Factory A/PLC_W/BAK/FBD/BACK_UPLOAD_FBPGM/20241227_184428/Pgm010.Up,48,4BCA412A7F288C090E155E425F6EE43633736F57962EE6F5C2880D9FFB252CB5
Factory A/PLC_W/BAK/FBD/BACK_UPLOAD_FBPGM/20241227_184428/Pgm011.Up,48,4BCA412A7F288C090E155E425F6EE43633736F57962EE6F5C2880D9FFB252CB5
Factory A/PLC_W/BAK/FBD/BACK_UPLOAD_FBPGM/20241227_184428/Pgm021.Up,808,5837F4BA97EA6DDA66EDD7ADC5A6333E28150B25CF371E3CB1AE643AAFE43069
Factory A/PLC_W/BAK/FBD/BACK_UPLOAD_FBPGM/20241227_184428/Pgm022.Up,2488,8AFCB12B8D9CBA491C377501D95A2E08E3AD25DF0FE41D1209301ABC6803777C
Factory A/PLC_W/BAK/FBD/BACK_UPLOAD_FBPGM/20241227_184428/Pgm071.Up,11860,ABF2C93FE9F106F0C4E446C043B725630D8D777F8418E1C419FC279578407FD3
Factory A/PLC_W/BAK/FBD/BACK_UPLOAD_FBPGM/20241227_184428/Pgm091.Up,1112,C4555DF643EEF8F4843FF501BAC2702D9C215BD6EFF0F1FD474C07C3F16CE947
Factory A/PLC_W/BAK/FBD/BACK_UPLOAD_FBPGM/20241227_184428/Pgm127.Up,836,1E65B65C16934DD6714B29F3E8DC40EC520598E27DAFAA61406E6F70D8291D76
Factory A/PLC_W/BAK/INFO/PLC_W_20160831182531S.FBI,265440,2C43AA0819F51A1E0932D5C4CC460F79026C94E18DA456BB14B90F9324E9AC73
Factory A/PLC_W/BAK/INFO/PLC_W_20160831182813S.FBI,265440,1746CDBC9FB61F11BD87C7A125139B88831FC68A63866ED4EC7EEF8E56D30AC9
Factory A/PLC_W/BAK/INFO/PLC_W_20160831184954S.FBI,265440,CB78C781B7600A498EF9157BB49460B5B45E8C2504D2775D3A1461F0CA1271C1
Factory A/PLC_W/BAK/INFO/PLC_W_20160831185056S.FBI,265440,CB78C781B7600A498EF9157BB49460B5B45E8C2504D2775D3A1461F0CA1271C1
Factory A/PLC_W/BAK/INFO/PLC_W_20160909181924S.FBI,265440,CB78C781B7600A498EF9157BB49460B5B45E8C2504D2775D3A1461F0CA1271C1
Factory A/PLC_W/BAK/INFO/PLC_W_20241227184446S.FBI,265440,3652F2088FED177AFF74F38EFD413BFC52343FA1EB71FD0D4A127CF197DC8B6E
Factory A/PLC_W/BAK/INFO/PLC_W_20241227184540S.FBI,265440,8540C6E726F1FF41DF5F6A970462CE46355568226C03FFA6CFD6492BE3E890EA
Factory A/PLC_W/BAK/PGM/PLC_W.1722590069S.VAR,3424,0D539FB678A5F84CFAAAFAAA5F706BD50E57191AB91D17A16A8BE6D03312AA0D
Factory A/PLC_W/CMTPGM000.SRC,39278,9F5862A6FE42F9EFD1FCD944FB4E860055C562BE56EE3CD3970CD8A8A7402C2B
Factory A/PLC_W/CMTPGM001.SRC,134,C5BBDF2A17E07EDD5CCFF435EA36C1009F72452E23C3F51A1704B8E92100383F
Factory A/PLC_W/CMTPGM002.SRC,134,65331388C7336756F28F5F0D479B3D04259776696165798AE10FF8A3B4A841EF
Factory A/PLC_W/CMTPGM003.SRC,134,9DF0AC0F8B03DB23E3A240CBEEDCE35D2BB2EC6319F94384D8C5C5B03358795B
Factory A/PLC_W/CMTPGM004.SRC,134,63D965042FED0A1097C075831A0FC0F9111186E39C77BAD6EC27169A3105D1BF
Factory A/PLC_W/Digital_A_M.SRC,926944,3A720516FEFFFC8910EA897D367A9C7A6309C398246F8FC79718C1979A0174DE
Factory A/PLC_W/Digital_In.SRC,206656,EC80826AEF307BB3AEB8EDED5B97F61AF83FA107A4DDE86031EE4FA9FD3E0566
Factory A/PLC_W/Digital_Out.SRC,93952,83F1A393A2E487959ED08F4947033ABA6DE586B67A30A0F20D643A86DF9520E7
Factory A/PLC_W/Flow_Total.SRC,8624,D3B2C8D74714ADA255C08BF295B3A31BA0A2B1CDF51A12AB2363811D5FA6C970
Factory A/PLC_W/Init.SRC,73248,4237E34E4984B3DA2F5E558215B6B9E42034040B406B1CE20359A987469986E6
Factory A/PLC_W/PgmFbBackGnd.SRC,5568,68E6F08D44732E02A4EBD0BAAF73A5FEDF515AB215370157769AA6CAD143B885
Factory A/PLC_W/PLC_W.CLG,5966,9473828077F0CAF06FF1CA77517F61DA2A2A692132CA27931A9D4C95783EA1B7
Factory A/PLC_W/PLC_W.DAM,6081,58965FA17A422ECC4304492FB3918BC6DC5C4ED6B89E214A44851F296808C942
Factory A/PLC_W/PLC_W.FBI,265440,CB78C781B7600A498EF9157BB49460B5B45E8C2504D2775D3A1461F0CA1271C1
Factory A/PLC_W/PLC_W.PAR,12352,66E5C16876D37FE6FDE087CD71AB42A02C5AE72C61C8F053CC019DAFB07EFC05
Factory A/PLC_W/PLC_W.PDM,0,E3B0C44298FC1C149AFBF4C8996FB92427AE41E4649B934CA495991B7852B855
Factory A/PLC_W/PLC_W.PLC,2096,A91B9CABA94796F6EE134CFA703FC89EF57CB1953E2B9F881212B5C814445162
Factory A/PLC_W/PLC_W.PPI,330,6E298D954FBB19D6ED5A49C9FC68962FC886EB27A0A465148A2308DFC5B0622B
Factory A/PLC_W/PLC_W.VAR,3408,86FD331FA09C4015707E7461262EF98F8F5F0801B822AAF16394E478339EC46A
Factory A/PLC_W/PLC_W/PLC_W.CLG,1060,9F89EAD450DD7434B3807F5CC208461D9D6643C7B9201856ACBC51CA7D635059
Factory A/PLC_W/Upload/Pbt000.Up,64,1F5A321301A4817A1367BF1F0399F9C7379AF8CCE71491E165CB786E43F9BBF3
Factory B/SSV_HVAC/ApiLog/lock,0,E3B0C44298FC1C149AFBF4C8996FB92427AE41E4649B934CA495991B7852B855
Factory B/SSV_HVAC/ApiLog/LogIDs,8,AE7C994BD6813A58DB7D2CC7F1076E113E0B3FA22CB20DCCA8BD78B139FCACDF
Factory B/SSV_HVAC/ApiLog/Step7Bas.ver,4284,52A04410E29561736258B477208031DE20A074CD03D69BBAA56EE068213A4568
Factory B/SSV_HVAC/ApiLog/Types,1513,5E8D364EEFBC7CD7D8A8979C57611B6EAB77EDC5D3DD7455F286B3F71F256B97
Factory B/SSV_HVAC/CONN/CO_1/homolock,0,E3B0C44298FC1C149AFBF4C8996FB92427AE41E4649B934CA495991B7852B855
Factory B/SSV_HVAC/CONN/CO_1/VerbHomo.dat,12,BD0DB4691E4A0B388A976D148CDE39DCAD8A6DB3DE16CA7DF23A42511B049F91
Factory B/SSV_HVAC/CONN/CO_11/HOMOLINK.dbf,4608,DD38F4FBD57F393F57961A4FB95257E3AE45905E2542DEC206B6A1F362D8228D
Factory B/SSV_HVAC/CONN/CO_11/homolock,0,E3B0C44298FC1C149AFBF4C8996FB92427AE41E4649B934CA495991B7852B855
Factory B/SSV_HVAC/CONN/CO_11/HOMOVERB.DBF,5402,4DF6F233DDB6189C426B8E54BE91BC357BBD717E2BABBD8ACBC92F603A858CC2
Factory B/SSV_HVAC/CONN/CO_11/HOMOVERB.MDX,4096,6923482F0C3782A4670D8C3CBCFD530488710896972B8E101F55635F27A7B534
Factory B/SSV_HVAC/CONN/CO_11/HOMOVERB.PRO,4,0623CCB9B1619BD388284A438034D8CB6431964BA727D8B1C450303105735488
Factory B/SSV_HVAC/CONN/CO_11/HOMTABV4.DBF,3378,D0DB26376C1A57BF85A8A8E0534BD1C717A66142A878FEEA831C192FF22E2EAF
Factory B/SSV_HVAC/CONN/CO_11/HOMTABV4.MDX,4096,DE83DA3BC7E41A6D498EC6F4C0519FF1C65C1FBCCE518508DD022981C3A6DEB4
Factory B/SSV_HVAC/CONN/CO_11/HOMTABV5.DBF,16616,B5F9BFE8AB4F1F142C04D764F2476A4FD98C76CA45D1CC3C1B527BC5E8FB8609
Factory B/SSV_HVAC/CONN/CO_11/HOMTABV5.MDX,4096,EC45D45C202DB97FEFCDE2F0885573D922CAA7F2188FD2EAFF910CD9B2BB6E7E
Factory B/SSV_HVAC/CONN/CO_11/VerbHomo.dat,12,BD0DB4691E4A0B388A976D148CDE39DCAD8A6DB3DE16CA7DF23A42511B049F91
Factory B/SSV_HVAC/CONN/CO_12/HOMOLINK.dbf,4608,19091135A92AAF535CAF3E58E22F379DAD1FEFFE1709511F8E2E38737D11DF1E
Factory B/SSV_HVAC/CONN/CO_12/homolock,0,E3B0C44298FC1C149AFBF4C8996FB92427AE41E4649B934CA495991B7852B855
Factory B/SSV_HVAC/CONN/CO_12/HOMOVERB.DBF,5402,E7524CC9E3E2A614BE5346BA37509F38E1EE247E4D9664F9FCDC0CD7D3124894
Factory B/SSV_HVAC/CONN/CO_12/HOMOVERB.MDX,4096,D5359463E2033117E0D7813196D3476066188D9943D48D554B1A39E66A26A11A
Factory B/SSV_HVAC/CONN/CO_12/HOMOVERB.PRO,4,7D8E29FA389A36CCA29BC0F07A7892DDDD6F9070B9E33D12DCE8CE3569F81810
Factory B/SSV_HVAC/CONN/CO_12/HOMTABV4.DBF,3378,5AB206C303CA8027A89DDCC5A3D67C14D9F76345DB42DB5CDCEB340CE8E75A99
Factory B/SSV_HVAC/CONN/CO_12/HOMTABV4.MDX,4096,E3AB4D57E49EF62C6DA7D8B2D5E44EF4FF4E2E3D01710868B80C0F716FBF776D
Factory B/SSV_HVAC/CONN/CO_12/HOMTABV5.DBF,16616,628065996AAFA9F0C63CD5FAA043CDEBD3BD46E70E9B832534B229C1E399FF5C
Factory B/SSV_HVAC/CONN/CO_12/HOMTABV5.MDX,4096,90598CDD00B4E214EE6B8F7D9A4F8D88D9EB8751750BB45DC2A263CF276598B2
Factory B/SSV_HVAC/CONN/CO_12/VerbHomo.dat,12,BD0DB4691E4A0B388A976D148CDE39DCAD8A6DB3DE16CA7DF23A42511B049F91
Factory B/SSV_HVAC/CONN/CO_15/VerbHomo.dat,12,BD0DB4691E4A0B388A976D148CDE39DCAD8A6DB3DE16CA7DF23A42511B049F91
Factory B/SSV_HVAC/CONN/CO_16/VerbHomo.dat,12,BD0DB4691E4A0B388A976D148CDE39DCAD8A6DB3DE16CA7DF23A42511B049F91
Factory B/SSV_HVAC/CONN/CO_17/VerbHomo.dat,12,BD0DB4691E4A0B388A976D148CDE39DCAD8A6DB3DE16CA7DF23A42511B049F91
Factory B/SSV_HVAC/CONN/CO_2/homolock,0,E3B0C44298FC1C149AFBF4C8996FB92427AE41E4649B934CA495991B7852B855
Factory B/SSV_HVAC/CONN/CO_2/VerbHomo.dat,12,BD0DB4691E4A0B388A976D148CDE39DCAD8A6DB3DE16CA7DF23A42511B049F91
Factory B/SSV_HVAC/CONN/CO_20/VerbHomo.dat,12,BD0DB4691E4A0B388A976D148CDE39DCAD8A6DB3DE16CA7DF23A42511B049F91
Factory B/SSV_HVAC/CONN/CO_22/VerbHomo.dat,12,BD0DB4691E4A0B388A976D148CDE39DCAD8A6DB3DE16CA7DF23A42511B049F91
Factory B/SSV_HVAC/CONN/CO_3/VerbHomo.dat,12,BD0DB4691E4A0B388A976D148CDE39DCAD8A6DB3DE16CA7DF23A42511B049F91
Factory B/SSV_HVAC/CONN/CO_4/homolock,0,E3B0C44298FC1C149AFBF4C8996FB92427AE41E4649B934CA495991B7852B855
Factory B/SSV_HVAC/CONN/CO_4/VerbHomo.dat,12,BD0DB4691E4A0B388A976D148CDE39DCAD8A6DB3DE16CA7DF23A42511B049F91
Factory B/SSV_HVAC/CONN/CO_5/homolock,0,E3B0C44298FC1C149AFBF4C8996FB92427AE41E4649B934CA495991B7852B855
Factory B/SSV_HVAC/CONN/CO_5/VerbHomo.dat,12,BD0DB4691E4A0B388A976D148CDE39DCAD8A6DB3DE16CA7DF23A42511B049F91
Factory B/SSV_HVAC/CONN/CO_6/homolock,0,E3B0C44298FC1C149AFBF4C8996FB92427AE41E4649B934CA495991B7852B855
Factory B/SSV_HVAC/CONN/CO_6/VerbHomo.dat,12,BD0DB4691E4A0B388A976D148CDE39DCAD8A6DB3DE16CA7DF23A42511B049F91
Factory B/SSV_HVAC/CONN/CO_7/homolock,0,E3B0C44298FC1C149AFBF4C8996FB92427AE41E4649B934CA495991B7852B855
Factory B/SSV_HVAC/CONN/CO_7/VerbHomo.dat,12,BD0DB4691E4A0B388A976D148CDE39DCAD8A6DB3DE16CA7DF23A42511B049F91
Factory B/SSV_HVAC/CONN/CO_8/homolock,0,E3B0C44298FC1C149AFBF4C8996FB92427AE41E4649B934CA495991B7852B855
Factory B/SSV_HVAC/CONN/CO_8/VerbHomo.dat,12,BD0DB4691E4A0B388A976D148CDE39DCAD8A6DB3DE16CA7DF23A42511B049F91
Factory B/SSV_HVAC/CONN/LINKVL.dbf,6656,0FD11513C74B7953579A9BAE850422BE8081FDCA0C49FE1CBCFB2A4839F4AEF5
Factory B/SSV_HVAC/CONN/LOCKVL.LCK,0,E3B0C44298FC1C149AFBF4C8996FB92427AE41E4649B934CA495991B7852B855
Factory B/SSV_HVAC/CONN/VERBLIST.PRO,4,17FA9C7F5E9039A2D46E73E17D8E094A796EE4C313199BAD42DB4EE1DC30D865
Factory B/SSV_HVAC/CONN/VERBTAB.DBF,8682,3012887D895E8009DB7C95C829C678D9C5293C0BEE7180A60A4CD5DE6F846618
Factory B/SSV_HVAC/CONN/VERBTAB.MDX,4096,31A0015E7D1AE1C78A77525DB5FC052F126CB1C40E79F93267817E08D9E05922
Factory B/SSV_HVAC/CONN/VLTAB53.DBF,6092,4BED9F024987FF01D20A39EFA539F6FDF16D8D6980A83FF6A162BA50BDDD002D
Factory B/SSV_HVAC/CONN/VLTAB53.MDX,4096,696CC05A2D2A48D1B7DC19032CD3DC76902B034451C8642C0033A9EE03450E38
Factory B/SSV_HVAC/Global/141099_1_dp_asi.txt,0,E3B0C44298FC1C149AFBF4C8996FB92427AE41E4649B934CA495991B7852B855
Factory B/SSV_HVAC/Global/141099_1.txt,492,9415DB56F0A129CA45B2E79C8437519A56BE350DA997B8679D9954A72EFA7557
Factory B/SSV_HVAC/Global/141099_10_dp_asi.txt,0,E3B0C44298FC1C149AFBF4C8996FB92427AE41E4649B934CA495991B7852B855
Factory B/SSV_HVAC/Global/141099_10.txt,123,BD18D1423519EE54A904A4AFF4DDE01AE1C790BBE1636A39536FEBBFDFFFB838
Factory B/SSV_HVAC/Global/141099_13_dp_asi.txt,0,E3B0C44298FC1C149AFBF4C8996FB92427AE41E4649B934CA495991B7852B855
Factory B/SSV_HVAC/Global/141099_13.txt,123,73581C265F1503FB45D035A4C778C36696831BC52FB767959CF28ACA2ABB76C1
Factory B/SSV_HVAC/Global/141099_16_dp_asi.txt,0,E3B0C44298FC1C149AFBF4C8996FB92427AE41E4649B934CA495991B7852B855
Factory B/SSV_HVAC/Global/141099_16.txt,123,28368CC8FF550890BE93255455A5C72F8F18B42D554716A6C67DD17F20488A6C
Factory B/SSV_HVAC/Global/141099_1d_dp_asi.txt,0,E3B0C44298FC1C149AFBF4C8996FB92427AE41E4649B934CA495991B7852B855
Factory B/SSV_HVAC/Global/141099_1d.txt,779,59F6DAFE70B18FF78009F2B4D89250CC0CF96E8D4AE7014096599A2A5C972096
Factory B/SSV_HVAC/Global/141099_20_dp_asi.txt,0,E3B0C44298FC1C149AFBF4C8996FB92427AE41E4649B934CA495991B7852B855
Factory B/SSV_HVAC/Global/141099_20.txt,41,53B6A59189C1703600BFEDCEAA8B0FBD748F5ED8A1549E050E83D508893D55D8
Factory B/SSV_HVAC/Global/141099_26_dp_asi.txt,0,E3B0C44298FC1C149AFBF4C8996FB92427AE41E4649B934CA495991B7852B855
Factory B/SSV_HVAC/Global/141099_26.txt,82,03FC555651412735FAECC5F903F61B071C9429C6EAC98B4B2386A837E43AB3A4
Factory B/SSV_HVAC/Global/141099_29_dp_asi.txt,0,E3B0C44298FC1C149AFBF4C8996FB92427AE41E4649B934CA495991B7852B855
Factory B/SSV_HVAC/Global/141099_29.txt,123,D8ED6D8C1A019185F47786C76CF8AE9493864F40B3D154124D613A84B1234BA0
Factory B/SSV_HVAC/Global/141099_32_dp_asi.txt,0,E3B0C44298FC1C149AFBF4C8996FB92427AE41E4649B934CA495991B7852B855
Factory B/SSV_HVAC/Global/141099_32.txt,41,F7EC81D763F56A74FD024898FB93CE532B4365E6269098B2C83E434F9E4522EF
Factory B/SSV_HVAC/Global/141099_35_dp_asi.txt,0,E3B0C44298FC1C149AFBF4C8996FB92427AE41E4649B934CA495991B7852B855
Factory B/SSV_HVAC/Global/141099_35.txt,82,7C40EF8CBA5D8DD2E943DEFD060A89C92F5B77925589168812F748ED6921BC33
Factory B/SSV_HVAC/Global/141099_4_dp_asi.txt,0,E3B0C44298FC1C149AFBF4C8996FB92427AE41E4649B934CA495991B7852B855
Factory B/SSV_HVAC/Global/141099_4.txt,164,51E33D46B19CA062A8684354C5F8F9AAD940268C077FAAF711082B7C7EB95E4D
Factory B/SSV_HVAC/Global/141099_44_dp_asi.txt,0,E3B0C44298FC1C149AFBF4C8996FB92427AE41E4649B934CA495991B7852B855
Factory B/SSV_HVAC/Global/141099_44.txt,82,88E3E1A13B9DCA8ABAB59718876718B665A4F3F5D8954056F236C291FC7CE823
Factory B/SSV_HVAC/Global/141099_7_dp_asi.txt,0,E3B0C44298FC1C149AFBF4C8996FB92427AE41E4649B934CA495991B7852B855
Factory B/SSV_HVAC/Global/141099_7.txt,123,A39AD9225E439D3A14B86C20140E5D00E3C67815293008530135733ED1C73E4B
Factory B/SSV_HVAC/Global/141099_a_dp_asi.txt,0,E3B0C44298FC1C149AFBF4C8996FB92427AE41E4649B934CA495991B7852B855
Factory B/SSV_HVAC/Global/141099_a.txt,451,383B86193397D50D797DF1243B70E5BCABC013812DE0FFB77C03F3C956A7EAC0
Factory B/SSV_HVAC/Global/141099_d_dp_asi.txt,0,E3B0C44298FC1C149AFBF4C8996FB92427AE41E4649B934CA495991B7852B855
Factory B/SSV_HVAC/Global/141099_d.txt,205,70148F0DF0A092EAD3BC2F6231D6FF7CE65F92B7C090FCE74CF34B1F88F0335B
Factory B/SSV_HVAC/Global/colorder.dat,96,87C8393140C1F3747804C2F6F87087B87DE4B851E5E62922D551DBC1FCC66AE1
Factory B/SSV_HVAC/Global/colwidth.dat,96,E4EFE5C5BD5C02BEA8840697250FEB62FF4D186B06A7B5BC965246A54392616E
Factory B/SSV_HVAC/Global/Font_1,35,8AC41431DE91C21BD11B8176F524B86F69BB738F11008295048EA15D85FE3D6F
Factory B/SSV_HVAC/Global/Font_2,33,92215880675BE1B97BFDA87BAB71808CAE4D9B2F7F7E8A5DD4A36FDFC01B535D
Factory B/SSV_HVAC/Global/Language,40,B2BBF473FD060B75464CD1BB41A0C9748D4044E551BD58C165F6B5EB7C43C6AF
Factory B/SSV_HVAC/Global/MkProfil/Administrator/MakeLog/Compile and Download Objects,620,806F809285F8A3D9B5E63B21AD61BE5DC73717260F1A1596B7B405D026061AAF
Factory B/SSV_HVAC/Global/MkProfil/Administrator/MakeLog/Compile/00116001/00000005.log,6931,36249276C6FD0738DDDB03BEA90E33FB60E2075D1285E48DE55DFB7D56D8309B
Factory B/SSV_HVAC/Global/MkProfil/Administrator/MakeLog/Compile/00116001/MakeErrors.log,1564,516D2C0360894628D7915642B7406D2B4925112069C191BAAC4E3D7E1E632EB9
Factory B/SSV_HVAC/Global/MkProfil/Administrator/MakeLog/Compile/00145301/00000005.log,906,D15CA0A753A852D2EAB7618ACD4E84AB4D0318587E158C16BFD5CFBC5B1993A2
Factory B/SSV_HVAC/Global/MkProfil/Administrator/MakeLog/Compile/S7amkprj.log,299,39240FC5158F7822B987473B62645C2BC68E58C5C523707045329B7EF11235FB
Factory B/SSV_HVAC/Global/MkProfil/Administrator/MakeLog/Load/00116001/00000005.log,489,BA071FB3C0F81C2562192D427AB8DB6F4D183E0093DC8E85B6F03EC323DE69FA
Factory B/SSV_HVAC/Global/MkProfil/Administrator/MakeLog/Load/00116001/LoadErrors.log,161,10CFACF9707E0C23492E8497E382EAD1B28E925AD2A79F37875E7C41A194951D
Factory B/SSV_HVAC/Global/MkProfil/Administrator/MakeLog/Load/S7amkprj.log,321,39D4D97D4C3CC52F1A59A9C38D19E0DB3D926CF0D30E0B2A345520AD9F63B407
Factory B/SSV_HVAC/Global/MkProfil/HMI1/Administrator/s7amkapx.dat,198,A88C01498A162B9CEDF2F5E15F18F3687E0D17583BE43A75AD5041BD12F4C533
Factory B/SSV_HVAC/Global/MkProfil/HMI1/Administrator/s7amkexx.dat,244,36DB501190F37CAF097CC1BB9E6437CD4B1241326E0ACB2F2546BE63B78C1A29
Factory B/SSV_HVAC/Global/PROJECTVERSION.umf,10,FA99EFB562428BAC4CD1369430C6996F0FC82FE48FD58B577422E4A754AB481D
Factory B/SSV_HVAC/Global/S7hCompressedMetadata.cmf,4457,D09B7C9D212C7A2BEC53BC7993F94070145F486EC00BECC763650B2D3187D2C2
Factory B/SSV_HVAC/Global/S7hMetaData.umf,25513,E55CA5AD6B28B1E7EBADC3BDAC89646CB143B8C02FCD78E56754FA9E98AACE4D
Factory B/SSV_HVAC/Global/s7lst/langexch.txt,0,E3B0C44298FC1C149AFBF4C8996FB92427AE41E4649B934CA495991B7852B855
Factory B/SSV_HVAC/Global/s7netpro.npa,1888,5B8C1DB907C4A54BD20DBC357254D833330354D080ED0C458630CFC5862EC039
Factory B/SSV_HVAC/Global/s7netpro.wnd,140,3FCF28C166B61893E7EE16811BD1629FCD18C2D14A6067C260ED7B8B42FE19CB
Factory B/SSV_HVAC/hOmSave7/s7h0074x/HATTARY1.DBF,524,21E4BF7CFFEED3360F08E8FD5B771AF648E8A024975978D699CF48635E1346CE
Factory B/SSV_HVAC/hOmSave7/s7h0074x/HATTARY1.DBT,3584,1F92E6E976A0751E0E91ACF3992EA00F63D52594473C491E4F529E63FD4A4092
Factory B/SSV_HVAC/hOmSave7/s7h0074x/HATTARY1.MDX,4096,BDBB48BAD342CACDF6345DB285ADD35555A5F8F467780E765BCAD79ACCAF34EF
Factory B/SSV_HVAC/hOmSave7/s7h0074x/HATTRIB1.DBF,7786,E6DE9C2301C2AF5B9E420E8579630DDB2E9E8D71602094B27E879CD1EDA402E5
Factory B/SSV_HVAC/hOmSave7/s7h0074x/HATTRIB1.MDX,6144,EE5D574BC18BBA1881A7013CB7E3521EB40C9E811DF640DBB4C88C5ADD235078
Factory B/SSV_HVAC/hOmSave7/s7h0074x/HATTRME1.DBF,1482,FAC9D5CFCAEF3DD3CD3F08093B0FC109D576512C4804ED4790E0DE80E826CEE3
Factory B/SSV_HVAC/hOmSave7/s7h0074x/HATTRME1.DBT,15872,1D195AAE03B4CB12641A45E5E1106035364C534C7666B98244BA16887EB7B2B7
Factory B/SSV_HVAC/hOmSave7/s7h0074x/HATTRME1.MDX,6144,C5C2045A695B36E76769EA7F19A7512E6AB8445DB9B18AEFACC7BEF9A57AB55D
Factory B/SSV_HVAC/hOmSave7/s7h0074x/HLASTID2.DBF,336,5A2A54AF9214AF6683373F1051476489879BC91B96AD0DE67A7CBB5A0AC5CCCD
Factory B/SSV_HVAC/hOmSave7/s7h0074x/hLockID1,0,E3B0C44298FC1C149AFBF4C8996FB92427AE41E4649B934CA495991B7852B855
Factory B/SSV_HVAC/hOmSave7/s7h0074x/HOBJECT1.DBF,3640,36D5B9649421E72C059BC6F5F4E37CD510C8CB3003F02008200A512FEDCF3C61
Factory B/SSV_HVAC/hOmSave7/s7h0074x/HOBJECT1.MDX,4096,875AD85F0738C165B44D58DEA8EF2487999ADC3DDD7D71972570D99E01481376
Factory B/SSV_HVAC/hOmSave7/s7h0074x/HRELATI1.DBF,1194,84E817AE352FFEA8D556DEAA4680DCB74683FE800DC8AD4821654CD48299E844
Factory B/SSV_HVAC/hOmSave7/s7h0074x/HRELATI1.MDX,6144,294154CC07A5DE1A7B2159C85E6DF98EEA3BB75DC03B0DB72D7D02DE57EE3750
Factory B/SSV_HVAC/hOmSave7/s7hdevnx/HATTARY1.DBF,1624,57D05F88917F3AAF6C5E9EAEAC99199AAF38EA833A329AFC4BD3DE11DD0A0CC9
Factory B/SSV_HVAC/hOmSave7/s7hdevnx/HATTARY1.DBT,13824,173CBA55FC9FAF13FAEDF54607B7D4FF1C3AE83DD597332B3DCEBF089E83BEA4
Factory B/SSV_HVAC/hOmSave7/s7hdevnx/HATTARY1.MDX,4096,4856A4CE4E98D137D78B684FBF9C4D0DF2725980D1CDF9B7CEC4057B044FADE4
Factory B/SSV_HVAC/hOmSave7/s7hdevnx/HATTRIB1.DBF,65746,B5B2B5F9A0BE5CDA0D410C3B8E428B735FFAAC022E02DC08A3E25163666CDDD3
Factory B/SSV_HVAC/hOmSave7/s7hdevnx/HATTRIB1.MDX,16384,C1BE80C80FB9213117FA88D682601D55F9BFB3A0531F3647F8F4ECEFDE0C7273
Factory B/SSV_HVAC/hOmSave7/s7hdevnx/HATTRME1.DBF,1306,404ACBB42A819AB5F14DCE0DE6A1536E4C7A0E7763564C1B2C82ECF31729A990
Factory B/SSV_HVAC/hOmSave7/s7hdevnx/HATTRME1.DBT,13824,44CE307C3BC7F2FFD91FDAC278932EB32BF8866E1BAF0CE0AA924F46165A85F2
Factory B/SSV_HVAC/hOmSave7/s7hdevnx/HATTRME1.MDX,6144,36E8C9F6D1F383E93524D377D5480C2C2B5F2AB1E14ACE5E11002E321E3B0DE0
Factory B/SSV_HVAC/hOmSave7/s7hdevnx/HLASTID2.DBF,336,76CF71DB4C6E704E0D6AFAAC54ECFFB742D6A86F618D925095D1851666D82F11
Factory B/SSV_HVAC/hOmSave7/s7hdevnx/hLockID1,0,E3B0C44298FC1C149AFBF4C8996FB92427AE41E4649B934CA495991B7852B855
Factory B/SSV_HVAC/hOmSave7/s7hdevnx/HOBJECT1.DBF,13740,9EAF019241B427D652E4EAB8AAF581739B675693D92D48E7E1E81C13BCE9558F
Factory B/SSV_HVAC/hOmSave7/s7hdevnx/HOBJECT1.MDX,4096,29AB9FB60E04DA55A90C14CCDDD815653B501FA3A1ED14265E76246BFD65B410
Factory B/SSV_HVAC/hOmSave7/s7hdevnx/HRELATI1.DBF,6030,256BB390A551D0D9A997AF65455072A2AB77CDBC41F407BF8AD45F6B260B7243
Factory B/SSV_HVAC/hOmSave7/s7hdevnx/HRELATI1.MDX,13312,86572AB3FD95F67D2B3BBE16AAED465B066D27DF468607854BB61D267FE55EEA
Factory B/SSV_HVAC/hOmSave7/S7HDPSSX/HATTARY1.DBF,1184,B8A0CE99304B43037F7F4B964294EA1B6FA27FD48F5348535CEE9FEC4B78F6E6
Factory B/SSV_HVAC/hOmSave7/S7HDPSSX/HATTARY1.DBT,9728,A0E406736AA68F7D37B72A545C5F3F36D641A93B747C6582B6DFBF50F63512B8
Factory B/SSV_HVAC/hOmSave7/S7HDPSSX/HATTARY1.MDX,4096,1C2B751122518360868FCC0228AB8D384A5E5A36F3CD48C73C6F29FC0DC72778
Factory B/SSV_HVAC/hOmSave7/S7HDPSSX/HATTRIB1.DBF,79606,3C1EA01E50E8A84D5126008E8B31308564E21527E522683049AB82DD4BD1AAD4
Factory B/SSV_HVAC/hOmSave7/S7HDPSSX/HATTRIB1.MDX,20480,013ED63B86468B3A94A59299C7C3A136FD8CEF5E8076608FADB552786F314A82
Factory B/SSV_HVAC/hOmSave7/S7HDPSSX/HATTRME1.DBF,162,F0C3650BB9961C167A08E2BC13A8421F1BBF928B3C523C9C63B3EC893F3090F8
Factory B/SSV_HVAC/hOmSave7/S7HDPSSX/HATTRME1.DBT,24,779D24AEA2F98181DE56336C7E1968E78A24602BE68CE6A02C3E7DAEAF9E4BC1
Factory B/SSV_HVAC/hOmSave7/S7HDPSSX/HATTRME1.MDX,6144,85473E2C57756C11B2539A1753BEA63BCAFB59C2086E2DBA16799BE7A31F023C
Factory B/SSV_HVAC/hOmSave7/S7HDPSSX/HLASTID2.DBF,336,E190ED6B07962FC9C093962E88D1A7BEDCB704AEDFE4A9074E978216CE10E0DC
Factory B/SSV_HVAC/hOmSave7/S7HDPSSX/hLockID1,0,E3B0C44298FC1C149AFBF4C8996FB92427AE41E4649B934CA495991B7852B855
Factory B/SSV_HVAC/hOmSave7/S7HDPSSX/HOBJECT1.DBF,9700,250B82ACF66E87CFBF8E5BBE38686634593E862A10486153513D04C193442E81
Factory B/SSV_HVAC/hOmSave7/S7HDPSSX/HOBJECT1.MDX,4096,772702EABDA1712D8A2B9C4FF1599F4F5375074EC8192AC0201DA4793744DD77
Factory B/SSV_HVAC/hOmSave7/S7HDPSSX/HRELATI1.DBF,6030,7402D08897779A1C093EBF707844B50D696B8F81C7BF7E45A63B4D64F713F331
Factory B/SSV_HVAC/hOmSave7/S7HDPSSX/HRELATI1.MDX,12288,4A1704DD1D3C2553B25D02A48A98477C76675F10A83697AFFC4F537106C94EE9
Factory B/SSV_HVAC/hOmSave7/S7HK15AX/HATTARY1.DBF,1624,C04087A858254AC20DE69FB79171352ED63D4CCBD0D5C6E33B71DB312D0AA5C4
Factory B/SSV_HVAC/hOmSave7/S7HK15AX/HATTARY1.DBT,13824,D751BB5F1E284804DBE5293A605C91B18C00A9CF401BFA46590CDCEC962C2037
Factory B/SSV_HVAC/hOmSave7/S7HK15AX/HATTARY1.MDX,4096,DF6E1F4753F85EE3A66925864DBDE56D56386DEFED774EEAFE90E54CE654AE9C
Factory B/SSV_HVAC/hOmSave7/S7HK15AX/HATTRIB1.DBF,41176,4DF8B564E7B929B8A2A001E0E65F666CD1FC533E67DD109B1343F90424C7A712
Factory B/SSV_HVAC/hOmSave7/S7HK15AX/HATTRIB1.MDX,12288,BDFD2360AC125F282FFEB7AB334D98BF9D67C2D92619900541CC061D28AB3FC5
Factory B/SSV_HVAC/hOmSave7/S7HK15AX/HATTRME1.DBF,3594,81FD56617E8F3B9136150ED83CDD8EB861F9E1B6656DB4D5EDE681CA9D098690
Factory B/SSV_HVAC/hOmSave7/S7HK15AX/HATTRME1.DBT,40448,671F82B2FFDCF765DD5163A5959FB828916A911C53DD60C53684A5D8D058A40B
Factory B/SSV_HVAC/hOmSave7/S7HK15AX/HATTRME1.MDX,11264,9D859CCA68A13AA7943E8FECB37CDD90E708BDAAE4B81311BB9A68C02A9DEAD9
Factory B/SSV_HVAC/hOmSave7/S7HK15AX/HLASTID2.DBF,336,0BADA15245BA3C91A6C2FFE1243D2FB39C71F0D0030577BF2D075DB541AB4284
Factory B/SSV_HVAC/hOmSave7/S7HK15AX/hLockID1,0,E3B0C44298FC1C149AFBF4C8996FB92427AE41E4649B934CA495991B7852B855
Factory B/SSV_HVAC/hOmSave7/S7HK15AX/HOBJECT1.DBF,13740,F936EC1F380A5E342F5012786A97B9B0829707B38686EFE1C6424CAC590363E9
Factory B/SSV_HVAC/hOmSave7/S7HK15AX/HOBJECT1.MDX,4096,41274AA4D581261BC912CF2C94C6C232C79C59C891DFC4F10167E00031321950
Factory B/SSV_HVAC/hOmSave7/S7HK15AX/HRELATI1.DBF,10398,CAB6E5E07DCC5D6DB7D52EAE4135CF7B938A33C4C9F7CBD1AD316E62C6BB5975
Factory B/SSV_HVAC/hOmSave7/S7HK15AX/HRELATI1.MDX,16384,04D49552E9C48F44227E9AFF366561B74110A707CFB60C8D0DC59B83A5011CF7
Factory B/SSV_HVAC/hOmSave7/S7HK31AX/HATTARY1.DBF,1184,649C737773A59705304C8F4DB1B1205B762286E114B096F6A0E66EBFDB3FA97D
Factory B/SSV_HVAC/hOmSave7/S7HK31AX/HATTARY1.DBT,28160,C277B3D06F4095DEA64C664FEB5A2F1B3C8D30B1DAFF59BCCFF3A65DE826CC3E
Factory B/SSV_HVAC/hOmSave7/S7HK31AX/HATTARY1.MDX,4096,B1AC1EC2D56DFFC1B821353B353AD9E569E5B5D45F5B4762318A6DFBD187B6CD
Factory B/SSV_HVAC/hOmSave7/S7HK31AX/HATTRIB1.DBF,68266,39785584934FC8F359B2A9156DF942247AF523D19793622EE13CF487E41A5BD9
Factory B/SSV_HVAC/hOmSave7/S7HK31AX/HATTRIB1.MDX,17408,CC264D1A0735CEAA3095FA1FBA80436DFF80E60F12E647880E70E4002EDF4749
Factory B/SSV_HVAC/hOmSave7/S7HK31AX/HATTRME1.DBF,6454,224102EBB043725C6142177993A7FD75EAEA764E9A5FA5FE331C98E167EF9EE6
Factory B/SSV_HVAC/hOmSave7/S7HK31AX/HATTRME1.DBT,73728,53BFF5C43285FE0304B9974EFB45BD5662966B903749E0FD060010E04AC2744F
Factory B/SSV_HVAC/hOmSave7/S7HK31AX/HATTRME1.MDX,12288,A0FAF64AC6882AF109AC97D435C7D7F508956DB9E0AF31004321F90784C8426C
Factory B/SSV_HVAC/hOmSave7/S7HK31AX/HLASTID2.DBF,336,0D6D62FB71674FC9034130F175A8256A91A84A96567FC61618680CAF75F933D3
Factory B/SSV_HVAC/hOmSave7/S7HK31AX/hLockID1,0,E3B0C44298FC1C149AFBF4C8996FB92427AE41E4649B934CA495991B7852B855
Factory B/SSV_HVAC/hOmSave7/S7HK31AX/HOBJECT1.DBF,9700,CBBB5BE49F92ABEF02BE8BFDAA12A26DC40D03934317ED5455FDAB08CCE4E448
Factory B/SSV_HVAC/hOmSave7/S7HK31AX/HOBJECT1.MDX,4096,D4AD139794CEF2D10AD2DBF2DE1CB2DCBF618A26BC65C9236364A6D6D87AECD5
Factory B/SSV_HVAC/hOmSave7/S7HK31AX/HRELATI1.DBF,17340,F73D782EE375443880B758FB5AAD766E8707485864387A4F2DCA7EAC5CD845BC
Factory B/SSV_HVAC/hOmSave7/S7HK31AX/HRELATI1.MDX,26624,8F358715C778DD42D6DFEE8319AF70B9090F157D1D4F7DFCB27AEC5E0D944B42
Factory B/SSV_HVAC/hOmSave7/s7hk32ax/HATTARY1.DBF,1569,A443073E130F7526ADE840CED4866F8F0648E685D0F158054B7739877D3D30E3
Factory B/SSV_HVAC/hOmSave7/s7hk32ax/HATTARY1.DBT,13312,9A1C3A4497C62FC4AD17AB80ED8AD5621B93406E1196E3D672844892D7BCC923
Factory B/SSV_HVAC/hOmSave7/s7hk32ax/HATTARY1.MDX,4096,85610FFA3EFCBB3146A3905CD0C73EEFB6651D35E779862CD92007FCB44FBEF8
Factory B/SSV_HVAC/hOmSave7/s7hk32ax/HATTRIB1.DBF,31726,8E08EF4CD0AA86C9D10B58CA251EA965C93852F88D7425499FF526340F0EC0DC
Factory B/SSV_HVAC/hOmSave7/s7hk32ax/HATTRIB1.MDX,12288,4F3DD622944807B612991F15C296A9FF7F6B41F3DD444B5558E8769B696C5990
Factory B/SSV_HVAC/hOmSave7/s7hk32ax/HATTRME1.DBF,4562,F1C6669A0FE999394DD8155A37DE62792D63E896230C6A01B5A803DCAAF49318
Factory B/SSV_HVAC/hOmSave7/s7hk32ax/HATTRME1.DBT,51712,A2F91DF875523B79F2CF7E8AE1E164303B731C2F04D851E051C7B9B4DDEC9877
Factory B/SSV_HVAC/hOmSave7/s7hk32ax/HATTRME1.MDX,12288,F7F45E56866E98E785C4EF9365BFD4BB7B2C610CB403835F87012D18D2FE386E
Factory B/SSV_HVAC/hOmSave7/s7hk32ax/HLASTID2.DBF,336,9E19816E9A77E11C7FA7EA28441EFE47BC3F569FA859416E8554B227AB13FEF0
Factory B/SSV_HVAC/hOmSave7/s7hk32ax/hLockID1,0,E3B0C44298FC1C149AFBF4C8996FB92427AE41E4649B934CA495991B7852B855
Factory B/SSV_HVAC/hOmSave7/s7hk32ax/HOBJECT1.DBF,13235,3BC7B002D7C14BF678D070F4D52837B6D6D8292D356F3BE1882C9F93E8237D79
Factory B/SSV_HVAC/hOmSave7/s7hk32ax/HOBJECT1.MDX,4096,A0E0EBA0608EC9A66D68851166AB7F04A0C225B0B4DD2DF8D559128635260EEA
Factory B/SSV_HVAC/hOmSave7/s7hk32ax/HRELATI1.DBF,4236,A72AFE72B87BCE70D987A7A979977F1229ABC28AF86A2A317A33F4A287528DD7
Factory B/SSV_HVAC/hOmSave7/s7hk32ax/HRELATI1.MDX,10240,8EF6E832B2281166B503C53CACCAFD3EC7FBB64B9EA16E05CD0537D7DD1AA7C3
Factory B/SSV_HVAC/hOmSave7/s7hk32bx/HATTARY1.DBF,1184,10A2AA397333BFD6BBE55B5C9BF750B826E6FFD6256DE7C5546D2BFBDA8296BB
Factory B/SSV_HVAC/hOmSave7/s7hk32bx/HATTARY1.DBT,9728,0FEAB186D64CDA33EDC9186D3A1B3AD3FC215D3090B0ED6B52E5342B1FCE9E76
Factory B/SSV_HVAC/hOmSave7/s7hk32bx/HATTARY1.MDX,4096,1C2B751122518360868FCC0228AB8D384A5E5A36F3CD48C73C6F29FC0DC72778
Factory B/SSV_HVAC/hOmSave7/s7hk32bx/HATTRIB1.DBF,22906,E3E3F5DB8C387310F39D958B7F6A5BFDD3196577E9D0E78FC2296FA576CAED03
Factory B/SSV_HVAC/hOmSave7/s7hk32bx/HATTRIB1.MDX,8192,4398FE4061AD6ECF23256E3F1C58DA285CEEA8AABF6F1F42EEB591841AF3457F
Factory B/SSV_HVAC/hOmSave7/s7hk32bx/HATTRME1.DBF,3330,2E5BE6B9E4F07B8F95AE24E236DE4ECADD1409EC1EE72AE3082E77B06881DC0C
Factory B/SSV_HVAC/hOmSave7/s7hk32bx/HATTRME1.DBT,37376,6B68D04E12A6DED2DD47C57EF656D55E675A942D577E8B35D755EAAACF121B0D
Factory B/SSV_HVAC/hOmSave7/s7hk32bx/HATTRME1.MDX,8192,A46ADC84F9C312D475D12FB553E2A09B09FAF9D6B8092B3FA353F43DF94D1F3D
Factory B/SSV_HVAC/hOmSave7/s7hk32bx/HLASTID2.DBF,336,E190ED6B07962FC9C093962E88D1A7BEDCB704AEDFE4A9074E978216CE10E0DC
Factory B/SSV_HVAC/hOmSave7/s7hk32bx/hLockID1,0,E3B0C44298FC1C149AFBF4C8996FB92427AE41E4649B934CA495991B7852B855
Factory B/SSV_HVAC/hOmSave7/s7hk32bx/HOBJECT1.DBF,9700,B6A775375B11482F6BF3A124833B138D7984CA63D5556FD214EBDB13FFE3EF5C
Factory B/SSV_HVAC/hOmSave7/s7hk32bx/HOBJECT1.MDX,4096,772702EABDA1712D8A2B9C4FF1599F4F5375074EC8192AC0201DA4793744DD77
Factory B/SSV_HVAC/hOmSave7/s7hk32bx/HRELATI1.DBF,3144,D7C6C77EE13FB3B4A4157B82D19E71B7A70C670A9DD897DA5F8910D628FDD63D
Factory B/SSV_HVAC/hOmSave7/s7hk32bx/HRELATI1.MDX,8192,D3475BBE73B4B81FF7D6DA8DC1716728DD411B8AF9351685B36E4DDA68F84C9D
Factory B/SSV_HVAC/hOmSave7/s7hk33ax/HATTARY1.DBF,4869,FC6E43161E192E728A1BC4A94495B5A027E9F2E7B43819151C56F8EACB9BE676
Factory B/SSV_HVAC/hOmSave7/s7hk33ax/HATTARY1.DBT,44032,7D4D82047418706D487BA6372B5368823B8F88B370278BF6CC3A21A9BD2295E4
Factory B/SSV_HVAC/hOmSave7/s7hk33ax/HATTARY1.MDX,6144,CD8CC4F469C9DE97B878F903F71DF0118A56F1E757021DC0F85A67ED1CA1EBAE
Factory B/SSV_HVAC/hOmSave7/s7hk33ax/HATTRIB1.DBF,107326,62895D85FE43B2B3BAD8CD9AB8A36278945E80963CA453C3A01881626875F466
Factory B/SSV_HVAC/hOmSave7/s7hk33ax/HATTRIB1.MDX,22528,02298D8BFDDD254F97873FF43334D1F96ACC9ED441963C3BEA5E2589F640AB36
Factory B/SSV_HVAC/hOmSave7/s7hk33ax/HATTRME1.DBF,18554,87D0252C6AE4DA32EC2CE9AC3477638A0A8E5B606AF8705D32C8F64E44B0DBF9
Factory B/SSV_HVAC/hOmSave7/s7hk33ax/HATTRME1.DBT,214528,158860B5FD5FECC684878173DDC204FB563004BA431E6F7F08030D1F5FA9F717
Factory B/SSV_HVAC/hOmSave7/s7hk33ax/HATTRME1.MDX,25600,896B06B514D4A0DEE8DF9D40FF8FE663D29736A6018D71AB2FD6B0AAD09E34E8
Factory B/SSV_HVAC/hOmSave7/s7hk33ax/HLASTID2.DBF,336,098D613A4B167F6A44922E6709CD98EA31512ECF0E23378D89736E023BAB633E
Factory B/SSV_HVAC/hOmSave7/s7hk33ax/hLockID1,0,E3B0C44298FC1C149AFBF4C8996FB92427AE41E4649B934CA495991B7852B855
Factory B/SSV_HVAC/hOmSave7/s7hk33ax/HOBJECT1.DBF,43535,102C11BAB419201CE44BD659588EB9F4A2420D78672CDA7CEC05EA16D4AC0F09
Factory B/SSV_HVAC/hOmSave7/s7hk33ax/HOBJECT1.MDX,6144,4EBD9CB6C7DC489B2C34483EB5B5C98615C97FB3D437B0BC06F63F02294A15AC
Factory B/SSV_HVAC/hOmSave7/s7hk33ax/HRELATI1.DBF,13518,52FFBA13207EE28DDF65D2F71BFAADFC128C881E622C35E6B4B84D838B124119
Factory B/SSV_HVAC/hOmSave7/s7hk33ax/HRELATI1.MDX,20480,688B9A66A12CD6BE8E183AFD5BD4AC4A260B8588782166CEE176E4EB99EEB2DD
Factory B/SSV_HVAC/hOmSave7/s7hk33cx/HATTARY1.DBF,4209,578FBFE1EA1ED7E5F392BA0772C31B22046E10CA9292517F6CD73B8B6BEC5E69
Factory B/SSV_HVAC/hOmSave7/s7hk33cx/HATTARY1.DBT,37888,164B182B3D11E10BC93D06003377D0A53C318E679D2366B026EF3D89E6A493EE
Factory B/SSV_HVAC/hOmSave7/s7hk33cx/HATTARY1.MDX,6144,E8A73A18174FFBDAD9F4CD7A5C9EA387FD8413D84C2C0C982D6758A3D1610E31
Factory B/SSV_HVAC/hOmSave7/s7hk33cx/HATTRIB1.DBF,92206,AA6BD4D74FB8FC3EFD9E4087E322FF6DB33A7BDDCE3FCDE6785D0699DDE6A1D4
Factory B/SSV_HVAC/hOmSave7/s7hk33cx/HATTRIB1.MDX,20480,655942A3672F24876B1E57CF98E67E051558D6B6CB89DA5402C13E4456A24E93
Factory B/SSV_HVAC/hOmSave7/s7hk33cx/HATTRME1.DBF,16222,B174DF8266FE2BBB6EADCD18E69630B0DA7A4D77D10C6CB6D326821BD70AD7BF
Factory B/SSV_HVAC/hOmSave7/s7hk33cx/HATTRME1.DBT,187392,86E049F221EA79A47FCC25F6C448D57806C4FA682FCC0DC12A18FDB1C6B8821F
Factory B/SSV_HVAC/hOmSave7/s7hk33cx/HATTRME1.MDX,23552,20066F18C64EEB6F0C702DDA5D1D29D9A57B82EBF6203063BB91687A35048868
Factory B/SSV_HVAC/hOmSave7/s7hk33cx/HLASTID2.DBF,336,FA99168E857B3F8DD0D8BAD08FC0801253AFF9BE856435A648D01E0974A0EACD
Factory B/SSV_HVAC/hOmSave7/s7hk33cx/hLockID1,0,E3B0C44298FC1C149AFBF4C8996FB92427AE41E4649B934CA495991B7852B855
Factory B/SSV_HVAC/hOmSave7/s7hk33cx/HOBJECT1.DBF,37475,32E3AF36FB6599740CBF192EA4F613F72C51836C026F5ADFA3B5E1F5A3E5C08D
Factory B/SSV_HVAC/hOmSave7/s7hk33cx/HOBJECT1.MDX,6144,B9588FCE182D802AB6BF611DB9B76E8D764ACE23143547A3E967A242C761A35C
Factory B/SSV_HVAC/hOmSave7/s7hk33cx/HRELATI1.DBF,11646,F55DF1C7A2AA4C39D8E438B6F401397AAD4E1530FB823F198D0DB732FAC2D5FE
Factory B/SSV_HVAC/hOmSave7/s7hk33cx/HRELATI1.MDX,19456,4CCD672D2354F6E4EEA39ED9F9D96601EA69139D42F9FA49343BA9C034FC76DC
Factory B/SSV_HVAC/hOmSave7/s7hkdmax/HATTARY1.DBF,1184,A79DFBD38992D05A48961B9B3E49547368D5A7BE03BBE359B8CACAFF227F77B1
Factory B/SSV_HVAC/hOmSave7/s7hkdmax/HATTARY1.DBT,9728,C90B7EC304896E3FE4D78206A032F2E15FCE425756254F909D301453FB741275
Factory B/SSV_HVAC/hOmSave7/s7hkdmax/HATTARY1.MDX,4096,B1AC1EC2D56DFFC1B821353B353AD9E569E5B5D45F5B4762318A6DFBD187B6CD
Factory B/SSV_HVAC/hOmSave7/s7hkdmax/HATTRIB1.DBF,22906,240B7F7A0F517E59583ADA64F12FD645AF0A83E0B58D7AF7211E5EF70CD0611A
Factory B/SSV_HVAC/hOmSave7/s7hkdmax/HATTRIB1.MDX,8192,E874AF907A21535E7DA3536252007FD267EA1DDF5B6D0CE93B701613EE061B71
Factory B/SSV_HVAC/hOmSave7/s7hkdmax/HATTRME1.DBF,3330,9BDAF3164136A8D2A37E196417F663EDA47368341AC87A3BFC3CC267193D6CDD
Factory B/SSV_HVAC/hOmSave7/s7hkdmax/HATTRME1.DBT,37376,6D4203F215C1682CD4E080E965A39A9E7BCA3F55973ECF1DF8CD9D8B425D5AA5
Factory B/SSV_HVAC/hOmSave7/s7hkdmax/HATTRME1.MDX,8192,63B8B26C795E6B3F4A7ED21AF66F0396B82D0B39DCA9E286D684024DBAAF6905
Factory B/SSV_HVAC/hOmSave7/s7hkdmax/HLASTID2.DBF,336,F25518F02DF4D34768709A118F68A0689D0C32C2F4B0E8F7344417DC0CAA554E
Factory B/SSV_HVAC/hOmSave7/s7hkdmax/hLockID1,0,E3B0C44298FC1C149AFBF4C8996FB92427AE41E4649B934CA495991B7852B855
Factory B/SSV_HVAC/hOmSave7/s7hkdmax/HOBJECT1.DBF,9700,C2E806FF05423ACD29699165B62A958D412B79B1122E008BB88364AA621BE847
Factory B/SSV_HVAC/hOmSave7/s7hkdmax/HOBJECT1.MDX,4096,D4AD139794CEF2D10AD2DBF2DE1CB2DCBF618A26BC65C9236364A6D6D87AECD5
Factory B/SSV_HVAC/hOmSave7/s7hkdmax/HRELATI1.DBF,5952,B5DB721B5A525BD93CA305076D44C38FD52DBD8021ED489CBB9A953D105FF250
Factory B/SSV_HVAC/hOmSave7/s7hkdmax/HRELATI1.MDX,11264,42ACDF51DC04CBA994ACC2A42A427059D8900F0C8542B7A4E521349B299454CE
Factory B/SSV_HVAC/hOmSave7/s7hsl7ax/HATTARY1.DBF,1624,64605A960E269405ED7E00580D2719E3694544EE7A0BE72C1E8ED99401B037E8
Factory B/SSV_HVAC/hOmSave7/s7hsl7ax/HATTARY1.DBT,13824,3C9A981F1769F7FF16F27AE92D87FE1373AC2D8A00209841C091BAF4C790B3D6
Factory B/SSV_HVAC/hOmSave7/s7hsl7ax/HATTARY1.MDX,4096,DF6E1F4753F85EE3A66925864DBDE56D56386DEFED774EEAFE90E54CE654AE9C
Factory B/SSV_HVAC/hOmSave7/s7hsl7ax/HATTRIB1.DBF,73936,18F8A91D802AF80016BC84A48655AE707FA35935A06B1CD134898C67F3C68710
Factory B/SSV_HVAC/hOmSave7/s7hsl7ax/HATTRIB1.MDX,17408,B2F5B59D4367A88260881BF742E4F78A7676E60E890D193593027ED9E770A41D
Factory B/SSV_HVAC/hOmSave7/s7hsl7ax/HATTRME1.DBF,4738,C1B944628ADC5999B92D2458B0DB093F6180BD1DC2E8D1EABA952D8B22D79C1B
Factory B/SSV_HVAC/hOmSave7/s7hsl7ax/HATTRME1.DBT,67072,01A3B9AB44F6C7E134FF976D916F41D9D8AB0E084DDF35165AD34B0F21E7BD7B
Factory B/SSV_HVAC/hOmSave7/s7hsl7ax/HATTRME1.MDX,11264,8DCD39523807921F3D70C489660C65B8BF621C8CCA1881B8C6075772B54C7D2A
Factory B/SSV_HVAC/hOmSave7/s7hsl7ax/HLASTID2.DBF,336,0BADA15245BA3C91A6C2FFE1243D2FB39C71F0D0030577BF2D075DB541AB4284
Factory B/SSV_HVAC/hOmSave7/s7hsl7ax/hLockID1,0,E3B0C44298FC1C149AFBF4C8996FB92427AE41E4649B934CA495991B7852B855
Factory B/SSV_HVAC/hOmSave7/s7hsl7ax/HOBJECT1.DBF,13740,63FB2E07D844E4EDF3A864877ED2F77D227B33815C62D0FFC8CC7217D7FC2C7A
Factory B/SSV_HVAC/hOmSave7/s7hsl7ax/HOBJECT1.MDX,4096,41274AA4D581261BC912CF2C94C6C232C79C59C891DFC4F10167E00031321950
Factory B/SSV_HVAC/hOmSave7/s7hsl7ax/HRELATI1.DBF,23658,56B88E38C90F18045C1E08E80A539876297C2279486B1C19925F5D6FDCB5DC8E
Factory B/SSV_HVAC/hOmSave7/s7hsl7ax/HRELATI1.MDX,33792,2507B39289959E087EB26076460E09EDE219B5A63C1FA38A5315C0A86E4141DC
Factory B/SSV_HVAC/hOmSave7/s7hss30x/HATTARY1.DBF,2669,13D6B5A61B7ED545520021AD5D320BE38E969A65CFEBA0897C6B87898A16F6AB
Factory B/SSV_HVAC/hOmSave7/s7hss30x/HATTARY1.DBT,23552,7BFD5A200D8A2AC3E4BD6C02185CE5BE757A1FAD30205AB9AA9954931FA31BD7
Factory B/SSV_HVAC/hOmSave7/s7hss30x/HATTARY1.MDX,4096,150373858BD95E9B5B49B86D9B71D9A43EAFC03C874C17ACC9E1AA4D592695C6
Factory B/SSV_HVAC/hOmSave7/s7hss30x/HATTRIB1.DBF,46216,E19A575DE702324F99912A891CE9DF047E2C0B0347D7CFF5FC569078744FF581
Factory B/SSV_HVAC/hOmSave7/s7hss30x/HATTRIB1.MDX,14336,5BCA3D8D6C206DEFE54E9E30817FECCE7985F4D0EC208EC0E3048F9C052F879A
Factory B/SSV_HVAC/hOmSave7/s7hss30x/HATTRME1.DBF,646,ABDB95E7A461EE42677F61331D2577F203DB01475DA3D1761183CC95BC0A6CF5
Factory B/SSV_HVAC/hOmSave7/s7hss30x/HATTRME1.DBT,6144,117139B3AC9DB1A5C8421CB6B9C91C185B39AF634AA8AF3C77EE5F104040273E
Factory B/SSV_HVAC/hOmSave7/s7hss30x/HATTRME1.MDX,6144,036F9790A722FC7BCF14692ED75B5C0D2D37C30814FAE5980D403F98AB0AEF87
Factory B/SSV_HVAC/hOmSave7/s7hss30x/HLASTID2.DBF,336,F82E09AD26A48B9F6A33A412B7FEDB5F12D33D4555BF0A5C7C2AC17D7F593CCD
Factory B/SSV_HVAC/hOmSave7/s7hss30x/hLockID1,0,E3B0C44298FC1C149AFBF4C8996FB92427AE41E4649B934CA495991B7852B855
Factory B/SSV_HVAC/hOmSave7/s7hss30x/HOBJECT1.DBF,23335,B4464AD9DF102442E085EB4C7B80F28B12E75EBCBD2DF605BAB66EDE2C9A49E1
Factory B/SSV_HVAC/hOmSave7/s7hss30x/HOBJECT1.MDX,4096,A6ABF3B8A30FD34713D244CA905FBD0B15279E411245D58EB3012D3F3BFDB710
Factory B/SSV_HVAC/hOmSave7/s7hss30x/HRELATI1.DBF,29976,D2ACC17692B8FB1E7FA08FD5567EC7E7E2FC34C43C95BB3147A889FE113E31A8
Factory B/SSV_HVAC/hOmSave7/s7hss30x/HRELATI1.MDX,40960,C1F9A135FAC5C8CFC57836B1D056402D8BA7AD2C7CB903C87A3BF767F7C0B1CD
Factory B/SSV_HVAC/hOmSave7/s7hssiox/HATTARY1.DBF,1514,89F7A699E5E63D296CF4A73D8D4BC4BA5A87057C9D1A2EA09F1B2C3597BB9ADE
Factory B/SSV_HVAC/hOmSave7/s7hssiox/HATTARY1.DBT,12800,4D6C84D913B5626A1652F1C6D834F6294EB42F53F2F5E237D6C2BB97C94E51ED
Factory B/SSV_HVAC/hOmSave7/s7hssiox/HATTARY1.MDX,4096,88D5346BB59E3D9C9E95BA9F094BFAD8AAF92AB1D90F7056631BB997579B85ED
Factory B/SSV_HVAC/hOmSave7/s7hssiox/HATTRIB1.DBF,58501,0322124A837D4ECFC430B7D9CC35A195A54B364A26A53FFAAFE42DBB87AF3E8B
Factory B/SSV_HVAC/hOmSave7/s7hssiox/HATTRIB1.MDX,19456,EC5C613EFB8238764FA6E9F626324C35AD1B27AB03C83A34FF5DB6387F92161F
Factory B/SSV_HVAC/hOmSave7/s7hssiox/HATTRME1.DBF,2274,7E8499503D90FA46544ED65B2F95337588A3373AC5EB5A76A9FFC2E9314C2886
Factory B/SSV_HVAC/hOmSave7/s7hssiox/HATTRME1.DBT,25088,555805C20144D295CFE951EAE3542B39B1AE1AF25BFABA0DA2204CCFACC18A3D
Factory B/SSV_HVAC/hOmSave7/s7hssiox/HATTRME1.MDX,8192,7750D6B3BDCF581D8C868274DF4DC3D7FC547099E23000A03ED995AF1112ABD6
Factory B/SSV_HVAC/hOmSave7/s7hssiox/HLASTID2.DBF,336,52D19254ED1CD68F1268018FF430F071E7A6138B9EEEA6C5694E37E42BF06446
Factory B/SSV_HVAC/hOmSave7/s7hssiox/hLockID1,0,E3B0C44298FC1C149AFBF4C8996FB92427AE41E4649B934CA495991B7852B855
Factory B/SSV_HVAC/hOmSave7/s7hssiox/HOBJECT1.DBF,12730,F142156FFE0D2A60015499F277B996BC5C0C045FF5D3FB30E5F9F96C9B21371E
Factory B/SSV_HVAC/hOmSave7/s7hssiox/HOBJECT1.MDX,4096,1BB0CA25339532F638E5DC99505CE302747323C789B338C582D3D826A436B668
Factory B/SSV_HVAC/hOmSave7/s7hssiox/HRELATI1.DBF,8682,EE3CD214779B000712EA48AD0CEBD278478EB6DF53CB3A8BA30030825FBA47CF
Factory B/SSV_HVAC/hOmSave7/s7hssiox/HRELATI1.MDX,15360,CDDD23A26694F01C6CFE657A9B15774F51BE032AEE31B4836E0D43E523BB8C96
Factory B/SSV_HVAC/hOmSave7/s7hstatx/1.s7h,9981,52E571823C31C27A20A9D3A07F0A04C07D20E38B98854B3DDCCAD24455DEE4A4
Factory B/SSV_HVAC/hOmSave7/s7hstatx/10.s7h,9933,ACECAEF75AE80E79D7F2D1942C8696DF47C669C4EC877ADEF3E8E3DF3EC29D0F
Factory B/SSV_HVAC/hOmSave7/s7hstatx/13.s7h,9885,9B9976C3A03F85C92C97C1E85455F88DA6090E84CF2E6595EB6525707E33E1DB
Factory B/SSV_HVAC/hOmSave7/s7hstatx/16.s7h,9970,09983E0AF866C660D1816C75B69ABDC81F1B90729321E1C1CA74BA01B9745686
Factory B/SSV_HVAC/hOmSave7/s7hstatx/19.s7h,4193,7C8DA62A25F4F821448F1DF245BAC1CC275D89D93755CF5CC3C2E159550E968C
Factory B/SSV_HVAC/hOmSave7/s7hstatx/1d.s7h,10029,B6C88A60A0D45BFFE227C211CE3EA97769C1DAE049BCD2D8A50B69E928C4D764
Factory B/SSV_HVAC/hOmSave7/s7hstatx/20.s7h,12750,3574AA614137EF6933416C8D301543DAECE8642F061A9A2AFEC5E8A609B00F8B
Factory B/SSV_HVAC/hOmSave7/s7hstatx/29.s7h,6881,FA489C74E7BA62DE79987F03AFF0FB4AEBC4AC761F293B08A83D6B5D947E4A36
Factory B/SSV_HVAC/hOmSave7/s7hstatx/4.s7h,12747,14D9EB15A48E42E8D3D47D3C768E4C9F8EF1385163F11B41E919B2F1D00BF19B
Factory B/SSV_HVAC/hOmSave7/s7hstatx/7.s7h,10125,A3D65B5B59E02FF7B0BBE21D42D2DE54A086E91E8286427C26E0594318982AA2
Factory B/SSV_HVAC/hOmSave7/s7hstatx/a.s7h,9885,2F5F6032DB9FD6778BC24C2588161FC447E03905523A08ED16C5EF3C0AC44D56
Factory B/SSV_HVAC/hOmSave7/s7hstatx/d.s7h,9774,0DCD7759B600BB65B007D23ED7FD80E55DD5407D726B6F5CAD94709C8D7F3210
Factory B/SSV_HVAC/hOmSave7/s7hstatx/HADDRES3.DBF,2666,A852A4F7C6B80223BF1B07A99920B0184D12FA6D0DA4ED91F14611071EB8BCF9
Factory B/SSV_HVAC/hOmSave7/s7hstatx/HADDRES3.DBT,20480,145CDFCFA6A224AB6F8B28907D9F785C3C944CE4731DC133C318CFDF73185D83
Factory B/SSV_HVAC/hOmSave7/s7hstatx/HADDRES3.MDX,4096,A11A1A6A70E8DAD99EE8492A40D788F9D2BBECDD7C559D0BCCC96040FEC402D6
Factory B/SSV_HVAC/hOmSave7/s7hstatx/HATTARY1.DBF,2504,7221E98ADA2D64F56B421BBD6AC88FA5F5F46EC8572B7E3BC81CCE9EE9941538
Factory B/SSV_HVAC/hOmSave7/s7hstatx/HATTARY1.DBT,22016,228BF425478075E3006CEDF71BD229911FA535282AC8B7F465FC3EA5C07BD8C1
Factory B/SSV_HVAC/hOmSave7/s7hstatx/HATTARY1.MDX,4096,92BCADFE453027DAAEAA07AA923A4797735B54ADF44600B2E8CDA52BD80F44C4
Factory B/SSV_HVAC/hOmSave7/s7hstatx/HATTRIB1.DBF,44326,D0BB58220B3EC97B3D87C5CED1B300AF1B87E8CCDC55C22D743E065939B1F3E6
Factory B/SSV_HVAC/hOmSave7/s7hstatx/HATTRIB1.MDX,12288,58752375794ED196A4DBD9782347DB5D3A92ADCE44CE4C43259498DCF826482D
Factory B/SSV_HVAC/hOmSave7/s7hstatx/HATTRME1.DBF,4474,E23F1DF97EF16DF4F8FAE77499D0E642C9DD0ADC7557BC53264F6696278AC121
Factory B/SSV_HVAC/hOmSave7/s7hstatx/HATTRME1.DBT,50688,9F55E8A5C71A7433ECFC785E68DB3E826F2C277B73AD38281427567F9E21DE51
Factory B/SSV_HVAC/hOmSave7/s7hstatx/HATTRME1.MDX,11264,0A2AF7C6C21C648C86D5AA4F6EBACAC73346AD988C70EAD2B7B41EF9D395F23F
Factory B/SSV_HVAC/hOmSave7/s7hstatx/HLASTID2.DBF,336,43A1852E97F6A5B4D3E9D69BF42A57F29C7D02C7FE849EF9FA682AFBFD00400B
Factory B/SSV_HVAC/hOmSave7/s7hstatx/hLockID1,0,E3B0C44298FC1C149AFBF4C8996FB92427AE41E4649B934CA495991B7852B855
Factory B/SSV_HVAC/hOmSave7/s7hstatx/HOBJECT1.DBF,21820,DA3556DE2B23BE43A99F3EC8858879016E9C0688DCC463EBFF02D287EBB6AFF3
Factory B/SSV_HVAC/hOmSave7/s7hstatx/HOBJECT1.MDX,4096,FF6C908C8BE25BAF6E32C85D11022D3F60E0F53DCDFD4D7AF3711EAFB35EE7C6
Factory B/SSV_HVAC/hOmSave7/s7hstatx/HRELATI1.DBF,19368,1429C385C180882AAC43D82E6FFAA4F01293F52F5D21BC244F20C1FDF698558D
Factory B/SSV_HVAC/hOmSave7/s7hstatx/HRELATI1.MDX,28672,2C1B49FB1846A64800386E8AB36748BDBA1D4E30498CEA3CC5CEB61939ACDD62
Factory B/SSV_HVAC/hrs/GNRESOFF.DBF,22652,00C0B8B81F0F90DB835E273870A8AA9B760D7E6EF04E268A267FA83B485C67BE
Factory B/SSV_HVAC/hrs/GNRESOFF.MDX,4096,CA4B37925DF7EAD0D3AC2633B67F8FCAB1D0C040259970CD7F4A91915BF0773C
Factory B/SSV_HVAC/hrs/lastrgf.res,4,4F8320D91E97D546DC799848E8D218E18050AF7A7964E0414DE9E5479006D7E3
Factory B/SSV_HVAC/hrs/lastrsf.res,4,17FA9C7F5E9039A2D46E73E17D8E094A796EE4C313199BAD42DB4EE1DC30D865
Factory B/SSV_HVAC/hrs/lastrsn.res,4,1CA27EEB099AB9973C35E880918E0BD43A212152927FD569FC9262D937AC0B6C
Factory B/SSV_HVAC/hrs/linkhrs.lnk,39424,D84D58D4A2D9872F0F107365166E8BADD7DFCA51083585AFFEB985B0762C5AF6
Factory B/SSV_HVAC/hrs/rgflock.res,0,E3B0C44298FC1C149AFBF4C8996FB92427AE41E4649B934CA495991B7852B855
Factory B/SSV_HVAC/hrs/rsflock.res,0,E3B0C44298FC1C149AFBF4C8996FB92427AE41E4649B934CA495991B7852B855
Factory B/SSV_HVAC/hrs/rsnlock.res,0,E3B0C44298FC1C149AFBF4C8996FB92427AE41E4649B934CA495991B7852B855
Factory B/SSV_HVAC/hrs/S7RESOFF.DBF,11366,09A6E55D48BFBD4EACAE25028866F477E815DEF30409FC9A37C405DC98BE212F
Factory B/SSV_HVAC/hrs/S7RESOFF.MDX,4096,9D51615B296CF81164ACA79B095F6F0BD4B8DD10F7A7194D1DFC3180A7E75A6E
Factory B/SSV_HVAC/hrs/S7RESONL.DBF,32803,45F5EA96C9297CFB156DDDFD3330702FB7F8B3E32E720C5D78D34B5D8A83A98E
Factory B/SSV_HVAC/hrs/S7RESONL.MDX,4096,750393307AA4EFC36F07DEB8C5ADFB4E1EB8C4B0BB951E54ECC3062EEB3F25A0
Factory B/SSV_HVAC/link.lnk,1536,AFEADB5676A28510DB7F4B38540F02F41514203AD2337479970BEAC8137D020D
Factory B/SSV_HVAC/meldeom/meldvers.dat,4,67ABDD721024F0FF4E0B3F4C2FC13BC5BAD42D0B7851D456D88D203D15AAA450
Factory B/SSV_HVAC/meldeom/TEXTLNK.DBF,336,69FBE6A4EBF91141375EAAAD278CA5246E3B7A381FD215D0FDD5699B6DAED8AF
Factory B/SSV_HVAC/meldeom/TEXTLNK.MDX,12288,4DDCB36E3EF883F9388E179DB01586D71BC6252D872665921940E84E3ECA5E63
Factory B/SSV_HVAC/meldeom/TEXTOM.DBF,872,899DC6AC0CD8C8757480FD75F92C9B60B2D01A43FA7FED2578457269A5BB6043
Factory B/SSV_HVAC/meldeom/TEXTOM.DBT,1024,049959095FAF379CEBE7A39EDAB3872646789986529F89AC0DC669C71394CEB5
Factory B/SSV_HVAC/meldeom/textom.hid,4,67ABDD721024F0FF4E0B3F4C2FC13BC5BAD42D0B7851D456D88D203D15AAA450
Factory B/SSV_HVAC/meldeom/textom.lck,0,E3B0C44298FC1C149AFBF4C8996FB92427AE41E4649B934CA495991B7852B855
Factory B/SSV_HVAC/meldeom/TEXTOM.MDX,8192,5C68DBFEB5E63D2956A5CDBD449FE1E9A39607683B8BD34C98D442071A4D21D5
Factory B/SSV_HVAC/ombstx/offline/00000001/BAUSTEIN.DBF,13464,E5B46B9C44BC2CFE0691B2C98037E02024389500C1625C2810291408F03A414F
Factory B/SSV_HVAC/ombstx/offline/00000001/BAUSTEIN.DBT,74752,5D0C300604240D996F113BBAB87DBE69B47B442B9186E9465D154E9A12906BDC
Factory B/SSV_HVAC/ombstx/offline/00000001/baustein.id,4,3E319CE95C67010EC1DE0F761ECAC25551319FDB7E95886E420C22594CC484BF
Factory B/SSV_HVAC/ombstx/offline/00000001/baustein.lck,0,E3B0C44298FC1C149AFBF4C8996FB92427AE41E4649B934CA495991B7852B855
Factory B/SSV_HVAC/ombstx/offline/00000001/BAUSTEIN.MDX,13312,5F19A83E16B0404E1E75F1231422D88DBC6C34E54883B8FDD75CB6C8F973CE0A
Factory B/SSV_HVAC/ombstx/offline/00000001/links.lnk,1024,C92FFFAEFEE1CCA1560D6C1ABD907BCC9953C502C8EFF2444A89702C1EB93FD4
Factory B/SSV_HVAC/ombstx/offline/00000001/SUBBLK.DBF,29826,EE908FAEE283A1A2DBFA9FBF8D7EB44BFB2FA3E0DA252D13453E8D1FF54706C9
Factory B/SSV_HVAC/ombstx/offline/00000001/SUBBLK.DBT,392192,9E9B9131240EB6CB44130EA2C894BBE3A8B2A22B68472CF99313D1761CCA26CB
Factory B/SSV_HVAC/ombstx/offline/00000001/usfapx.ini,0,E3B0C44298FC1C149AFBF4C8996FB92427AE41E4649B934CA495991B7852B855
Factory B/SSV_HVAC/ombstx/offline/00000002/BAUSTEIN.DBF,16161,169B5E9E8097DD82E83FFF8658CC3A57CC72FA9A9DC295A4B93BD2A14BABAB12
Factory B/SSV_HVAC/ombstx/offline/00000002/BAUSTEIN.DBT,89600,CCC24297F3A8AB8B0D15FE29579E194E634DC563DFCC9C810BDA0723D6EEB911
Factory B/SSV_HVAC/ombstx/offline/00000002/baustein.id,4,8EEB772B34C1BB487F9670FCCB46DE75F970A3D037862EF8131E094F5544FC00
Factory B/SSV_HVAC/ombstx/offline/00000002/baustein.lck,0,E3B0C44298FC1C149AFBF4C8996FB92427AE41E4649B934CA495991B7852B855
Factory B/SSV_HVAC/ombstx/offline/00000002/BAUSTEIN.MDX,15360,7328D69369FE94ACFB8562840ED3E873B65A85979B206647224E331BD3418955
Factory B/SSV_HVAC/ombstx/offline/00000002/links.lnk,1024,6CB03C5ED4E97F734503A71A90895471CEB1B8220078D6E076AE0DC8F9A4ACC9
Factory B/SSV_HVAC/ombstx/offline/00000002/SUBBLK.DBF,38850,D03781F392388EF0CAC9E45C0352EC7F0482CB7FC760C618D564548030388CAE
Factory B/SSV_HVAC/ombstx/offline/00000002/SUBBLK.DBT,544256,BFA85B8818634F0BF8101214567669FF0A6DD7EEE3FD5E193E714687666A56E5
Factory B/SSV_HVAC/ombstx/offline/00000002/usfapx.ini,0,E3B0C44298FC1C149AFBF4C8996FB92427AE41E4649B934CA495991B7852B855
Factory B/SSV_HVAC/ombstx/offline/00000003/BAUSTEIN.DBF,10860,16F5F615463F8A7DB85993F725D4FFFD7546A55C9F25783D3452212BB9D69527
Factory B/SSV_HVAC/ombstx/offline/00000003/BAUSTEIN.DBT,59392,6E24BD3331639D0553779DFB3F71803A7492297F23D3692CD5FE46929EE468B1
Factory B/SSV_HVAC/ombstx/offline/00000003/baustein.id,4,52E9E3ADD38BF08350E260942004423CF95FCE71609AE1A46B260442DB2608BB
Factory B/SSV_HVAC/ombstx/offline/00000003/baustein.lck,0,E3B0C44298FC1C149AFBF4C8996FB92427AE41E4649B934CA495991B7852B855
Factory B/SSV_HVAC/ombstx/offline/00000003/BAUSTEIN.MDX,12288,56E02F13A0FB110CFC8034D00C5918393984C832FC28B6C803241FD587EFCB92
Factory B/SSV_HVAC/ombstx/offline/00000003/links.lnk,1024,C0D3B61B01A836A341915D630EA3CCA56D90C164146DE0A4CA39B6009527F350
Factory B/SSV_HVAC/ombstx/offline/00000003/SUBBLK.DBF,23298,21E6069D2886D493171F8ABF37039A16BE287F43733D7F7ACFCEE2C24E96E89C
Factory B/SSV_HVAC/ombstx/offline/00000003/SUBBLK.DBT,327680,44ADE6B85AFA9DC2DAF5AF6A8D080C2C83B4813455220AB783ADDA56E93DCABF
Factory B/SSV_HVAC/ombstx/offline/00000003/usfapx.ini,0,E3B0C44298FC1C149AFBF4C8996FB92427AE41E4649B934CA495991B7852B855
Factory B/SSV_HVAC/ombstx/offline/00000004/BAUSTEIN.DBF,10395,1F332B4EAAF045D8C762C1B9D5ED334B67C355B5E046287B422D8A2D9E641736
Factory B/SSV_HVAC/ombstx/offline/00000004/BAUSTEIN.DBT,56832,CD594D266411BCC28E9D71327F8B7E57986E0EAC2FD79F5F9B2D81330FD6EAD0
Factory B/SSV_HVAC/ombstx/offline/00000004/baustein.id,4,3F56473D402A3176F3CB8BBE1A85AE9805D876CB1A8398188774C6AFC929CB8B
Factory B/SSV_HVAC/ombstx/offline/00000004/baustein.lck,0,E3B0C44298FC1C149AFBF4C8996FB92427AE41E4649B934CA495991B7852B855
Factory B/SSV_HVAC/ombstx/offline/00000004/BAUSTEIN.MDX,12288,FB8DB5F227233607B533304F5673315234FFD18A00B8E2E60F4C220A77C47DFE
Factory B/SSV_HVAC/ombstx/offline/00000004/links.lnk,1024,4ACC920043CD8DC1EBD5D7459EE0D10C4A8CD5989ED4175F37EDD5F049EB80BE
Factory B/SSV_HVAC/ombstx/offline/00000004/SUBBLK.DBF,22338,67C729C17F0210ACF02122E67D60B51B80E1385B338735C3A6FAAC4FDB179CA1
Factory B/SSV_HVAC/ombstx/offline/00000004/SUBBLK.DBT,317440,CBE4A7ADA5BCEE112E185B8939EE54E7D586E14836A8CBE0C78D0ED27499DD13
Factory B/SSV_HVAC/ombstx/offline/00000004/usfapx.ini,0,E3B0C44298FC1C149AFBF4C8996FB92427AE41E4649B934CA495991B7852B855
Factory B/SSV_HVAC/ombstx/offline/00000005/BAUSTEIN.DBF,9744,15737FAC17D0E99EE929A5C0711D0F1A5A83243116ABB62636C3858897A1A76C
Factory B/SSV_HVAC/ombstx/offline/00000005/BAUSTEIN.DBT,100352,B3E2363D52F9E6EA507A64AC7D59E59F543622971020DD37A986038284732875
Factory B/SSV_HVAC/ombstx/offline/00000005/baustein.id,4,AEA75A928024D366BAD46F910A92AF49893567B615044B87F2387858ED37D149
Factory B/SSV_HVAC/ombstx/offline/00000005/baustein.lck,0,E3B0C44298FC1C149AFBF4C8996FB92427AE41E4649B934CA495991B7852B855
Factory B/SSV_HVAC/ombstx/offline/00000005/BAUSTEIN.MDX,11264,52CD37FC5B55F6E4F492F2CF127E3F1493870469805A7DEF687A528CE22F63D6
Factory B/SSV_HVAC/ombstx/offline/00000005/links.lnk,1024,F8F1B8CB6EC81230D76D22B53022C1FFEBED52F6152753ACA3A93B91F155B76D
Factory B/SSV_HVAC/ombstx/offline/00000005/SUBBLK.DBF,77442,56C5D9D21329D7639A4EB904D542ABA85D691D858E1ABB2E69B2E9C1AED1C1B1
Factory B/SSV_HVAC/ombstx/offline/00000005/SUBBLK.DBT,762368,2C200E69A53FACEB33B74DE3AB98FC448BE6F8BDC379E39BCBC1FC8384146E95
Factory B/SSV_HVAC/ombstx/offline/00000005/usfapx.ini,0,E3B0C44298FC1C149AFBF4C8996FB92427AE41E4649B934CA495991B7852B855
Factory B/SSV_HVAC/ombstx/offline/00000006/BAUSTEIN.DBF,15231,BAA1739706CC22BD1F98F11213DA21AD73CE3AEEC085260DFB8E11223BDFFB73
Factory B/SSV_HVAC/ombstx/offline/00000006/BAUSTEIN.DBT,83968,361C15164628E00033ECF7971214BA8858B9A5DC2EFC69A854D226A40FB9B7A0
Factory B/SSV_HVAC/ombstx/offline/00000006/baustein.id,4,77F21BFB1847D74D16CD3BCE4C78919601008E6B3098F6CC937FEBE1FF8028E8
Factory B/SSV_HVAC/ombstx/offline/00000006/baustein.lck,0,E3B0C44298FC1C149AFBF4C8996FB92427AE41E4649B934CA495991B7852B855
Factory B/SSV_HVAC/ombstx/offline/00000006/BAUSTEIN.MDX,15360,8149615CE06041804FBE72FDE5B80344A18C5016C10A32990FAE7791EE6D7D1E
Factory B/SSV_HVAC/ombstx/offline/00000006/links.lnk,1024,32F4AB9D83AAAFEA3B16548FD1E5DA0CBE13791453A54741423C6510410C3C6F
Factory B/SSV_HVAC/ombstx/offline/00000006/SUBBLK.DBF,34626,93DE79CEDA32F1206631BBEE777FE8C7DD05162E5528E48C3552227BCE42C816
Factory B/SSV_HVAC/ombstx/offline/00000006/SUBBLK.DBT,460800,DC3A180B4B621144EFB13FCF17779C2FF53FA24664C439F03B3C438269070263
Factory B/SSV_HVAC/ombstx/offline/00000006/usfapx.ini,0,E3B0C44298FC1C149AFBF4C8996FB92427AE41E4649B934CA495991B7852B855
Factory B/SSV_HVAC/ombstx/offline/00000007/BAUSTEIN.DBF,10953,8294203AC4C5699D8506D12F74978BFB7C2D8C6F8EF23755B6C93C47A57FBE83
Factory B/SSV_HVAC/ombstx/offline/00000007/BAUSTEIN.DBT,65536,B2E5193213E8373EE60721B082CF0A738F149E1D928687A761F24A539A132912
Factory B/SSV_HVAC/ombstx/offline/00000007/baustein.id,4,3AEAFEE1E1D75BC3E6E86B332352ED62C7C2FF29C76CC399C8596F8DD1ED36F2
Factory B/SSV_HVAC/ombstx/offline/00000007/baustein.lck,0,E3B0C44298FC1C149AFBF4C8996FB92427AE41E4649B934CA495991B7852B855
Factory B/SSV_HVAC/ombstx/offline/00000007/BAUSTEIN.MDX,11264,902EA6F7F94BC0C1AA0A5EDC920655CB4969F74B1B7E5708FB4ED0AA9F8B1F65
Factory B/SSV_HVAC/ombstx/offline/00000007/links.lnk,1024,6F129EF238233C672EE8B6AB0E589A1150F17873CE8D0F8E8A5CDC9A9A10AC79
Factory B/SSV_HVAC/ombstx/offline/00000007/SUBBLK.DBF,34818,32B0D6CDBC0BE9E71043F05A4A3A814407F0D665336A3C8B3742EF91AE352820
Factory B/SSV_HVAC/ombstx/offline/00000007/SUBBLK.DBT,490496,96552B8556FA5C09FCDF529D6C5FA19FB54A9F1BB51995B44F8D1CD42FE3295A
Factory B/SSV_HVAC/ombstx/offline/00000007/usfapx.ini,0,E3B0C44298FC1C149AFBF4C8996FB92427AE41E4649B934CA495991B7852B855
Factory B/SSV_HVAC/ombstx/offline/00000008/BAUSTEIN.DBF,10116,5E29572E7C911F9BA41D376F421AE74124FA2954531D840AB4AB8B86D25D29D4
Factory B/SSV_HVAC/ombstx/offline/00000008/BAUSTEIN.DBT,59392,269A52A9FF97C750CB572D2839C646A6B601BDDCF640F43176784AC05F744100
Factory B/SSV_HVAC/ombstx/offline/00000008/baustein.id,4,DB15613685ADAFF9A991EA7F93DE0C717FAB1971B7FFCA25B27E209FF0130391
Factory B/SSV_HVAC/ombstx/offline/00000008/baustein.lck,0,E3B0C44298FC1C149AFBF4C8996FB92427AE41E4649B934CA495991B7852B855
Factory B/SSV_HVAC/ombstx/offline/00000008/BAUSTEIN.MDX,11264,04A7AA998718DF7E7E8254D7782502AE46668B0AD232E06B16FCDC2A2618A4A6
Factory B/SSV_HVAC/ombstx/offline/00000008/links.lnk,1024,1783504B088AA334AB763280B309A80182AE3ABB3E05DD5CE23E0AC1349D55B1
Factory B/SSV_HVAC/ombstx/offline/00000008/SUBBLK.DBF,27522,E473D728ED6B67C35B40230841A4625ED654BA1F3F55B3B0F5A524C5E15FECC0
Factory B/SSV_HVAC/ombstx/offline/00000008/SUBBLK.DBT,463872,8EF45AC48B0CF3CFE18841D6F880BACEF03E4C76804489D37D56CCA7A31CBC14
Factory B/SSV_HVAC/ombstx/offline/00000008/usfapx.ini,0,E3B0C44298FC1C149AFBF4C8996FB92427AE41E4649B934CA495991B7852B855
Factory B/SSV_HVAC/ombstx/offline/0000000b/BAUSTEIN.DBF,24810,B4C2E34992B1EFC60E95C112A6708452D6454587C5C63BE49C9D5DD81359193A
Factory B/SSV_HVAC/ombstx/offline/0000000b/BAUSTEIN.DBT,143872,9898CD4AF207D0364B90A647CF3F730D58B139A0D6343D7915825E0CF805444C
Factory B/SSV_HVAC/ombstx/offline/0000000b/baustein.id,4,6AC1C8EA5B4632F96943D4C6C393EBC4E2B9C4FA6433FE3CDA36A4924115A96B
Factory B/SSV_HVAC/ombstx/offline/0000000b/baustein.lck,0,E3B0C44298FC1C149AFBF4C8996FB92427AE41E4649B934CA495991B7852B855
Factory B/SSV_HVAC/ombstx/offline/0000000b/BAUSTEIN.MDX,21504,0E36E0ACA6652AEC9E5A90C488ACD1DDD6273665E50EDBCED0ABE65A1567939D
Factory B/SSV_HVAC/ombstx/offline/0000000b/links.lnk,1024,E384165CEFA81319603EAF0A03EA236A890DCC4879F2907DD451F578CAED0902
Factory B/SSV_HVAC/ombstx/offline/0000000b/SUBBLK.DBF,68226,84A8BDA4DE2C34847335C3F3B8EFD30F6B9CF317DAF267BA999F870DCFABE11D
Factory B/SSV_HVAC/ombstx/offline/0000000b/SUBBLK.DBT,833024,F271B8A7B19A5344D1D63524065CEF861A4BF79410F27A7D2E229CC223D1100D
Factory B/SSV_HVAC/ombstx/offline/0000000b/usfapx.ini,0,E3B0C44298FC1C149AFBF4C8996FB92427AE41E4649B934CA495991B7852B855
Factory B/SSV_HVAC/ombstx/offline/0000000c/BAUSTEIN.DBF,12813,5B08C0B8E4BC03D80E271D6D4F338EBF695B1285B37C266D16BC2532F848ECD6
Factory B/SSV_HVAC/ombstx/offline/0000000c/BAUSTEIN.DBT,88576,C7F318FBC82FBEEA36793EAF13464B99469807B5AC2BE1983F3014C4E3EE93CB
Factory B/SSV_HVAC/ombstx/offline/0000000c/baustein.id,4,6C26BE999C603064A73DA291548DFBBA47BA691DF0C288AE297895477C00921D
Factory B/SSV_HVAC/ombstx/offline/0000000c/baustein.lck,0,E3B0C44298FC1C149AFBF4C8996FB92427AE41E4649B934CA495991B7852B855
Factory B/SSV_HVAC/ombstx/offline/0000000c/BAUSTEIN.MDX,12288,0F77D5820B0564882D7FAA525555FD4BF2C53B538FC95920116449AE02FE8019
Factory B/SSV_HVAC/ombstx/offline/0000000c/links.lnk,1024,0EA4DD29526F14A53898F6435914053202F4D1F591C820C415E3F4096ED45670
Factory B/SSV_HVAC/ombstx/offline/0000000c/SUBBLK.DBF,91650,D55CDBE414E4D86415650AD69C4EC458AA24B7F69D25C320A03AFF71A8492A75
Factory B/SSV_HVAC/ombstx/offline/0000000c/SUBBLK.DBT,1098240,DFC1B09B8A03995BCBF9CD86C5A34F2B3103DF6D710D285A06ADA76FFA98CE57
Factory B/SSV_HVAC/ombstx/offline/0000000c/usfapx.ini,0,E3B0C44298FC1C149AFBF4C8996FB92427AE41E4649B934CA495991B7852B855
Factory B/SSV_HVAC/ombstx/offline/0000000f/BAUSTEIN.DBF,7977,438614907537831D38E027CB79DDC0097D3B88CD69BD2FE1F31C9EC1649EB977
Factory B/SSV_HVAC/ombstx/offline/0000000f/BAUSTEIN.DBT,46080,32B517067CDEDF3969108543646108218F7C24CC44E36B988B2E0AB2F533E45C
Factory B/SSV_HVAC/ombstx/offline/0000000f/baustein.id,4,3FBF037CB6BCB6178EA17E51A1766736CBCB464E4BC6991E76C0961D313C9446
Factory B/SSV_HVAC/ombstx/offline/0000000f/baustein.lck,0,E3B0C44298FC1C149AFBF4C8996FB92427AE41E4649B934CA495991B7852B855
Factory B/SSV_HVAC/ombstx/offline/0000000f/BAUSTEIN.MDX,10240,A3662C22586C6AE3C38F0F8CCE367B6EEED20011762E317F01843E100B5643EA
Factory B/SSV_HVAC/ombstx/offline/0000000f/links.lnk,1024,B96096BCFE5A749A56396FD0DD07DE47D16E6587F9C99BD512EAA6127EB7C5ED
Factory B/SSV_HVAC/ombstx/offline/0000000f/SUBBLK.DBF,24834,BDAB98224402672738ED3FDF736734269B3C9C7298863FE9F67278A702CB93D6
Factory B/SSV_HVAC/ombstx/offline/0000000f/SUBBLK.DBT,304640,0E6E8630A59B7AC066F927B4CEFEDE7BB0C7598DBAD105EF945EE6A40C546F60
Factory B/SSV_HVAC/ombstx/offline/0000000f/usfapx.ini,0,E3B0C44298FC1C149AFBF4C8996FB92427AE41E4649B934CA495991B7852B855
Factory B/SSV_HVAC/ombstx/offline/BSTCNTOF.DBF,9602,F8CB689FAD75CB898BBC7BDC22BDC1507F2ED59C12D61EBAE938D15C8843F93C
Factory B/SSV_HVAC/ombstx/offline/bstcntof.id,4,17FA9C7F5E9039A2D46E73E17D8E094A796EE4C313199BAD42DB4EE1DC30D865
Factory B/SSV_HVAC/ombstx/offline/bstcntof.lck,0,E3B0C44298FC1C149AFBF4C8996FB92427AE41E4649B934CA495991B7852B855
Factory B/SSV_HVAC/ombstx/offline/BSTCNTOF.MDX,4096,B8805F5A40D5E76577D88C196A162E0AA173730FB9EBBACCB0D5F2631E6CB39A
Factory B/SSV_HVAC/ombstx/online/BSTCNTON.DBF,27954,928423F8B762773DE273CCE1575294E3B1E0DDE58EFE6821C647A805AB268724
Factory B/SSV_HVAC/ombstx/online/bstcnton.id,4,1CA27EEB099AB9973C35E880918E0BD43A212152927FD569FC9262D937AC0B6C
Factory B/SSV_HVAC/ombstx/online/bstcnton.lck,0,E3B0C44298FC1C149AFBF4C8996FB92427AE41E4649B934CA495991B7852B855
Factory B/SSV_HVAC/ombstx/online/BSTCNTON.MDX,4096,B2626F8F3EF459EBD6A02BE3A321239FEB7CEA52017250183201A148866A767E
Factory B/SSV_HVAC/ombstx/online/links.lnk,28672,476959EAD67A8AFE331F631D45B1C4E94CA88F591CF29E428A94FD2CB20D9251
Factory B/SSV_HVAC/omgd/gdflock.res,0,E3B0C44298FC1C149AFBF4C8996FB92427AE41E4649B934CA495991B7852B855
Factory B/SSV_HVAC/omgd/lastgd,4,67ABDD721024F0FF4E0B3F4C2FC13BC5BAD42D0B7851D456D88D203D15AAA450
Factory B/SSV_HVAC/omgd/linkgd/00000001.DBF,414,13C7522F9C9C5452EF2AF5C6E0E7EE2DDC5C3AF341BD5D9CAB14D33DB112DE9C
Factory B/SSV_HVAC/omgd/S7GD.DBF,2215,06D772C3ADA93B833F9224AD250F47DDEE65395A07998E94DBA3E39EA316DDD3
Factory B/SSV_HVAC/omgd/S7GD.DBT,1024,91904DB1FC9357861950C300AD0E1F39F1E88114BC2067AC2840A862F4BC7F2B
Factory B/SSV_HVAC/omgd/S7GD.MDX,4096,4E37876139396D8A7F743F4345FA2B77C2FEFC916F32CB2C3996616DF83FA7BC
Factory B/SSV_HVAC/pgs/gsflock.res,0,E3B0C44298FC1C149AFBF4C8996FB92427AE41E4649B934CA495991B7852B855
Factory B/SSV_HVAC/pgs/lastgs,4,67ABDD721024F0FF4E0B3F4C2FC13BC5BAD42D0B7851D456D88D203D15AAA450
Factory B/SSV_HVAC/pgs/linkgs/00000001.DBF,414,662B43EA7303706594F95EA2CC4EFFBD0D1781698DA800289DB72A3D4B699FBE
Factory B/SSV_HVAC/pgs/S7GS.DBF,3615,5EAD07F47CD937C77CECE1F860D8E70B68B08FDAF4B2CDC6B620AD0E7293FB69
Factory B/SSV_HVAC/pgs/S7GS.MDX,4096,136F54EAB1459A9F3E2E0BDC5D1743BDCC63DEFE77A37E64BDB51447DA0D783A
Factory B/SSV_HVAC/s7asrcom/00000001/S7CONTAI.DBF,450,AAB7943F831DF7A2B937D77AFF2D94CB0499880B97494F445060E5882B19FC31
Factory B/SSV_HVAC/s7asrcom/00000001/S7CONTAI.MDX,8192,A1131300DBBE891BCD552989CD860A527C214E6B609FB2508607ED95DA3E422D
Factory B/SSV_HVAC/s7asrcom/00000001/S7LINKS.DBF,414,26BD9C5CE685E775BCEA65A6C634A9354A2BDF4E89851158D264F713807FCEE5
Factory B/SSV_HVAC/s7asrcom/00000001/s7source.lck,0,E3B0C44298FC1C149AFBF4C8996FB92427AE41E4649B934CA495991B7852B855
Factory B/SSV_HVAC/s7asrcom/00000002/S7CONTAI.DBF,450,AAB7943F831DF7A2B937D77AFF2D94CB0499880B97494F445060E5882B19FC31
Factory B/SSV_HVAC/s7asrcom/00000002/S7CONTAI.MDX,8192,A1131300DBBE891BCD552989CD860A527C214E6B609FB2508607ED95DA3E422D
Factory B/SSV_HVAC/s7asrcom/00000002/S7LINKS.DBF,414,437E166D290DE6AD774D6D47E3DF237B541041B132515E4894028A7FCC9B448C
Factory B/SSV_HVAC/s7asrcom/00000002/s7source.lck,0,E3B0C44298FC1C149AFBF4C8996FB92427AE41E4649B934CA495991B7852B855
Factory B/SSV_HVAC/s7asrcom/00000003/S7CONTAI.DBF,450,AAB7943F831DF7A2B937D77AFF2D94CB0499880B97494F445060E5882B19FC31
Factory B/SSV_HVAC/s7asrcom/00000003/S7CONTAI.MDX,8192,A1131300DBBE891BCD552989CD860A527C214E6B609FB2508607ED95DA3E422D
Factory B/SSV_HVAC/s7asrcom/00000003/S7LINKS.DBF,414,5DD0F2D1E412046C2321450FB62EAF58401B140705CB75545F33C1684C909052
Factory B/SSV_HVAC/s7asrcom/00000003/s7source.lck,0,E3B0C44298FC1C149AFBF4C8996FB92427AE41E4649B934CA495991B7852B855
Factory B/SSV_HVAC/s7asrcom/00000004/S7CONTAI.DBF,450,AAB7943F831DF7A2B937D77AFF2D94CB0499880B97494F445060E5882B19FC31
Factory B/SSV_HVAC/s7asrcom/00000004/S7CONTAI.MDX,8192,A1131300DBBE891BCD552989CD860A527C214E6B609FB2508607ED95DA3E422D
Factory B/SSV_HVAC/s7asrcom/00000004/S7LINKS.DBF,414,9C98830ABBE49C7F94614FEEE11846003D214258F599DFD7CA974EBA83D735FC
Factory B/SSV_HVAC/s7asrcom/00000004/s7source.lck,0,E3B0C44298FC1C149AFBF4C8996FB92427AE41E4649B934CA495991B7852B855
Factory B/SSV_HVAC/s7asrcom/00000005/S7CONTAI.DBF,450,AAB7943F831DF7A2B937D77AFF2D94CB0499880B97494F445060E5882B19FC31
Factory B/SSV_HVAC/s7asrcom/00000005/S7CONTAI.MDX,8192,A1131300DBBE891BCD552989CD860A527C214E6B609FB2508607ED95DA3E422D
Factory B/SSV_HVAC/s7asrcom/00000005/S7LINKS.DBF,414,9506DD2B2EF330982E3395C10CEA340A2F212203D56A4E49030840EA9664F79F
Factory B/SSV_HVAC/s7asrcom/00000005/s7source.lck,0,E3B0C44298FC1C149AFBF4C8996FB92427AE41E4649B934CA495991B7852B855
Factory B/SSV_HVAC/s7asrcom/00000006/S7CONTAI.DBF,450,AAB7943F831DF7A2B937D77AFF2D94CB0499880B97494F445060E5882B19FC31
Factory B/SSV_HVAC/s7asrcom/00000006/S7CONTAI.MDX,8192,A1131300DBBE891BCD552989CD860A527C214E6B609FB2508607ED95DA3E422D
Factory B/SSV_HVAC/s7asrcom/00000006/S7LINKS.DBF,414,5A3DF4492215F45D36A484B891F9AD896A65EEB181ED4B2E762FB990B5361BB9
Factory B/SSV_HVAC/s7asrcom/00000006/s7source.lck,0,E3B0C44298FC1C149AFBF4C8996FB92427AE41E4649B934CA495991B7852B855
Factory B/SSV_HVAC/s7asrcom/00000007/S7CONTAI.DBF,450,AAB7943F831DF7A2B937D77AFF2D94CB0499880B97494F445060E5882B19FC31
Factory B/SSV_HVAC/s7asrcom/00000007/S7CONTAI.MDX,8192,A1131300DBBE891BCD552989CD860A527C214E6B609FB2508607ED95DA3E422D
Factory B/SSV_HVAC/s7asrcom/00000007/S7LINKS.DBF,414,7CF8C4484A437FA60751BA214AC34F53B18EED8C7BE3E881F3C09387CDEC23AD
Factory B/SSV_HVAC/s7asrcom/00000007/s7source.lck,0,E3B0C44298FC1C149AFBF4C8996FB92427AE41E4649B934CA495991B7852B855
Factory B/SSV_HVAC/s7asrcom/00000008/S7CONTAI.DBF,450,AAB7943F831DF7A2B937D77AFF2D94CB0499880B97494F445060E5882B19FC31
Factory B/SSV_HVAC/s7asrcom/00000008/S7CONTAI.MDX,8192,A1131300DBBE891BCD552989CD860A527C214E6B609FB2508607ED95DA3E422D
Factory B/SSV_HVAC/s7asrcom/00000008/S7LINKS.DBF,414,8B09B66B2CD498F715DAFA5023484745B2E87D2D470B39F045A9F94FD4AF2127
Factory B/SSV_HVAC/s7asrcom/00000008/s7source.lck,0,E3B0C44298FC1C149AFBF4C8996FB92427AE41E4649B934CA495991B7852B855
Factory B/SSV_HVAC/s7asrcom/0000000b/S7CONTAI.DBF,450,49A0441BA5BFF06ED1C88D623350C1C8A1A8B467875CFAE5CF34758EF41A8314
Factory B/SSV_HVAC/s7asrcom/0000000b/S7CONTAI.MDX,8192,825E62790EEDE23099AE9922D938594D9F5B27725E8DDA67A3634EACD995AB59
Factory B/SSV_HVAC/s7asrcom/0000000b/S7LINKS.DBF,414,A04EDD5A3D844E5A75BA231D154A89D826D3B838BE45437308834D34A598DD40
Factory B/SSV_HVAC/s7asrcom/0000000b/s7source.lck,0,E3B0C44298FC1C149AFBF4C8996FB92427AE41E4649B934CA495991B7852B855
Factory B/SSV_HVAC/s7asrcom/0000000c/S7CONTAI.DBF,450,0CF43A3A130D6AD2C14C2EC35D52CA1E7BD8CA38B32656712F42BAFDC6826472
Factory B/SSV_HVAC/s7asrcom/0000000c/S7CONTAI.MDX,8192,565938E1AEA8427EDD68D22C85F737561A1779855746934AFB7846685EFFD51A
Factory B/SSV_HVAC/s7asrcom/0000000c/S7LINKS.DBF,414,8E75801311A4DD3B1867CD31562C361848007CFDBDC28DE7D0C986361211F473
Factory B/SSV_HVAC/s7asrcom/0000000c/s7source.lck,0,E3B0C44298FC1C149AFBF4C8996FB92427AE41E4649B934CA495991B7852B855
Factory B/SSV_HVAC/s7asrcom/0000000f/S7CONTAI.DBF,450,116D164A3E8A838BFB75BF14A5A176884DAA47483F47F61045A21CCF42FBA21B
Factory B/SSV_HVAC/s7asrcom/0000000f/S7CONTAI.MDX,8192,BB197911B98B73F59B29AFA80362E713AF58AEB5A80EFE683209308028EE3A1A
Factory B/SSV_HVAC/s7asrcom/0000000f/S7LINKS.DBF,414,A007F0BC6828430C47168961C2D6DFE892B9F9E7F40CBEFEE57C607115C5BFCE
Factory B/SSV_HVAC/s7asrcom/0000000f/s7source.lck,0,E3B0C44298FC1C149AFBF4C8996FB92427AE41E4649B934CA495991B7852B855
Factory B/SSV_HVAC/s7asrcom/s7cntID.src,8,F19A0650395082AB183E0B06BCF18CBCBA454C9C393128044E22B38E15CA4C60
Factory B/SSV_HVAC/s7asrcom/S7CNTREF.DBF,8928,423E9447E740B4E704017D09D92B5524690B7166F8FF05E83DE68EE008426108
Factory B/SSV_HVAC/s7asrcom/S7CNTREF.MDX,4096,62E29A63EAAFF76D41BC59AA6E9425B39E0DECAC299517D9022F04379AD8B788
Factory B/SSV_HVAC/s7asrcom/s7contai.lck,0,E3B0C44298FC1C149AFBF4C8996FB92427AE41E4649B934CA495991B7852B855
Factory B/SSV_HVAC/s7extref/s7pltref.lck,0,E3B0C44298FC1C149AFBF4C8996FB92427AE41E4649B934CA495991B7852B855
Factory B/SSV_HVAC/s7extref/s7pltref.xml,77,31DBAC3C6883D9E5B5AD633BFEB19452E3470AC60175AA83256A3A7AB7445E28
Factory B/SSV_HVAC/s7netpro.npa,1888,5B8C1DB907C4A54BD20DBC357254D833330354D080ED0C458630CFC5862EC039
Factory B/SSV_HVAC/S7Netze/S7NONFGX.id,4,B202C25D3EADD61C87A3A0CD25DF5A2527731241A8307C86843670EB6EA8C8DA
Factory B/SSV_HVAC/S7Netze/S7NONFGX.lnk,32768,AC8019424A0F7D105DA59EC0153707B61E49ADC555308F3510FCBE5120D7B251
Factory B/SSV_HVAC/S7Netze/S7NONFGX.tab,247383,76F1AF79CF816F0FD8FC566D71403649F9E2844682141151CD5F349FACADBD91
Factory B/SSV_HVAC/S7NFREMX/S7NFREMX.tab,0,E3B0C44298FC1C149AFBF4C8996FB92427AE41E4649B934CA495991B7852B855
Factory B/SSV_HVAC/S7PPLOMX/layout,130,D577C76AB05B00D42DDEDFC7F56E102A5BEAB383B1E1188705B222CBF498CE4A
Factory B/SSV_HVAC/sdb/00000001/00000003.PG,650,FA632DAD746E8A83BF74A8FA615604371B46CDC5664D9AEF11E9545C6136E408
Factory B/SSV_HVAC/sdb/00000001/000000d0.PG,338,3057374B942CDD6B99A651AB9BA5073C4EBC2182A6B2FAC9CC7006109FC0196D
Factory B/SSV_HVAC/sdb/00000001/0000010d.PG,566,5357331667D19DA8C080C4316F7EB0584159C7FE06436C229E31B8258FF13FE9
Factory B/SSV_HVAC/sdb/00000001/0000010e.PG,142,0DB67DE15A834A51A41434A7E777525190EFA98BC811AC3C1966E963F2FE7333
Factory B/SSV_HVAC/sdb/00000001/0000010f.PG,2230,19DCD1A4CE6C3BE809C9A011D862A262F0A56730D6916E83B7D6A06C2457309F
Factory B/SSV_HVAC/sdb/00000001/00000110.PG,696,1BFF7ACDD0285DC362B97771DE178F79D59F1249D4F03965EFA44149B606E328
Factory B/SSV_HVAC/sdb/00000001/00000111.PG,306,7B696DCD0322CE16B7542C3FA44FE19882F2DBF9E890E30E1B3482704271D4E4
Factory B/SSV_HVAC/sdb/00000001/00000112.PG,922,D15A6ECEFE3082953D2E269AB3060698840BD28E57A6B6B3E239C80E4E09CB1E
Factory B/SSV_HVAC/sdb/00000001/00000113.PG,716,859473005E73D1BBDC729531F7E14000B61BB96159FB6E97E101DD156A1348F2
Factory B/SSV_HVAC/sdb/00000001/00000114.PG,624,7DD88F9CB61C25CF502449068F5CD78D778BD4EBD6E1BAAEA75A35C6A1A9765C
Factory B/SSV_HVAC/sdb/00000001/00000115.PG,138,A7BBDC3771436B987E3335F7A878ADF13E99DDDFBE00257D279E7FCF7D13DBBB
Factory B/SSV_HVAC/sdb/00000001/00000116.PG,306,605A9F924A3D1E4A872BB67FF78B38827F63B0BA6FC14B1985F2222A190FBE30
Factory B/SSV_HVAC/sdb/00000001/00000117.PG,152,F1F308A5234B332806C2637DCD80E7556153D911BC0B8A450FE99F668351A463
Factory B/SSV_HVAC/sdb/00000001/00000118.PG,238,A95737AFC03115E60D2238CDDA32B73A3188C0AC9FE7201B680AC0559B19807E
Factory B/SSV_HVAC/sdb/00000001/link/00000001.DBF,414,D7ADD1F751371207941F70B3431E405BD1B12F3AE8F48E1003B05936530C925D
Factory B/SSV_HVAC/sdb/00000001/list/00000001.DBF,31434,3F8048753DE4D5B3498AFDC7961E287842FC672E8254108BC96B4E8B1579F317
Factory B/SSV_HVAC/sdb/00000001/list/00000001.MDX,4096,1A732B39DF128246F77BF8774AF4E33C6B91C754E21FC9F4EDF920E954E3A228
Factory B/SSV_HVAC/sdb/00000002/00000003.PG,650,FA632DAD746E8A83BF74A8FA615604371B46CDC5664D9AEF11E9545C6136E408
Factory B/SSV_HVAC/sdb/00000002/000000cf.PG,338,D530788D518176C6FBC95DE8D84FCF72412F450A0D3A1BD7D76F5902F8ACD22B
Factory B/SSV_HVAC/sdb/00000002/000000dd.PG,306,48C0F77FCA74C83622F3795FC13E1D0AE4000A718F449A521962290F9B871A75
Factory B/SSV_HVAC/sdb/00000002/000000de.PG,920,D43F943B475DB7450F564459BF62027534BE230F0BAD9E632BAC29731907DE84
Factory B/SSV_HVAC/sdb/00000002/000000df.PG,920,96A78499CCEB66EF4A077B86E431431ECD2FFFDCF237E5285B792AEC0873C036
Factory B/SSV_HVAC/sdb/00000002/000000e0.PG,820,F63DEC1437B5B541F0F89DF05279BA9EAFBBEB90A2695FD732FEA723642FEC32
Factory B/SSV_HVAC/sdb/00000002/000000e1.PG,138,71CD961C5A62A94766252D6C623A27FA3A1819CB3DB14E774BB6FCAE9781C84A
Factory B/SSV_HVAC/sdb/00000002/000000e2.PG,306,992E84F792513CAC63AF1E03FB86DBDF454EB7BC116AE94802DC9C22556AFA6A
Factory B/SSV_HVAC/sdb/00000002/000000e3.PG,152,72C210FE2EA93BB732D170D9FB417F79EEE798B95BB640CB482CE8A8F7133CAF
Factory B/SSV_HVAC/sdb/00000002/000000e4.PG,566,5E679DDED18457A23A139CE87B3412D6263D0B6DB4AE716B54B36A2CE11D35EB
Factory B/SSV_HVAC/sdb/00000002/000000e5.PG,142,0575BFE6E99FB5DB0B4277251258C5360F20F712DE126A1ED11AE5E9F1E09EA1
Factory B/SSV_HVAC/sdb/00000002/000000e6.PG,2804,16CE6F7672B41D62564B569E0D51B0E4BC523CA8B43FEE35608EFA3FA283D657
Factory B/SSV_HVAC/sdb/00000002/000000e7.PG,696,E7366975C99643AA457C9AB67750C53C871F0C503FB73E752D6EBAA7844F9B8F
Factory B/SSV_HVAC/sdb/00000002/000000e8.PG,238,476F08F6D68783091B59014A66DCE2F38065B3FDD2C4029D19BA0B46965FF8CD
Factory B/SSV_HVAC/sdb/00000002/link/00000002.DBF,414,FEF63D4845910B8FC8DD81D63490B2C8259C1FC0E357CACF5DC37DE7982089BB
Factory B/SSV_HVAC/sdb/00000002/list/00000002.DBF,26106,14E9A85AABC437BE19A437D1DFC38B5546F491977A23A90BC2057317C64CEDEE
Factory B/SSV_HVAC/sdb/00000002/list/00000002.MDX,4096,8A34CA005A44BA345C25772717E78DE5DA2F400880025953F825D4D3D0900D24
Factory B/SSV_HVAC/sdb/00000003/00000003.PG,650,FA632DAD746E8A83BF74A8FA615604371B46CDC5664D9AEF11E9545C6136E408
Factory B/SSV_HVAC/sdb/00000003/000000cf.PG,338,4E959E0B16D48C2DEA03DE3EC634D4B590EA51E8D65F235C980822AC8008AE14
Factory B/SSV_HVAC/sdb/00000003/000000dd.PG,306,81922FE127B33CB83EEC701610A62C5B6C982AB2F0F6E9A810D84EB1B5A619CA
Factory B/SSV_HVAC/sdb/00000003/000000de.PG,920,2E4E3D10A9819E0171D8242091F96B871ABD5538DB4E8A5E2C06384CCBD2F0C7
Factory B/SSV_HVAC/sdb/00000003/000000df.PG,836,63EDDF8A1B6F6177C18FA135DB4CA7D6FCDEAFDA1F39859C768150CBA77FE8CA
Factory B/SSV_HVAC/sdb/00000003/000000e0.PG,702,1474C9B79BD758ECBCFFD8E7770B5580DCE17C79975C717A59E961ED442E9196
Factory B/SSV_HVAC/sdb/00000003/000000e1.PG,138,5FE6C441B301E74205D5B9B68B31C9F9FEA83978EF73B723279A67E9C81C9A48
Factory B/SSV_HVAC/sdb/00000003/000000e2.PG,306,24AF98921D1DA299E40B3BD7AC6D6E9E32D6E53C70DEE9F8010F9398EDBBAE43
Factory B/SSV_HVAC/sdb/00000003/000000e3.PG,152,6B79C2DBCBAEB6A580408ECFE9CB54B1EBBDF17AC1AE61E50EF2A2B3735F78B5
Factory B/SSV_HVAC/sdb/00000003/000000e4.PG,566,7AB6EF21B39D00DB0C0C9CA2B726408CDF1589B9D9143026BB26037C42206F1D
Factory B/SSV_HVAC/sdb/00000003/000000e5.PG,142,F04042D5A313222EA141DBAD3E38D0DB4F6D5F213A0E8BBF31DEDE7C51B158BD
Factory B/SSV_HVAC/sdb/00000003/000000e6.PG,2410,0EAD9A354E304CC4064DE63163DE373DDB1FA63E6A52B6B900FA127F4AC4B2D3
Factory B/SSV_HVAC/sdb/00000003/000000e7.PG,696,6FED6BF1D98E7F1BE43BCF826CF238A61434A480B079B95EB3F0E52EAA0048A6
Factory B/SSV_HVAC/sdb/00000003/000000e8.PG,238,99E1DEE2C00C6FEB7909415D08059F242D9498ABE0231D99B25F5122ECCBDD12
Factory B/SSV_HVAC/sdb/00000003/link/00000003.DBF,414,CD0E66052CB651BE969A5B1842F476EFFE1EF9DD96256FD9A6C2587656C2277B
Factory B/SSV_HVAC/sdb/00000003/list/00000003.DBF,26106,A812094FC529304C487FF2F4D5D7380F7147DD1A42CEEC9B0F9E7EA2422E11EB
Factory B/SSV_HVAC/sdb/00000003/list/00000003.MDX,4096,64F7851A8396723A4E9EEA5A531D5421B5EE1DE9105AE151A5E9CAAAFFDBD94C
Factory B/SSV_HVAC/sdb/00000004/00000003.PG,650,FA632DAD746E8A83BF74A8FA615604371B46CDC5664D9AEF11E9545C6136E408
Factory B/SSV_HVAC/sdb/00000004/000000cf.PG,338,761B53459919C345C2E112CD1E169360250F9461FA86F96693630F50BE498A4C
Factory B/SSV_HVAC/sdb/00000004/000000e9.PG,696,AC9EA79CB1DBFEB302D216C0FA0F0A73C7C79CDB381BC73DC2B063BBDB4E42A7
Factory B/SSV_HVAC/sdb/00000004/000000ea.PG,2120,8A7272CEE0DBEDB128CB210F064FEAF9D091411C75A89E607A5A38CEDC91C9CA
Factory B/SSV_HVAC/sdb/00000004/000000eb.PG,306,D54873E5BAB058D63A59E709AE3CA5A51D52604544267E24A561A0357A0E85E4
Factory B/SSV_HVAC/sdb/00000004/000000ec.PG,142,A5FB99106FF6319C4FB297327E3F0A43D04CAB51D92384A5DA541AF32995564C
Factory B/SSV_HVAC/sdb/00000004/000000ed.PG,702,A358FDF2C2497CB340477CA24891D3BD090E64E802B1C3B838D1AA621AA8A385
Factory B/SSV_HVAC/sdb/00000004/000000ee.PG,152,A297468256A775D8B1F8A147819449B711F344541D2D668619163E26DBC0BF41
Factory B/SSV_HVAC/sdb/00000004/000000ef.PG,306,CDCE58AD6B21AD1F34BC24EA8A71C64466A21BC4C97D2B0B376C2BFF970BC5FA
Factory B/SSV_HVAC/sdb/00000004/000000f0.PG,138,BEFCA738AA4474047E73E75FE0EA720B56262F1E29226AA7C2C9EB1B2771A6A7
Factory B/SSV_HVAC/sdb/00000004/000000f1.PG,572,D5DD516530B95DF0B15E46815DDCF186C8EFF8057FBCE2B8AEA34885337AAFAD
Factory B/SSV_HVAC/sdb/00000004/000000f2.PG,636,D71449BA8B899FC89423614D7587FF77AC4484E1EBAEF1656C88DD185EC13497
Factory B/SSV_HVAC/sdb/00000004/000000f3.PG,920,4711B8373DAF73C8FD3C4E203E99BDA7C4664B9E280EE669C7DADBAABF787613
Factory B/SSV_HVAC/sdb/00000004/000000f4.PG,238,75CC0C92E63DA0192C990F88676661615C079E05BB29B515CA528787C6BCB001
Factory B/SSV_HVAC/sdb/00000004/link/00000004.DBF,414,9C38D7CC72CE2FE66FF6777941FF048DAC0250151F76F9C646D4271DCB092537
Factory B/SSV_HVAC/sdb/00000004/list/00000004.DBF,27438,CEEC0077503BE30EBF5A1818AA029523080A7D6B8BFE863C69EF712FD527730C
Factory B/SSV_HVAC/sdb/00000004/list/00000004.MDX,4096,9F7F28E65EA20DAA2CC51E6441A98CDC5AECFDB9221DADC8995A291ECFE1F069
Factory B/SSV_HVAC/sdb/00000005/00000003.PG,650,FA632DAD746E8A83BF74A8FA615604371B46CDC5664D9AEF11E9545C6136E408
Factory B/SSV_HVAC/sdb/00000005/000000e8.PG,338,0CD40CFE9FE040D7F7F557A97ABB3929E2021782E16F9CCBF33339B312D9F948
Factory B/SSV_HVAC/sdb/00000005/000000ea.PG,696,09CE87D6F36B991A78108E1B01D578BA39DF35FCA67706C836A1F1AAFE9637F6
Factory B/SSV_HVAC/sdb/00000005/000000eb.PG,1886,A300E434D27228DF0748E0BEEE3BA1B3D2BC63B1BB6A948F7CE7E6B18354F2E9
Factory B/SSV_HVAC/sdb/00000005/000000ec.PG,142,B5EFEA18BF250FCCA1537957D0065DC4635290FECB5B6BBA7A93E98561D6E8C4
Factory B/SSV_HVAC/sdb/00000005/000000ed.PG,566,A747011DA77C5B440CFA67337B076803F02D2DF9041877F4D6FE6A8DC64B8B3D
Factory B/SSV_HVAC/sdb/00000005/000000ee.PG,152,DCB03789179FB1714C0B4EDE7042F2C1A98496EF533F053DEAAADFE0347DD44B
Factory B/SSV_HVAC/sdb/00000005/000000ef.PG,306,3DAAD068BF7CCFE2BF4E10E64576B78B6D80AB7F5423B3AFAD77C720CA393240
Factory B/SSV_HVAC/sdb/00000005/000000f0.PG,138,8CEC7DEDF8D17FA02347273FEBC3516EB6DF1E591188C5DC955EC56CE9981B6F
Factory B/SSV_HVAC/sdb/00000005/000000f1.PG,520,55E547761350285B6AB67FBAEADD27E23165B1645E9B4D3841FCFA3746431365
Factory B/SSV_HVAC/sdb/00000005/000000f2.PG,592,63281A9868875EFBB5A00D3969262AA864DCC030334599B8E2D7BD8C518654C7
Factory B/SSV_HVAC/sdb/00000005/000000f3.PG,920,EC60920BFFC196E69FC8BF68297776DD255AFCCC1534ED945F11A2E0B16CE670
Factory B/SSV_HVAC/sdb/00000005/000000f4.PG,306,AD0851F9B658E4A8767C9F9BB244EE96054C5295760956D5423C048BB0BCF587
Factory B/SSV_HVAC/sdb/00000005/000000f5.PG,238,83E3797D1B72858C0C4C8E6724403CB37479FE6FCD38D0D5989B4342C77D4244
Factory B/SSV_HVAC/sdb/00000005/link/00000005.DBF,414,7536915D50ED9F131EF65FFCF20337E661DC606CF92855281F193527D52DB894
Factory B/SSV_HVAC/sdb/00000005/list/00000005.DBF,27549,24785FFFD8DFD72812843012CD1D8B20E6C8E583E392BC8E595277DEA7681305
Factory B/SSV_HVAC/sdb/00000005/list/00000005.MDX,4096,8178F57243970C688252C9378D754799E2B6773B5754746A5A85DB41AE4C3133
Factory B/SSV_HVAC/sdb/00000006/00000003.PG,650,04AEE2846144C0FFAF0D241C041195618E005001D5F3EC7158350DAD72C8106F
Factory B/SSV_HVAC/sdb/00000006/000000d0.PG,338,241DB220E894DF234E3B638DDD3DBF5991F4B1A07CA34E826456BFECAE09D99C
Factory B/SSV_HVAC/sdb/00000006/000000f5.PG,702,8D0350F3613A2DAA5848BF14E3F1DF559BA94ABE1AFD986F4839291DDEBDA045
Factory B/SSV_HVAC/sdb/00000006/000000f6.PG,142,92865F8AB276953E46DC8661A4AD55FDAC318D822465ECD3540CB4E44813F179
Factory B/SSV_HVAC/sdb/00000006/000000f7.PG,2180,5ED9F0600A442CFE2790E7DD6F1D363201127710C515DB0953CD9BBF1E1F2559
Factory B/SSV_HVAC/sdb/00000006/000000f8.PG,696,ECD940D901C20C32E082CC83F771C5BD22C22186D46A10B609E76AB1B034A44B
Factory B/SSV_HVAC/sdb/00000006/000000f9.PG,306,C0E60BE2F0969B7B64A94FFACA87C56C3582345413FEE48D67F5CF4E3AC67DDB
Factory B/SSV_HVAC/sdb/00000006/000000fa.PG,920,F04992B80EB2D2C136C723AFFA531BFFE5852DF5DB76390CDE84F6C236D34F6A
Factory B/SSV_HVAC/sdb/00000006/000000fb.PG,676,6D24BA9C9F61B78BC62EDC9B0838DBE04C6B39A715C8156537C51BCA7A7EFCB6
Factory B/SSV_HVAC/sdb/00000006/000000fc.PG,598,9193D2DA9957FC64D70CE0967869442E460A862321E49D0F62EF66DC4153E4B4
Factory B/SSV_HVAC/sdb/00000006/000000fd.PG,138,6E656432E7FE19565E1A66F24753037902A6AB81591033F0B3ED32ECD2A12FEF
Factory B/SSV_HVAC/sdb/00000006/000000fe.PG,306,75F075A229F166BA220A68B0A10FC50AA72AE17931B85FE6F1A81DC870581DF8
Factory B/SSV_HVAC/sdb/00000006/000000ff.PG,152,EBBC7A58B505795C754A03967F4BB15652976F294F955CFFB86D08DFE4F99162
Factory B/SSV_HVAC/sdb/00000006/00000100.PG,238,B3E454A6051D9FE32918216FA13E4486077B599D7918E81276DEA19E6705252A
Factory B/SSV_HVAC/sdb/00000006/link/00000006.DBF,414,7D24D588EE713B13E24143CCBFCD6034A4CE7647E259BB6A1DE3F1A5655CCC3E
Factory B/SSV_HVAC/sdb/00000006/list/00000006.DBF,28770,D2F0873061C9346E61E2CE73AD9948E1296E00850CF07E1C8DC445008D14F7B9
Factory B/SSV_HVAC/sdb/00000006/list/00000006.MDX,4096,D34A25CF0641AB4B71BCD26E765243E4E5FF407BF6B90564F8CFE3F80A2FE6D4
Factory B/SSV_HVAC/sdb/00000007/00000003.PG,650,04AEE2846144C0FFAF0D241C041195618E005001D5F3EC7158350DAD72C8106F
Factory B/SSV_HVAC/sdb/00000007/000000e8.PG,338,569703C6BEAF41F8E1FA0D5B657E2FFE14D1F1A3689AED928B2E30E3D6D9DB46
Factory B/SSV_HVAC/sdb/00000007/000000f5.PG,636,13F4FA3B7D19A26E480B50E18241C885D85CC0892029C51C8BE17934D45BE3EC
Factory B/SSV_HVAC/sdb/00000007/000000f6.PG,572,3AD37A2B4A136DFDC0D68E2DEEA89E7A3D26AD5267038C736C7AAF781F57E7D7
Factory B/SSV_HVAC/sdb/00000007/000000f7.PG,138,92DBFAF58C9BB0D8A1934955483B7965571660479962E1CD2D5275DDB16BB184
Factory B/SSV_HVAC/sdb/00000007/000000f8.PG,306,49D04A3F67D89209CDB14C5221AA9F249A57C158CB88C804B1C4F3243B0CB92B
Factory B/SSV_HVAC/sdb/00000007/000000f9.PG,152,0108E09A4740C47AE63D8360767399DE8C7277B95DE2E361FEAB4BDDAB4F1008
Factory B/SSV_HVAC/sdb/00000007/000000fa.PG,702,80E7C16C74F4B9E126FDBC8DEE60A888F8AA5965B220D06FCCF235D77D8D0737
Factory B/SSV_HVAC/sdb/00000007/000000fb.PG,142,2648646FED1473BDC37186EAE5ADD44E36C7E560E2EF24314E12869644ABE5D8
Factory B/SSV_HVAC/sdb/00000007/000000fc.PG,306,322824AF3310C777CC31535E757D7853D69EA2AF7A20FC4B77244D2B388D5BE8
Factory B/SSV_HVAC/sdb/00000007/000000fd.PG,2120,4134446B10B6211D74B435BF8D00221787032F606F774C08DEDFC954B7959018
Factory B/SSV_HVAC/sdb/00000007/000000fe.PG,696,7DC6C420E3390F9DE7FC2837C25BBD8B2C33D8F3453F7C4852C8487F1CC6C2F6
Factory B/SSV_HVAC/sdb/00000007/000000ff.PG,920,F226180E4966BA18A41901A33E0864490E070689282B5B8A625C0B7EC894345D
Factory B/SSV_HVAC/sdb/00000007/00000100.PG,238,0BFEAE7D3C5BFC3CDCA56CFD715AB7D12DFEDBD97232E6DB605DA9E84CB565F1
Factory B/SSV_HVAC/sdb/00000007/link/00000007.DBF,414,FDBA5A81BCC9B092438D2894AA9EC23C9A321DD0127105BAFBFDD66E155CF928
Factory B/SSV_HVAC/sdb/00000007/list/00000007.DBF,28770,E6C8C8C3CD0AEC6E67ED4613DA9F9A903B692164B739C21FC3D3049BD2CF2712
Factory B/SSV_HVAC/sdb/00000007/list/00000007.MDX,4096,DE9F8B8FF30D33FCAEBF0F8BD7D5001F311D6E3E609B25837190C877164586DB
Factory B/SSV_HVAC/sdb/00000008/00000003.PG,650,FA632DAD746E8A83BF74A8FA615604371B46CDC5664D9AEF11E9545C6136E408
Factory B/SSV_HVAC/sdb/00000008/00000125.PG,338,34DEDA962E5B99CB0BAB15F7BDBAD9DC905D11EFA5059612B412360AA60FBA2F
Factory B/SSV_HVAC/sdb/00000008/00000132.PG,922,0E4D63848FC09DC3329F01BD0DCC8E25F2DE0A7F466380B39F09D59513655F91
Factory B/SSV_HVAC/sdb/00000008/00000133.PG,696,F16981725CE6B91550023FDAE1AE5C6EB4AE6570A2190C13CA5C1B3C7B2ABAD0
Factory B/SSV_HVAC/sdb/00000008/00000134.PG,2144,27BF0FE87F971D5560FBBAB3384AD34F5988A47E417F3F4C61B2FA1AD3C32F0D
Factory B/SSV_HVAC/sdb/00000008/00000135.PG,142,F38DB2B679DEFEE02A4AB1FE1AE0C2D375502AB80E59EC0ABD214B54AC2F3431
Factory B/SSV_HVAC/sdb/00000008/00000136.PG,566,69A0D6BEE80CD036E743AE51BEBC0BF7C1CF5AD74E7BFBAE21A9C39BD28AC43F
Factory B/SSV_HVAC/sdb/00000008/00000137.PG,152,C9EAAD4714CD8B10860ACFD440D3BF1F3471DC6FBC653BE305D5D48D58E35624
Factory B/SSV_HVAC/sdb/00000008/00000138.PG,306,1DBE89FD01BB360B13C8383566033E9D3C2475ED1EA96D1E39E96B24E1252250
Factory B/SSV_HVAC/sdb/00000008/00000139.PG,138,504B7DEF7673D618751B09FCB401EE7859342FA1479CB4DCEC70843FA1E1EA60
Factory B/SSV_HVAC/sdb/00000008/0000013a.PG,624,4610DC24C2D55754CAC61B1B62996CCBDEB8A752A2AB992EEFF6F2D400751B8F
Factory B/SSV_HVAC/sdb/00000008/0000013b.PG,700,7AB099F00E138A3101B209451DED0FBA37F00DDA9D40BDDBC180FCBFF4768042
Factory B/SSV_HVAC/sdb/00000008/0000013c.PG,306,7353A80F069F82C5E5853EF1EC32495A7130AC0E38D457DDB70AEF134B536A1C
Factory B/SSV_HVAC/sdb/00000008/0000013d.PG,238,6446B6406DA6A2A97654A92AA2A2D79666CF30E4CD0A08645C3099354808EC4A
Factory B/SSV_HVAC/sdb/00000008/link/00000008.DBF,414,2FD5A83289B49864CBFFBA3F769C7BAF2059EDC602211E8DFB930690D160EF35
Factory B/SSV_HVAC/sdb/00000008/list/00000008.DBF,35541,616D6AE5C944F1C5AD8945678D23AFD2CDBEC91237E318AF90D39AE9CD61F296
Factory B/SSV_HVAC/sdb/00000008/list/00000008.MDX,4096,5E2B2AA4699D346342880BF37E3DDAFDAD8ED4BDC1F1342A2DF694F833B842A4
Factory B/SSV_HVAC/sdb/00000009/00000013.PG,650,04AEE2846144C0FFAF0D241C041195618E005001D5F3EC7158350DAD72C8106F
Factory B/SSV_HVAC/sdb/00000009/00000260.PG,106,ED6054964830EA107DFBBA41FC48063C2F7CE035B38176E33B8F7B11C873106C
Factory B/SSV_HVAC/sdb/00000009/00000261.PG,106,3F8D73D2B4A4BF3292F2E4017A5EB9E1A26DC992741469B060F63DEDC0F3F705
Factory B/SSV_HVAC/sdb/00000009/0000028a.PG,338,5077EA24A96A9EF9174452D0AD6E8F62DEE886BA648DBA510494A24C29C6CAF9
Factory B/SSV_HVAC/sdb/00000009/0000028b.PG,2302,818001EEE31857679732F909CFE294F07BECAF8FB810850879BBD40DB1E22C8E
Factory B/SSV_HVAC/sdb/00000009/0000028c.PG,142,D0FD98BDE60FF64D8013E991A656DB66B43103D94A2BDD6D86CB7AA1893F17A2
Factory B/SSV_HVAC/sdb/00000009/0000028d.PG,702,DB61772103D6D149A07257ECA9868CC5A77448CC80196F262C05F19548D704BE
Factory B/SSV_HVAC/sdb/00000009/0000028e.PG,152,EFFBA7FF68F16B17867B66C174F1223B121073CB90ADA607B79E607C1A8DA43C
Factory B/SSV_HVAC/sdb/00000009/0000028f.PG,306,9CEFE7D7ACD540BFB47FB87F9ECE466F9BECAA89AC3AB53839F66C610CB8139A
Factory B/SSV_HVAC/sdb/00000009/00000290.PG,138,8584CE79AD116E0F1CBC16F6454EF7B3339EC91258E65D1FF5F17D9968BDA540
Factory B/SSV_HVAC/sdb/00000009/00000291.PG,650,99FED214064BF421449BFB1025578976835451A598721FB0078965C41A8AB081
Factory B/SSV_HVAC/sdb/00000009/00000292.PG,720,CF6B3DE41C346DBD6F6020465075E4AD81BE76125FEEC046FF131E7E9C5E6156
Factory B/SSV_HVAC/sdb/00000009/00000293.PG,920,5E6D114BB1A4D14510F7CC185D93D4F7983807A108B584B414D000910309D03E
Factory B/SSV_HVAC/sdb/00000009/00000294.PG,696,BB117B9A47D5779F0C9FA475C02F3EDF20E78BC120016C2B9D6FC1B305DACA09
Factory B/SSV_HVAC/sdb/00000009/00000295.PG,306,6A071DBBDEC6176E641BF18ABC020B0153DAD49DD57B74993D692385552C6599
Factory B/SSV_HVAC/sdb/00000009/00000296.PG,238,B93B28C64CBB0D6D16289B1339D3225062C624AB8B3A926E484B0D753DFD18FB
Factory B/SSV_HVAC/sdb/00000009/link/00000009.DBF,414,B0207F6B96B7F0E54FB8F3E6DADFB1C19F09290626B04DC68AE470580BB655E3
Factory B/SSV_HVAC/sdb/00000009/list/00000009.DBF,73836,0D153B9B6D095702689F80F7AC9DCCDA4210B49D1DFB467537A2AEDA25CF6FDE
Factory B/SSV_HVAC/sdb/00000009/list/00000009.MDX,4096,DC25E845996E31F9029426BAFF979B82717D27AA4160EDCA55DAD94D1771D217
Factory B/SSV_HVAC/sdb/0000000a/00000118.PG,106,E0C799B0CD94957781DD04FF8C48DB169B72A3A97E339A511597E5D662109F54
Factory B/SSV_HVAC/sdb/0000000a/00000119.PG,106,01E851E0D86120CDB8C8C66D8009831E0464BF33AC3E955B09CB66654D5AAB04
Factory B/SSV_HVAC/sdb/0000000a/00000123.PG,338,D454F5F67DDD55958BC3CAC5D69B5CB61E706DA473F71CEA855D1D9E533B0D43
Factory B/SSV_HVAC/sdb/0000000a/00000125.PG,920,13177C760463B5C25F633A2C77FC116AFD83B8887B898F0B513D1E00A9F63C06
Factory B/SSV_HVAC/sdb/0000000a/00000126.PG,2836,F87405E90CA41C066FC6A0B6A38D2E748F8CC6571BA8D6CCCE426AB85B38FA17
Factory B/SSV_HVAC/sdb/0000000a/00000127.PG,744,38046CA299A64075A17E36DF368D4EFEE212BB20B02A7F78F1B444836E53A9E0
Factory B/SSV_HVAC/sdb/0000000a/00000128.PG,152,2C690CAB96A1E82127B619889CBFB0B157AB3552967E5B9ADA5994656F12452E
Factory B/SSV_HVAC/sdb/0000000a/00000129.PG,510,4E56823E4C62AFA1B1FC22803DB626FCCFA7C1361673A5D68FAF3C5A53B25141
Factory B/SSV_HVAC/sdb/0000000a/0000012a.PG,142,4D39A74A6C8D85DED778655707107DD7A0DCBEE39ABD105DDCF072BE83BA38DC
Factory B/SSV_HVAC/sdb/0000000a/0000012b.PG,138,FDA25ED19E2578698CD8D47B3BC78EEA47BD2E87D7B73A3EBD085BCBF8C2EFC1
Factory B/SSV_HVAC/sdb/0000000a/0000012c.PG,820,EE1E8A4FB6825DEC0EF19555114848E71330F92E626BFDDB38CC7404E0ACC604
Factory B/SSV_HVAC/sdb/0000000a/0000012d.PG,306,6EB8275C4C0DDFFFFF9BEE17D913D2130FECD95BFD3843F4057F93A1789EB093
Factory B/SSV_HVAC/sdb/0000000a/0000012e.PG,696,0A0DA55F691BF833D3C6E0431DBF9CA822A47E60EA64AAB752BC6D1C5012C0DA
Factory B/SSV_HVAC/sdb/0000000a/0000012f.PG,306,D7504B2C9A5BDB60123E4CD34C357D6C658BBBFAAE53E4331731FB3EC08EC4FD
Factory B/SSV_HVAC/sdb/0000000a/00000130.PG,238,E9E9FE2A59969805EADA93D9FA0C90F10FDC8ECB909D864C0873BD7193A2F076
Factory B/SSV_HVAC/sdb/0000000a/link/0000000A.DBF,414,448590D48B98524270938DA70261E7185DA4167A5144699FF8E41845AAC39E04
Factory B/SSV_HVAC/sdb/0000000a/list/0000000A.DBF,34098,C3E6F28FE0C5858F5134B449B6B852D8080D3620727E4CC5DB6C828DD4CCA22F
Factory B/SSV_HVAC/sdb/0000000a/list/0000000A.MDX,4096,92C1BD5597CEDCA3402BE8DB12093C7D2DB072CD730DEBAAA54797617C8B6B74
Factory B/SSV_HVAC/sdb/0000000c/00000003.PG,650,04AEE2846144C0FFAF0D241C041195618E005001D5F3EC7158350DAD72C8106F
Factory B/SSV_HVAC/sdb/0000000c/000000f8.PG,338,7FE5AA792ED73BCF1EF06FE2B8ED58E5BABBCBE37D527E893BE1898E52F055BE
Factory B/SSV_HVAC/sdb/0000000c/0000012a.PG,696,4FFD730BE271DD421672BC910E263AA24A75E3E11B80EEEEBF5CFF9280C67F9A
Factory B/SSV_HVAC/sdb/0000000c/0000012b.PG,1266,225B951BE1EB95727FE83AEE78CB623B62A486FD3715B199C0BF4C00635DAD16
Factory B/SSV_HVAC/sdb/0000000c/0000012c.PG,142,EB19E3F4AE122C7E1084054D64249F25C493F82309854929AAB54285F69EC64B
Factory B/SSV_HVAC/sdb/0000000c/0000012d.PG,694,3CB70F4B31EB838AA7524CD00709F343D16CA318BA448EEDC775A438887A52D4
Factory B/SSV_HVAC/sdb/0000000c/0000012e.PG,152,2C02CACD84B6F0B516E0AAB17FF90CBD24A1676E2602EFC0808198DA5221A3ED
Factory B/SSV_HVAC/sdb/0000000c/0000012f.PG,306,45C5D1007E4AA95511E2C60A0EE91ED156C4EBD5DCCB9BEAC983FA2DE1358CF4
Factory B/SSV_HVAC/sdb/0000000c/00000130.PG,138,077B463BB41B9015F9248FD26C17D057B441F76A892254B6C10EA291048AD261
Factory B/SSV_HVAC/sdb/0000000c/00000131.PG,246,41EC745C58272282FD1E224CA056152CD99B288A232157960D745E25F59C824C
Factory B/SSV_HVAC/sdb/0000000c/00000132.PG,192,0DF68331122ED2ADDCA08E311C719D001FB53269CE7A8AEE35B702521EA2778B
Factory B/SSV_HVAC/sdb/0000000c/00000133.PG,924,95005EC7D5B585ACD3DF388B26F51582A0C2E043CD62EC62E89F54C4BF365638
Factory B/SSV_HVAC/sdb/0000000c/00000134.PG,306,8DBEB97DF379196947AED92FBD434C857350EF6E875B4A8680E054F9B32C0032
Factory B/SSV_HVAC/sdb/0000000c/00000135.PG,238,0F7B9838C38CFE0812D2CEAD21B4F4E5B9B0814C59CC7D8B665976C30B21F3D7
Factory B/SSV_HVAC/sdb/0000000c/link/0000000C.DBF,414,C5CF2FFFA604EB5EF2E3D0BCAC741F6E0DC02A4A6AA61DDC8B72F1C6D0F87CD2
Factory B/SSV_HVAC/sdb/0000000c/list/0000000C.DBF,34653,649D9CF4B79BC5FBC2686FF3E7E53BC9F66F2F4D03796424A46E7B272215843B
Factory B/SSV_HVAC/sdb/0000000c/list/0000000C.MDX,4096,93B6F6984933E2E0444B60D9CBB8A5EDC8EAB1EF0D49A43C1C4A29ED513AA319
Factory B/SSV_HVAC/sdb/S0112001.DBF,1301,BAB034BF54B688406DF2D1E428C4B1B1BF126858C93B3B150B3D827393A67CC2
Factory B/SSV_HVAC/sdb/S0112001.MDX,4096,97F5BF7F8876C1EBCA37082F69C42ABC0C72BDDF59C944308AD5FB1E773BB14D
Factory B/SSV_HVAC/sdb/sdblast.id,8,E0077213461F96F5F020A93155D07C5F43122794416D1F2226375CC5415DA174
Factory B/SSV_HVAC/sdb/sdblock.lck,0,E3B0C44298FC1C149AFBF4C8996FB92427AE41E4649B934CA495991B7852B855
Factory B/SSV_HVAC/SSV_HVAC.s7p,103,E2E894F007121AC544F0988A5107E795C7914B0F3DA6A18FBE98AC52CC29D1DA
Factory B/SSV_HVAC/SSV_HVAC.S7S,0,E3B0C44298FC1C149AFBF4C8996FB92427AE41E4649B934CA495991B7852B855
Factory B/SSV_HVAC/SyncTSvr,0,E3B0C44298FC1C149AFBF4C8996FB92427AE41E4649B934CA495991B7852B855
Factory B/SSV_HVAC/XUTILS/BS000002.lck,0,E3B0C44298FC1C149AFBF4C8996FB92427AE41E4649B934CA495991B7852B855
Factory B/SSV_HVAC/XUTILS/BS000003.lck,0,E3B0C44298FC1C149AFBF4C8996FB92427AE41E4649B934CA495991B7852B855
Factory B/SSV_HVAC/XUTILS/BS000004.lck,0,E3B0C44298FC1C149AFBF4C8996FB92427AE41E4649B934CA495991B7852B855
Factory B/SSV_HVAC/XUTILS/BS000005.lck,0,E3B0C44298FC1C149AFBF4C8996FB92427AE41E4649B934CA495991B7852B855
Factory B/SSV_HVAC/XUTILS/BS000006.lck,0,E3B0C44298FC1C149AFBF4C8996FB92427AE41E4649B934CA495991B7852B855
Factory B/SSV_HVAC/XUTILS/BS000007.lck,0,E3B0C44298FC1C149AFBF4C8996FB92427AE41E4649B934CA495991B7852B855
Factory B/SSV_HVAC/XUTILS/BS000008.lck,0,E3B0C44298FC1C149AFBF4C8996FB92427AE41E4649B934CA495991B7852B855
Factory B/SSV_HVAC/XUTILS/BS000009.lck,0,E3B0C44298FC1C149AFBF4C8996FB92427AE41E4649B934CA495991B7852B855
Factory B/SSV_HVAC/XUTILS/BS00000a.lck,0,E3B0C44298FC1C149AFBF4C8996FB92427AE41E4649B934CA495991B7852B855
Factory B/SSV_HVAC/XUTILS/BS00000b.lck,0,E3B0C44298FC1C149AFBF4C8996FB92427AE41E4649B934CA495991B7852B855
Factory B/SSV_HVAC/XUTILS/BS00000d.lck,0,E3B0C44298FC1C149AFBF4C8996FB92427AE41E4649B934CA495991B7852B855
Factory B/SSV_HVAC/XUTILS/BS112001.DBF,1325,52F20510663293122EA7F764580DA4269724587F1690B401B982CB08C3A67C34
Factory B/SSV_HVAC/XUTILS/BS112001.MDX,4096,42326E4D33F65D0669C72B82004616D6A4A62FCE3B07808C8FC1BAA3E86AC6ED
Factory B/SSV_HVAC/XUTILS/BSlstlck.lck,0,E3B0C44298FC1C149AFBF4C8996FB92427AE41E4649B934CA495991B7852B855
Factory B/SSV_HVAC/XUTILS/BstlID.ubs,4,43C66C260828C9839F26474151DB105481FF92F5E01377F75389D4CE3D2DD574
Factory B/SSV_HVAC/XUTILS/CT112001.DBF,1378,6BCCD05EE40BB9E170373DD8F403BD6AE0ACF90B00D2895BAD6902EC878FFCF7
Factory B/SSV_HVAC/XUTILS/CT112001.MDX,4096,83397BA5617F3CF33A91A94E02DF06DD51609D5A21B41B147C199F91833E96B8
Factory B/SSV_HVAC/XUTILS/CtlistID.uct,4,43C66C260828C9839F26474151DB105481FF92F5E01377F75389D4CE3D2DD574
Factory B/SSV_HVAC/XUTILS/CTlstlck.lck,0,E3B0C44298FC1C149AFBF4C8996FB92427AE41E4649B934CA495991B7852B855
Factory B/SSV_HVAC/XUTILS/links/BSL00002.DBF,414,1FF36B793116586392071BAF98C814D5F9BD74603DA745C9564BEB09CA8A5847
Factory B/SSV_HVAC/XUTILS/links/BSL00003.DBF,414,2EA0F656F125C0903AA9544F5E75032C942CB08AB6F81350B950C86F75E65F4D
Factory B/SSV_HVAC/XUTILS/links/BSL00004.DBF,414,758F897610845186F21C078E2C9D8D97D19CF8AD245D29CC31C07C42D07CC005
Factory B/SSV_HVAC/XUTILS/links/BSL00005.DBF,414,A4B632A3C34B90734E54B05133CA39288D8984636437FCC55CDCD399C1983A25
Factory B/SSV_HVAC/XUTILS/links/BSL00006.DBF,414,7671C9952CDA9FDB1F3D34BB86589796696E235C34C5D21C3F58666AAD8F0DE0
Factory B/SSV_HVAC/XUTILS/links/BSL00007.DBF,414,21B11AB59163E9827745C28B9E831D5E0E29D3A4F926E9DB8A03A43BFAC744AB
Factory B/SSV_HVAC/XUTILS/links/BSL00008.DBF,414,1326AF4F3E78455E34429A61669F6FC6990E55F014F6FD113A8B10DC5AED7D4C
Factory B/SSV_HVAC/XUTILS/links/BSL00009.DBF,414,BCC9EA6B2CE74257D04E0CE640C36988D1B8B65670492D0F1A7EC5E3E77E03CC
Factory B/SSV_HVAC/XUTILS/links/BSL0000A.DBF,414,A4FA5A0CA83BDFC1AA306BE02A914DE5388F894257C657DFBA40C19708E08C0C
Factory B/SSV_HVAC/XUTILS/links/BSL0000B.DBF,414,49CF5DC035576B0ADC906E45F3D09664678552F1E2026387515CB5F2A7425CE5
Factory B/SSV_HVAC/XUTILS/links/BSL0000D.DBF,414,42BD9B5E6855DBF5A8AC1891214657EAEBD8785284BED6BB2AF2A26E7C435E16
Factory B/SSV_HVAC/XUTILS/links/CTL00002.DBF,414,E0D333FD98CEFCD4FDB0F12D488B6DBF430A5726CA338B12327DF1F4C23CDF7B
Factory B/SSV_HVAC/XUTILS/links/CTL00003.DBF,414,56FBE93728E1EF4D06F12382F15BCF2A08748D58B67812C0BD8EB39B6F2AE75C
Factory B/SSV_HVAC/XUTILS/links/CTL00004.DBF,414,A9DE23A107EB7B25A1D9DECFEDFF03D920BD36BFA651204BC4C8B6E44518E16B
Factory B/SSV_HVAC/XUTILS/links/CTL00005.DBF,414,758164C612D2C73DF41BBCF84F33FEB5E1FEB67B77AC27502D8457DA39874B64
Factory B/SSV_HVAC/XUTILS/links/CTL00006.DBF,414,62A9E3441CC2154CB5359DDF5224904C17EB3C637ACF60864F0D03F13C54D092
Factory B/SSV_HVAC/XUTILS/links/CTL00007.DBF,414,8774B75BAC23A6AD16AD22F31DB705271EF0E6AC947AD518966A34EBC8DD0F9B
Factory B/SSV_HVAC/XUTILS/links/CTL00008.DBF,414,CC50A039751EA4BA17F7F1F07656D4A914A7B84669C8F421803BBAD01D596F80
Factory B/SSV_HVAC/XUTILS/links/CTL00009.DBF,414,965FC7BF926A6024AF4D1E7093456BB5B509620B32E8341EF6588429C494F2C3
Factory B/SSV_HVAC/XUTILS/links/CTL0000A.DBF,414,0DEB21AB0D27AF4BFAA603AE7EF661BE8ACCE41D9C1B0F1519BB5359663623F1
Factory B/SSV_HVAC/XUTILS/links/CTL0000B.DBF,336,62BD05B33394C76C41E9B68D23762D438CEABF438F9B00EC7CBE321734FA9A94
Factory B/SSV_HVAC/XUTILS/links/CTL0000C.DBF,414,DF763CB604E93906A5C8FB57A20B783770D3288F46AD459F752D8A376976EB24
Factory B/SSV_HVAC/XUTILS/links/CTL0000D.DBF,414,C7C7A20F64EBC028AA3F5C9E10CD2F3D96ADBD0FC2BFD48BADD478A7A5F5C333
Factory B/SSV_HVAC/XUTILS/links/XRL00002.DBF,414,A6A23A253A7C2992CECBBB835D29E3FE06F8EC4352949EAF33CC9FE95CB930CA
Factory B/SSV_HVAC/XUTILS/links/XRL00003.DBF,414,FCBDBB057E43D3FA2A36F059D5467B7C05D3BA68386CB61A2C2C7EAE0CD98C82
Factory B/SSV_HVAC/XUTILS/links/XRL00004.DBF,414,A98488AAF2984648CBA7CB832E61AC8C4885088821F82FE3924F8DF4F5ACAA9E
Factory B/SSV_HVAC/XUTILS/links/XRL00005.DBF,414,8D0AEEE37CAE6DC3E8133998C3C9DCB8907776FCFE21B2EEA9A040430AA73A82
Factory B/SSV_HVAC/XUTILS/links/XRL00006.DBF,414,0A1013D7DBC927DFFD85EF4DC117BD34DE047D2BEE856001F5CDF1C7EBE4CFCB
Factory B/SSV_HVAC/XUTILS/links/XRL00007.DBF,414,FFC9662D68FF3BA1EAAB4C30FCC5B28D46A207E160047093F41058F41DE76D2E
Factory B/SSV_HVAC/XUTILS/links/XRL00008.DBF,414,01C3A2C55D3292429D7E2436C6B9C462C169B5A373092F25D2D582D5D003A792
Factory B/SSV_HVAC/XUTILS/links/XRL00009.DBF,414,3FD68A5C05CD46D003F527588BE9E7C0F5F038C9D80EE9BA3C268A58193370E7
Factory B/SSV_HVAC/XUTILS/links/XRL0000A.DBF,414,87F8057842C273708E5C35DF67CE9FCDB63CA66F5E42FFD0F1E0BD92FE4A511B
Factory B/SSV_HVAC/XUTILS/links/XRL0000B.DBF,336,62BD05B33394C76C41E9B68D23762D438CEABF438F9B00EC7CBE321734FA9A94
Factory B/SSV_HVAC/XUTILS/links/XRL0000C.DBF,414,A1A2F03F18A8D98DBF3404D7053B980DE79BD49ABF0AC4A87770918DE82C3753
Factory B/SSV_HVAC/XUTILS/links/XRL0000D.DBF,414,0928871E202825C0CE4CFB1CD25BE6A6920290B83B11B6AE47B27516C50E0366
Factory B/SSV_HVAC/XUTILS/listen/BS000002.DBF,2240,C73CD58A15A789D162A40D92B69B500828FA6188A87D1094A4DEB265E19EDF15
Factory B/SSV_HVAC/XUTILS/listen/BS000002.MDX,6144,6663F6EF13409A1CB6D9E65E68A696BA7348AFD2993C7A7F1F49CB6BC0105358
Factory B/SSV_HVAC/XUTILS/listen/BS000003.DBF,390,4698042B342EA9A9488BF427AB9F85D3A3C3FE4165F430D8CB7EF44A978E0118
Factory B/SSV_HVAC/XUTILS/listen/BS000003.MDX,6144,6C8634E3B73E78C2F0834E886DA52DB13503F7B03FF7F8AE43007AA3396BF40D
Factory B/SSV_HVAC/XUTILS/listen/BS000004.DBF,2790,1FA3AF5D7B57C14C971F21D07629EF50A503ED0B506A722D68115089726C500C
Factory B/SSV_HVAC/XUTILS/listen/BS000004.MDX,6144,63521277358A07BB50D258D401E8A87587C4A8F4786159781B61199CEACF771C
Factory B/SSV_HVAC/XUTILS/listen/BS000005.DBF,790,7AEFE9D0097428FA438E930BBE3CDCFD3C541144201D6C9A9AB7930C3F2981B4
Factory B/SSV_HVAC/XUTILS/listen/BS000005.MDX,6144,230EC842917ED3C92693AE3B8D9E7DF0518B68BC11D9B08FB8BD9D439D06E521
Factory B/SSV_HVAC/XUTILS/listen/BS000006.DBF,1890,577A148297A93893AC81CC718F7F5F3B68112D32C4AB9F64163FEB8D1C26DB6B
Factory B/SSV_HVAC/XUTILS/listen/BS000006.MDX,6144,E43323CDBA45D076C3DE99715CE07F51BD24FD18DBA0AB9E501A848D9B53ACC9
Factory B/SSV_HVAC/XUTILS/listen/BS000007.DBF,590,DAD29B50DEDFE6D6B3D0B3F01515E7CCD7C2519E6B22E05C091440FB0CC34598
Factory B/SSV_HVAC/XUTILS/listen/BS000007.MDX,6144,A7903517B42C86E9A3A681FE73EC9E35FAA97494D29655094251A61930842312
Factory B/SSV_HVAC/XUTILS/listen/BS000008.DBF,2290,FA2D52EF37C6CDDC2AFF656B793E60A2507A08BEE3DC9C41B724E06F0B7F021D
Factory B/SSV_HVAC/XUTILS/listen/BS000008.MDX,6144,D69812807F6A95BA58B0C96890C4BF97784D34C7AC1DD9332E10685C9A33A02E
Factory B/SSV_HVAC/XUTILS/listen/BS000009.DBF,440,D8154922D9639EEDDF325AB8EAF7174930E5311478C9D2AF3072E4255DE0F1C9
Factory B/SSV_HVAC/XUTILS/listen/BS000009.MDX,6144,B8A48BFAFFA107D843F66D4EA6247564D18CF1E6AA5DA97946BEB498517228B8
Factory B/SSV_HVAC/XUTILS/listen/BS00000a.DBF,340,AAA425E16F89EC82833D1A2F65934FC0EF0E16AAF2C86625C74CF1E0E7880A89
Factory B/SSV_HVAC/XUTILS/listen/BS00000a.MDX,6144,7A1EB7B955FC5B364E00BD63713969566A3C852425854C2B5991368A1E71D84F
Factory B/SSV_HVAC/XUTILS/listen/BS00000b.DBF,340,0B46FEA6808196957BED79ECF70AC356905E75EE27979E349BA244BF33FE225B
Factory B/SSV_HVAC/XUTILS/listen/BS00000b.MDX,6144,D37D201308E62A6BDC33EA3737D20E36EC72B33C965D5FD28D80FAEE12A769D3
Factory B/SSV_HVAC/XUTILS/listen/BS00000d.DBF,440,269B0241E3210FC01A5B36A683804772B07610CB38FF42DBC02BAE6AC39C90D6
Factory B/SSV_HVAC/XUTILS/listen/BS00000d.MDX,6144,552FA2FA33605BBF88E7292B893757E8F454EFE86EB74D48C0227C5453B5E59F
Factory B/SSV_HVAC/XUTILS/listen/CT000002.DBF,25051,6CD05768EEA409DA4E293B5F71053CD7337B15FFE3B09B896ACF87826ACB359F
Factory B/SSV_HVAC/XUTILS/listen/CT000002.MDX,28672,CFB630A87AF9047FC259D93B990280F14038B006B07395816FF5F1138A5464DB
Factory B/SSV_HVAC/XUTILS/listen/CT000003.DBF,7111,72CC3026D3C738E5DB37E1990E5403C38B11E51EFFA184D2413F6B13942EF322
Factory B/SSV_HVAC/XUTILS/listen/CT000003.MDX,12288,D878F3A55197EE02EA4CC037A60D2DB6B474052305C41A4CCA5FDC922D6CCBF9
Factory B/SSV_HVAC/XUTILS/listen/CT000004.DBF,41680,EA31110FFE31366A72963489A0227EB319BAC35A54C4291B2D7D867C841A473F
Factory B/SSV_HVAC/XUTILS/listen/CT000004.MDX,46080,C71F42BDF6B56ACBA2CA8DD39C1A1C35FAF9BCD5DD537B9E4E3009D692416013
Factory B/SSV_HVAC/XUTILS/listen/CT000005.DBF,20704,7DC3EDA60F50C328191509306C1206C9AFAD343ACFBF332E14FA405EF76D5552
Factory B/SSV_HVAC/XUTILS/listen/CT000005.MDX,28672,CD87476712CCB030FB67A8D98CF481FAEC284A27E6E8676073ECC5E2CA4076C8
Factory B/SSV_HVAC/XUTILS/listen/CT000006.DBF,38161,78B492C93DBF315F8D6A3E029852C7C6028457C2B91C5F99224CDF436536E552
Factory B/SSV_HVAC/XUTILS/listen/CT000006.MDX,41984,587D29C9BB74A739F7C706D7804C483E7FECCA10C0608A6A8AC14041A769DDC8
Factory B/SSV_HVAC/XUTILS/listen/CT000007.DBF,5869,0BA6DE62B3E22DB431556F670535709D4D944F58088E69DAC418229285875314
Factory B/SSV_HVAC/XUTILS/listen/CT000007.MDX,11264,473B1D475BFA4F8960E7D573A82B8DC48930D582DAB2DB3D9BCF5E95BDA8F5EB
Factory B/SSV_HVAC/XUTILS/listen/CT000008.DBF,32641,56F30C7CCF16FEA46D16E0895EDDC00A59F524301990F38921C58E0A7865AAB7
Factory B/SSV_HVAC/XUTILS/listen/CT000008.MDX,37888,473A6D341E944409391DBDFEFA62727AFB563721C3D9B91FF044DB412A0F98FF
Factory B/SSV_HVAC/XUTILS/listen/CT000009.DBF,12355,4FDDF3F2C91F88F865EE91974A5D02565F21C89F9E4DE8E2B02FD5CAD299E700
Factory B/SSV_HVAC/XUTILS/listen/CT000009.MDX,18432,F411C8B74F63BED0CB3C06B2F54E5F1062DA3A2CC101888E964B166BCF7E02E1
Factory B/SSV_HVAC/XUTILS/listen/CT00000a.DBF,4213,3869363072E2DCABC259847A3202D63191413189692202443FBEE08340574A9B
Factory B/SSV_HVAC/XUTILS/listen/CT00000a.MDX,8192,BE5BF3F1E30E006191816C67974A76B6A1C0DBAAA754D5900E8EFBEFDDBB97FC
Factory B/SSV_HVAC/XUTILS/listen/CT00000b.DBF,4075,7505F5CCBBC1C7999AC4A7E2683A86CBB0BD4864D07C5B00C330E7CA7C3D44A5
Factory B/SSV_HVAC/XUTILS/listen/CT00000b.MDX,8192,DB713C496ED2CCD331FCACEDF5DFE0E7162C971E854074F4CDDBB154D7B2E096
Factory B/SSV_HVAC/XUTILS/listen/CT00000c.DBF,4213,88CA85F2B1856EFC605BE4845D6986BA07CF3BF00F7EA4BE66A4953A8ABB237A
Factory B/SSV_HVAC/XUTILS/listen/CT00000c.MDX,8192,BBA2AF5C1355EE9A14D65E653B83B500AA2082A98B3F6E741E61FCC873A8D0DA
Factory B/SSV_HVAC/XUTILS/listen/CT00000d.DBF,8560,7FA8B24E8DC9AB6AFE983FBF24A75F3EA7944EC34A1141A1A1C585297A05982B
Factory B/SSV_HVAC/XUTILS/listen/CT00000d.MDX,13312,CC33D53CD151BE63CA43A35125DE3700ED535E53C708527B4DA8F5FE0A8BC344
Factory B/SSV_HVAC/XUTILS/listen/XR000002.DBF,386170,D1F0339A15E4C8062FDEE9FA9311F00ACE7016A297C6F26A68548A17EC40233D
Factory B/SSV_HVAC/XUTILS/listen/XR000002.DBT,24,B75BFA0E5FEDBBDA78BAAC9E634C8FE02AFEA17C672538A96ACFD087ABA10789
Factory B/SSV_HVAC/XUTILS/listen/XR000002.MDX,514048,0FEAF53529BEB13312630CCA92D3D4E043736180DA4A6AF8CF717B8A3C5C00F4
Factory B/SSV_HVAC/XUTILS/listen/XR000003.DBF,75366,F4CF9EBA7B3AAC78ADEC20BEE76CB454077FA3380AB9CF1DFAA86F947F7194FA
Factory B/SSV_HVAC/XUTILS/listen/XR000003.DBT,24,A4991F62B9347FF6078B64EC6F36E6EF6710D06F980A83ED78D62BF6B3267BFF
Factory B/SSV_HVAC/XUTILS/listen/XR000003.MDX,108544,CBF6834EB3BFC8006D703D3AFBAFB50F52D8E0CBC1143EA0D02BC846D3B3AD55
Factory B/SSV_HVAC/XUTILS/listen/XR000004.DBF,554300,754A1915FA22D11AF6D75EE7464FA8B0FDFB9A5275E6B748C4026E73BAB23E01
Factory B/SSV_HVAC/XUTILS/listen/XR000004.DBT,10752,BB14EAF0FB7E0DE3A636E889ED55790122F12800C4268A840C99F7AC7C9A5E9B
Factory B/SSV_HVAC/XUTILS/listen/XR000004.MDX,762880,03A7734509689075C3A8EC3FA9663A4131865EBE39BF86DF97B3022EE3EF9A5A
Factory B/SSV_HVAC/XUTILS/listen/XR000005.DBF,340504,8D08A4F3A7691EA30A2D8B2178EFE59C33187A371CA0BEF56139D8EEC99A2E93
Factory B/SSV_HVAC/XUTILS/listen/XR000005.DBT,24,833CDA8B659C4223A3FA222D636039E48717360D0CD980AA164ECB6C075C5D44
Factory B/SSV_HVAC/XUTILS/listen/XR000005.MDX,508928,824A575F4AFB9DC8DEE822F9BBBDA96A7B368087E46A17E0E08AF656A16DC8D3
Factory B/SSV_HVAC/XUTILS/listen/XR000006.DBF,556880,563F6293E3C1784D576CD9F05630E15F8BFCCD4C785177D1CCF716E367B16754
Factory B/SSV_HVAC/XUTILS/listen/XR000006.DBT,11264,1C21D7E4F15FC76EE67AB816755D02B7D3D1A461061A60423AB16C35CFC23E82
Factory B/SSV_HVAC/XUTILS/listen/XR000006.MDX,815104,6EF0D5425630ED67636E53ACB118762AAB50EE944A90A65D223849A8602E6B90
Factory B/SSV_HVAC/XUTILS/listen/XR000007.DBF,90588,A4720F8D9CCC36E0C2151DBDC343E8BF53A5B00132869C07E131C1B409DCC4E0
Factory B/SSV_HVAC/XUTILS/listen/XR000007.DBT,24,30FC8EA5D275A135633ADF40490D078E2532B4895AC8D19E5B42E03CDA5995DC
Factory B/SSV_HVAC/XUTILS/listen/XR000007.MDX,117760,5D51DDEA07E60191589EFDAE755CC8968305EF4C5C8636CD03BE857B7F4AF38C
Factory B/SSV_HVAC/XUTILS/listen/XR000008.DBF,569350,D20737104CC602FEED8C102DE8F0DB932CD17249707534B3614DAD1F003BB58E
Factory B/SSV_HVAC/XUTILS/listen/XR000008.DBT,6144,F83E8D8FE789D1661B825E7DF0D91C0769436A1C15D400EFBD7EE3105DF03558
Factory B/SSV_HVAC/XUTILS/listen/XR000008.MDX,797696,0422D0A43918E4F94B542387DEB3F92754CDA9EBD953B7B6E3F9C30688975D25
Factory B/SSV_HVAC/XUTILS/listen/XR000009.DBF,135394,362FE87A7420208A20B30514AA2C891C9039FE2907AA17173A42640D5A0D51E4
Factory B/SSV_HVAC/XUTILS/listen/XR000009.DBT,24,37249BE2ADA29F513F5A3E0B9013C3A053136A7935D04050CB47BF7D5EEB6694
Factory B/SSV_HVAC/XUTILS/listen/XR000009.MDX,204800,4A6B6D18DF0D7AF65AAEDF514EF343B4F2DF668E017FE8BB162163ADF5D2574F
Factory B/SSV_HVAC/XUTILS/listen/XR00000a.DBF,31248,82E2F521D5B77A3FAEC0AFAC9012C22A93E1828AD8A81EBCC8328E48DC0BF7BD
Factory B/SSV_HVAC/XUTILS/listen/XR00000a.DBT,24,111E1023AADB72885FB2F47B2BD6593209459D1C7D3E438F592761ADA84020A2
Factory B/SSV_HVAC/XUTILS/listen/XR00000a.MDX,51200,4FC88EEF930803F7291FBA1535741F528F3466BCAC02C1032305ACCC311CE80C
Factory B/SSV_HVAC/XUTILS/listen/XR00000b.DBF,33054,8031DF93F3CAE33D665E359C1CD32550F676DC7F0495153AB8CA73CBF9B76BEF
Factory B/SSV_HVAC/XUTILS/listen/XR00000b.DBT,24,47AF5F82ABE5531D8353F2AE8B45E39DC6680F475DA4605BAA3FEE0751601A76
Factory B/SSV_HVAC/XUTILS/listen/XR00000b.MDX,50176,979117F1F427841361BBC1B4FADF15D7BB17B645BFC1549B923DA25D65F37FCB
Factory B/SSV_HVAC/XUTILS/listen/XR00000c.DBF,34430,1234FEA565B923C85F1EAFFEDEE193DF61D09923B5A42C2E736BFE3925116FF9
Factory B/SSV_HVAC/XUTILS/listen/XR00000c.DBT,24,DFABDC6F1BDF6D6965F89E17F33B3B472188D7A1BCEE336DB8FD7F245BB7CF43
Factory B/SSV_HVAC/XUTILS/listen/XR00000c.MDX,57344,8FFDC689ACEB4DB27ED6F07623ADBEC39A278A188B6D1F6F0919E4A9B28AB5F8
Factory B/SSV_HVAC/XUTILS/listen/XR00000d.DBF,118710,CBB55972B14482EE1B126F079A5D863A9F179431C72F2AA9D76424B309D72927
Factory B/SSV_HVAC/XUTILS/listen/XR00000d.DBT,24,72A52A1247B2823B6E0966B9AA57C00066A02421D5740F983754B7F9CD2D07BC
Factory B/SSV_HVAC/XUTILS/listen/XR00000d.MDX,180224,9BF4EA173BDFF5FC99EB0E4E5ADBB2198023D6F654DF8DC6F916AED6F86F080C
Factory B/SSV_HVAC/XUTILS/XR112001.DBF,1378,95A1848EAED02A6112C6565EB75D95B3FB4302564AB5BBA48425F18B6362BA2F
Factory B/SSV_HVAC/XUTILS/XR112001.MDX,4096,972C16D9DF88F16904C5EEDB6B413F05CE7E9D0245F0B8EC56627739052DECBF
Factory B/SSV_HVAC/XUTILS/XRlistID.uxt,4,43C66C260828C9839F26474151DB105481FF92F5E01377F75389D4CE3D2DD574
Factory B/SSV_HVAC/XUTILS/XRlstlck.lck,0,E3B0C44298FC1C149AFBF4C8996FB92427AE41E4649B934CA495991B7852B855
Factory B/SSV_HVAC/YDBs/11481/SYMLIST.DBF,17208,4887D713D73298E84BC83D30B353F38EA5CE0AE707D449D9DB43AEF518206285
Factory B/SSV_HVAC/YDBs/11481/Symlist.id,4,621293836CAFBA765C105B23559D2564FBCA2932BC13EBFEBE9A63B7F393C3CD
Factory B/SSV_HVAC/YDBs/11481/SYMLIST.MDX,16384,E6C78719F864FEBE9CE18B476D96B4F10E55CD46D0F80C8C21E2FB7E79B30EE7
Factory B/SSV_HVAC/YDBs/23977/SYMLIST.DBF,16598,C4574594E2BE54FA5759FC1202781AF7BFA699CA3DA53DEB25DE222687802972
Factory B/SSV_HVAC/YDBs/23977/Symlist.id,4,77F906B94309DC84A1D71649EEAC2D708182919F62D74580340943D6D8014BF9
Factory B/SSV_HVAC/YDBs/23977/SYMLIST.MDX,16384,A4FE51BCA04333234198A7CD7712680550B596B0B017322B22A2CFF1CD032A7F
Factory B/SSV_HVAC/YDBs/2751/SYMLIST.DBF,20258,52548E7C38F92212CE427365CB8A130256CFC08A90DD77C72FB44BFDC9938DD8
Factory B/SSV_HVAC/YDBs/2751/Symlist.id,4,D16A7AD80717A9E74A2A28D29899854F2FAA6B889F774043E6A25B6F020FF3A7
Factory B/SSV_HVAC/YDBs/2751/SYMLIST.MDX,22528,E5F1E42787D3D154C5BC86F3ADD6A5C3B3F5D278D431CB3E1CFC4C69781B917A
Factory B/SSV_HVAC/YDBs/3673/SYMLIST.DBF,24833,9206EABD86D6ED8C8B017AF92AE6A2A51A4DFBECDA99C5402DC862C3F5EF9DE7
Factory B/SSV_HVAC/YDBs/3673/Symlist.id,4,CFF611E6FECB2649FE363C0DCF79CB556A59D01303808EB1F8C0D30B102CBE3C
Factory B/SSV_HVAC/YDBs/3673/SYMLIST.MDX,24576,CAA90A056BD08F7CDFEB9945C027A62DF375B7091B32A9BCA0811C030F230F32
Factory B/SSV_HVAC/YDBs/3790/SYMLIST.DBF,24528,C6EC1415238810ABF021F15000821947F9468D975DE1FC26909356B3D8903C65
Factory B/SSV_HVAC/YDBs/3790/Symlist.id,4,C0736411A62EC0F4ACA1E1133550491BD09B6FA99AE36C7B2F85A12C4DC387D1
Factory B/SSV_HVAC/YDBs/3790/SYMLIST.MDX,24576,12B110C46FA548C1963B69E40FD2F9EF0A0A07E5030231F874BBD9A4024D91AC
Factory B/SSV_HVAC/YDBs/3836/SYMLIST.DBF,15683,ED13B634B7FFBB2BD9D3BC991B33A86E26C5F2850E6B403124522B059C730174
Factory B/SSV_HVAC/YDBs/3836/Symlist.id,4,60864AAE264519399C7A7379382E411D40A3BD0F1641E669FB73183D223F6BD0
Factory B/SSV_HVAC/YDBs/3836/SYMLIST.MDX,16384,C54B002D06FEB2C18099D7AE59373D6B9A7F23F7B222A8A9877AA4DCCB002B86
Factory B/SSV_HVAC/YDBs/4081/SYMLIST.DBF,15378,21014B752D79E83B8A74CDD313500805ECF52392737BE45EB3EB017F7BF207BF
Factory B/SSV_HVAC/YDBs/4081/Symlist.id,4,4F8320D91E97D546DC799848E8D218E18050AF7A7964E0414DE9E5479006D7E3
Factory B/SSV_HVAC/YDBs/4081/SYMLIST.MDX,16384,D64AB48DF90C2311850A92EB949DDADF477C2256F08A919AAAE4C97A88653E40
Factory B/SSV_HVAC/YDBs/4114/SYMLIST.DBF,16598,823BFF0DCD231F8EB8F49EFD9D34D6813FE4F37370AEFD2F6D921EC5EB320418
Factory B/SSV_HVAC/YDBs/4114/Symlist.id,4,77F906B94309DC84A1D71649EEAC2D708182919F62D74580340943D6D8014BF9
Factory B/SSV_HVAC/YDBs/4114/SYMLIST.MDX,16384,D4EAB2FFC8FB5EA12A51C267ABD22A1E1FDECED84179BD174DD088C1B3C8CA12
Factory B/SSV_HVAC/YDBs/4153/SYMLIST.DBF,17513,C8D33E7FDA2265E804E9320499CD4169C11C72FCE11711720DD3043E513E904F
Factory B/SSV_HVAC/YDBs/4153/Symlist.id,4,E2733B3DB9D93B0AC4E656AA12B839B92D1B7E1A4C5D97C74CB05C700672CC87
Factory B/SSV_HVAC/YDBs/4153/SYMLIST.MDX,16384,7A7D2997CE86AB13EB4901895E59EC4AC6746A3AD14DF10A1C111F393130C0A3
Factory B/SSV_HVAC/YDBs/4241/SYMLIST.DBF,16598,F369C336052D66609ACDC139154C85DA4B891542094292FBD67BD66D56AB38A1
Factory B/SSV_HVAC/YDBs/4241/Symlist.id,4,77F906B94309DC84A1D71649EEAC2D708182919F62D74580340943D6D8014BF9
Factory B/SSV_HVAC/YDBs/4241/SYMLIST.MDX,16384,EB87F514E80485329EA1378B1075CED9CDF9F185234B4BF8437F079AAB78E2A0
Factory B/SSV_HVAC/YDBs/4277/SYMLIST.DBF,15683,53BAEBA3FD747073F4D0953C4B6339620BDF40E16E3FB81BF18E8B8E51088B6C
Factory B/SSV_HVAC/YDBs/4277/Symlist.id,4,60864AAE264519399C7A7379382E411D40A3BD0F1641E669FB73183D223F6BD0
Factory B/SSV_HVAC/YDBs/4277/SYMLIST.MDX,16384,16847EF82B67A02F535D723422D635314BEB5FC13C046D8B2D2A37EB4782C638
Factory B/SSV_HVAC/YDBs/SYMLISTS.DBF,8339,65DA0A34D4341DE1F909011D5B2016884BDA6BEDBB67F908AFDC9A0EF8E988CD
Factory B/SSV_HVAC/YDBs/SYMLISTS.MDX,6144,6618BC114FFF667C1D4EFB80F0D9D9009C185544409098A11E6829754DE3EED9
Factory B/SSV_HVAC/YDBs/YLNKLIST.DBF,2442,59E40C013342B10CABF548842EEC2D347235BA40739F6AB6086715742EA830ED
Factory C/SSV_C_FA/ApiLog/lock,0,E3B0C44298FC1C149AFBF4C8996FB92427AE41E4649B934CA495991B7852B855
Factory C/SSV_C_FA/ApiLog/LogIDs,8,32B4529DA9AC296D9C0D4847F11274BD880336418DA2E2A3E1C004C054C6888F
Factory C/SSV_C_FA/ApiLog/Step7Bas.ver,4284,296642FE125255F7D2F2915EE2A491A7401EFE239C7078E61F2D7D6F5A4FB738
Factory C/SSV_C_FA/ApiLog/Types,1542,371507BC8F1D5BB0523CD76291862D70D939616770B49DCF2497BFD340E7219D
Factory C/SSV_C_FA/CONN/CO_1/VerbHomo.dat,12,BD0DB4691E4A0B388A976D148CDE39DCAD8A6DB3DE16CA7DF23A42511B049F91
Factory C/SSV_C_FA/CONN/CO_11/VerbHomo.dat,12,BD0DB4691E4A0B388A976D148CDE39DCAD8A6DB3DE16CA7DF23A42511B049F91
Factory C/SSV_C_FA/CONN/CO_12/VerbHomo.dat,12,BD0DB4691E4A0B388A976D148CDE39DCAD8A6DB3DE16CA7DF23A42511B049F91
Factory C/SSV_C_FA/CONN/CO_13/VerbHomo.dat,12,BD0DB4691E4A0B388A976D148CDE39DCAD8A6DB3DE16CA7DF23A42511B049F91
Factory C/SSV_C_FA/CONN/CO_14/VerbHomo.dat,12,BD0DB4691E4A0B388A976D148CDE39DCAD8A6DB3DE16CA7DF23A42511B049F91
Factory C/SSV_C_FA/CONN/CO_15/VerbHomo.dat,12,BD0DB4691E4A0B388A976D148CDE39DCAD8A6DB3DE16CA7DF23A42511B049F91
Factory C/SSV_C_FA/CONN/CO_16/VerbHomo.dat,12,BD0DB4691E4A0B388A976D148CDE39DCAD8A6DB3DE16CA7DF23A42511B049F91
Factory C/SSV_C_FA/CONN/CO_17/VerbHomo.dat,12,BD0DB4691E4A0B388A976D148CDE39DCAD8A6DB3DE16CA7DF23A42511B049F91
Factory C/SSV_C_FA/CONN/CO_2/VerbHomo.dat,12,BD0DB4691E4A0B388A976D148CDE39DCAD8A6DB3DE16CA7DF23A42511B049F91
Factory C/SSV_C_FA/CONN/CO_20/VerbHomo.dat,12,BD0DB4691E4A0B388A976D148CDE39DCAD8A6DB3DE16CA7DF23A42511B049F91
Factory C/SSV_C_FA/CONN/CO_21/VerbHomo.dat,12,BD0DB4691E4A0B388A976D148CDE39DCAD8A6DB3DE16CA7DF23A42511B049F91
Factory C/SSV_C_FA/CONN/CO_3/VerbHomo.dat,12,BD0DB4691E4A0B388A976D148CDE39DCAD8A6DB3DE16CA7DF23A42511B049F91
Factory C/SSV_C_FA/CONN/CO_4/VerbHomo.dat,12,BD0DB4691E4A0B388A976D148CDE39DCAD8A6DB3DE16CA7DF23A42511B049F91
Factory C/SSV_C_FA/CONN/CO_5/VerbHomo.dat,12,BD0DB4691E4A0B388A976D148CDE39DCAD8A6DB3DE16CA7DF23A42511B049F91
Factory C/SSV_C_FA/CONN/CO_6/VerbHomo.dat,12,BD0DB4691E4A0B388A976D148CDE39DCAD8A6DB3DE16CA7DF23A42511B049F91
Factory C/SSV_C_FA/CONN/CO_7/VerbHomo.dat,12,BD0DB4691E4A0B388A976D148CDE39DCAD8A6DB3DE16CA7DF23A42511B049F91
Factory C/SSV_C_FA/CONN/CO_8/VerbHomo.dat,12,BD0DB4691E4A0B388A976D148CDE39DCAD8A6DB3DE16CA7DF23A42511B049F91
Factory C/SSV_C_FA/CONN/LINKVL.dbf,6144,E324D018EE6886CCA01A83854C131ACFA2A2991890ED970BD08143825F6E0DF5
Factory C/SSV_C_FA/CONN/LOCKVL.LCK,0,E3B0C44298FC1C149AFBF4C8996FB92427AE41E4649B934CA495991B7852B855
Factory C/SSV_C_FA/CONN/VERBLIST.PRO,4,44B34BA1E158565CD98B8B42DA82AB3DA3855B9828EF66847EED4A66A20C22B4
Factory C/SSV_C_FA/CONN/VERBTAB.DBF,9586,7951ADCFFA198ED9877F6A66DE932E284E7B7666F502C407E72677EA5AD41906
Factory C/SSV_C_FA/CONN/VERBTAB.MDX,4096,B3D66815838A475431E3ABA77F84BD1D8A08C21644AF60DFC0C3958AE9C7AD3F
Factory C/SSV_C_FA/CONN/VLTAB53.DBF,6726,2E0AF84D1D06FA681C53DFB5E32CD239B5B8B1CA9905AB0DA5397B064DD79201
Factory C/SSV_C_FA/CONN/VLTAB53.MDX,4096,97B6875DC84727463C85D11E4C78ADAD536A09110CBA71F87D5CF2F9D33C0C3D
Factory C/SSV_C_FA/Global/141099_20_dp_asi.txt,0,E3B0C44298FC1C149AFBF4C8996FB92427AE41E4649B934CA495991B7852B855
Factory C/SSV_C_FA/Global/141099_20.txt,1230,F6D27567B6CED43847ACA475BA10930DCFFE361959384970EAD241DB0462A9C4
Factory C/SSV_C_FA/Global/141099_26_dp_asi.txt,0,E3B0C44298FC1C149AFBF4C8996FB92427AE41E4649B934CA495991B7852B855
Factory C/SSV_C_FA/Global/141099_26.txt,369,9F26B65766D077100C81D9F4525A043EBCDA4801DA5327B5C2C2B86BFBB38D86
Factory C/SSV_C_FA/Global/141099_29_dp_asi.txt,0,E3B0C44298FC1C149AFBF4C8996FB92427AE41E4649B934CA495991B7852B855
Factory C/SSV_C_FA/Global/141099_29.txt,328,F5DE894B5F03657B339C5C2560AD7A760A3D54FCF52E1F6C32EB12A71380F594
Factory C/SSV_C_FA/Global/141099_38_dp_asi.txt,0,E3B0C44298FC1C149AFBF4C8996FB92427AE41E4649B934CA495991B7852B855
Factory C/SSV_C_FA/Global/141099_38.txt,82,011684FC98218C7939DA38575C9ADFB81F7A29824A47BE93E22256469057DF11
Factory C/SSV_C_FA/Global/141099_3b_dp_asi.txt,0,E3B0C44298FC1C149AFBF4C8996FB92427AE41E4649B934CA495991B7852B855
Factory C/SSV_C_FA/Global/141099_3b.txt,41,B95EAACE4FAD35FD890AEFDF52438A5401BF5742CBF8D499EA15C125A1E6E3FE
Factory C/SSV_C_FA/Global/colorder.dat,96,87C8393140C1F3747804C2F6F87087B87DE4B851E5E62922D551DBC1FCC66AE1
Factory C/SSV_C_FA/Global/colwidth.dat,96,E4EFE5C5BD5C02BEA8840697250FEB62FF4D186B06A7B5BC965246A54392616E
Factory C/SSV_C_FA/Global/Font_1,35,8AC41431DE91C21BD11B8176F524B86F69BB738F11008295048EA15D85FE3D6F
Factory C/SSV_C_FA/Global/Font_2,33,92215880675BE1B97BFDA87BAB71808CAE4D9B2F7F7E8A5DD4A36FDFC01B535D
Factory C/SSV_C_FA/Global/Language,40,B2BBF473FD060B75464CD1BB41A0C9748D4044E551BD58C165F6B5EB7C43C6AF
Factory C/SSV_C_FA/Global/MkProfil/Administrator/MakeLog/Compile and Download Objects,3347,BD96F4B0BDB10FA8564DA9D7CB480F403B1ABFF8D4ABDA160BC1184CC2C3CF29
Factory C/SSV_C_FA/Global/MkProfil/Administrator/MakeLog/Compile/00141103/0000001E.log,512,979FBA6A7832829CDE879DBFB342C8D90D275F33A62173AD18C96982D1397BEF
Factory C/SSV_C_FA/Global/MkProfil/Administrator/MakeLog/Compile/00145301/0000000B.log,6216,4AB30F044E863E4484EF8F6D2B0D56F192746121EE1C939090B0669047F2DBF5
Factory C/SSV_C_FA/Global/MkProfil/Administrator/MakeLog/Compile/S7amkprj.log,3347,BD96F4B0BDB10FA8564DA9D7CB480F403B1ABFF8D4ABDA160BC1184CC2C3CF29
Factory C/SSV_C_FA/Global/MkProfil/HMI1/Administrator/s7amkapx.dat,50,ED2A1765894881219BC31486520151874D5F72B6EA01D90EB71986C6EAF088F6
Factory C/SSV_C_FA/Global/MkProfil/HMI1/Administrator/s7amkexx.dat,100,D0C3169B99F0A4B02C431EA2A013E090A695F4E1F46F7294CD4CD7CD7ACB66D3
Factory C/SSV_C_FA/Global/PROJECTVERSION.umf,10,FA99EFB562428BAC4CD1369430C6996F0FC82FE48FD58B577422E4A754AB481D
Factory C/SSV_C_FA/Global/S7hCompressedMetadata.cmf,4623,B21D4B054755C19E5743CB7AF427A2F6255B695B7AEE6B01346CD7E39E738085
Factory C/SSV_C_FA/Global/S7hMetaData.umf,27029,1696BABEE2B2D10CF9723F792934F6F3BD38CD01A2E8715F8A5664FA166B0846
Factory C/SSV_C_FA/Global/s7netpro.npa,888,50CCD2BB263361409677D247A2D5DE31566459DF51B27BE680EF0B2AA782DADF
Factory C/SSV_C_FA/Global/s7netpro.wnd,140,1EC2CBABF9B5AD7326A9B1E41A21D09CA7EC5B6CF899D4B3FA01C24DD9407F35
Factory C/SSV_C_FA/hOmSave7/s7hdevnx/HATTARY1.DBF,1184,78059B2923F5532D56858B5217AFC8A4A9602743A011428B86EF3E008F9FDF9C
Factory C/SSV_C_FA/hOmSave7/s7hdevnx/HATTARY1.DBT,9728,9F0C6408F001CD5863E00D6AF6F7D9E5CD2040BDD4770794A0B86B6234E9F3B7
Factory C/SSV_C_FA/hOmSave7/s7hdevnx/HATTARY1.MDX,4096,D903DB3D4823F0054689FFF42809E58DF908477DDD94700D25AE703FE9AEF58D
Factory C/SSV_C_FA/hOmSave7/s7hdevnx/HATTRIB1.DBF,45586,54A876778F37BD166DE92F91CA6320EDD3886A4AE25537D997FC2B3E99F5584E
Factory C/SSV_C_FA/hOmSave7/s7hdevnx/HATTRIB1.MDX,14336,9CD50F933E56F14BA125EFC3BD4051FA09E2E9224FEAA4DCA9205F6181A91499
Factory C/SSV_C_FA/hOmSave7/s7hdevnx/HATTRME1.DBF,954,EAA0656FECB52AA6D67024D7443A7D8C4893A2957DA517A7C08E55BB2DC6D245
Factory C/SSV_C_FA/hOmSave7/s7hdevnx/HATTRME1.DBT,9728,ABA855D9170DA8BA318E0B95084E508890FA6B460F413C512E0000B45A943433
Factory C/SSV_C_FA/hOmSave7/s7hdevnx/HATTRME1.MDX,6144,24DC5701D9B5140D9CB6F7CE0800E724E2262AD0FA8244FE0559B7CDDCB082CF
Factory C/SSV_C_FA/hOmSave7/s7hdevnx/HLASTID2.DBF,336,53056E2ADD3526C0CF83D71CEF1FFD6439F85782E49E18DC1B3BFF69A591F01B
Factory C/SSV_C_FA/hOmSave7/s7hdevnx/hLockID1,0,E3B0C44298FC1C149AFBF4C8996FB92427AE41E4649B934CA495991B7852B855
Factory C/SSV_C_FA/hOmSave7/s7hdevnx/HOBJECT1.DBF,9700,2985BAE8F5C0105AAC8F2E3AF114876671A73555E220CDEB5291AECF6D1BF755
Factory C/SSV_C_FA/hOmSave7/s7hdevnx/HOBJECT1.MDX,4096,B94E954F25B475F3A4704AA024774CC5F91FA5AC4062009204BC71ABD854CCDE
Factory C/SSV_C_FA/hOmSave7/s7hdevnx/HRELATI1.DBF,4314,05EAEE7FC76FC41823666F79C5AD05185502012A9BE2408AD7CB7AF7CDBD1707
Factory C/SSV_C_FA/hOmSave7/s7hdevnx/HRELATI1.MDX,10240,E5D07B7101944631BC975DE81D301686F620A770FBE02954465F8626ADA2196E
Factory C/SSV_C_FA/hOmSave7/S7HDPSSX/HATTARY1.DBF,689,A208E370B8B5A0271E3241D861B71FC150A67161F4845F10CA3F5CDC9A8FA21D
Factory C/SSV_C_FA/hOmSave7/S7HDPSSX/HATTARY1.DBT,5120,6A09C8A7B739A0FC116189D6CAAEC5FF822291F8B08B9F998422A1FE59268E44
Factory C/SSV_C_FA/hOmSave7/S7HDPSSX/HATTARY1.MDX,4096,895A51121AFB91ABF6C4B75BEFDA3E5486A0BF9B878CABE007A91C61D31AF69E
Factory C/SSV_C_FA/hOmSave7/S7HDPSSX/HATTRIB1.DBF,39916,A4447C55C5CAD8A02B9FAF486FB03CA2D6E125D64B0B457AED7737EAC4F3827C
Factory C/SSV_C_FA/hOmSave7/S7HDPSSX/HATTRIB1.MDX,12288,A9A2B6F13A5D5F26723917D28BE4D37CCB9C0357EF097029DA2D90F483B09AF0
Factory C/SSV_C_FA/hOmSave7/S7HDPSSX/HATTRME1.DBF,162,E0BB67AD207C0DBC9E1C7990DE191EE854777BF70BA128E3721CBA998F63B183
Factory C/SSV_C_FA/hOmSave7/S7HDPSSX/HATTRME1.DBT,24,BBD6906E6E0BDD28993ABA33973EA7ADC4C9B1449E14953241AF9759CE9FFF7E
Factory C/SSV_C_FA/hOmSave7/S7HDPSSX/HATTRME1.MDX,6144,68136BCFFA1196FDD5A56308D354070FC7EA3B91F57B9A730C2586EBFC1746F5
Factory C/SSV_C_FA/hOmSave7/S7HDPSSX/HLASTID2.DBF,336,CFE013044EB9D2E8F9747B4FE59161B87DAD652675C60F12AF185E678880DC55
Factory C/SSV_C_FA/hOmSave7/S7HDPSSX/hLockID1,0,E3B0C44298FC1C149AFBF4C8996FB92427AE41E4649B934CA495991B7852B855
Factory C/SSV_C_FA/hOmSave7/S7HDPSSX/HOBJECT1.DBF,5155,0D0DE4DC3C9E3984864F0E9A12FE9BD5AE7E7BBC8700E99C508ECDFB69A85175
Factory C/SSV_C_FA/hOmSave7/S7HDPSSX/HOBJECT1.MDX,4096,6D4F794D77E736EB01CDB20A0214E6AFDEA6A2392A07469385A03EDE929A63F0
Factory C/SSV_C_FA/hOmSave7/S7HDPSSX/HRELATI1.DBF,3378,2EFC7441DD30F22BF643AF2392704A1E0B72CA937D8BE4B2AF591525F36512F2
Factory C/SSV_C_FA/hOmSave7/S7HDPSSX/HRELATI1.MDX,9216,311DA01DB8F5BDE952C79FBD926295E4EC4E44B6C69922FCE22D551CE935360D
Factory C/SSV_C_FA/hOmSave7/S7HK15AX/HATTARY1.DBF,799,FFE2D3A9C4E871397FDFD22BB17874EBAC70197390D2B6CEFEB8D11D17F1E7FE
Factory C/SSV_C_FA/hOmSave7/S7HK15AX/HATTARY1.DBT,6144,C9FC9C989D6EBDF71E54ACD6D967108261FA603B2704C986DD2C165E808F8152
Factory C/SSV_C_FA/hOmSave7/S7HK15AX/HATTARY1.MDX,4096,4C0F92CEFE4575132567DFE362BE9E3A7CC640B63CA4C95D2A2A9EC78EF55CA9
Factory C/SSV_C_FA/hOmSave7/S7HK15AX/HATTRIB1.DBF,17551,042C9350BDB2DD5A9EDFD3BA73E3B0AA4C9C2DA538774DB183650CC5FBDBEA6C
Factory C/SSV_C_FA/hOmSave7/S7HK15AX/HATTRIB1.MDX,9216,39D81DDD9D2015BE1BB1F4C60CF6A2649CC6F67075C1CC72EC7C37F356C16A3D
Factory C/SSV_C_FA/hOmSave7/S7HK15AX/HATTRME1.DBF,1614,634212523A4A9488F47D9FEF01A46A6C9592A9CB4A9DE8892700B6DBFDC89D8E
Factory C/SSV_C_FA/hOmSave7/S7HK15AX/HATTRME1.DBT,17408,816AC6516193C22F93958822BA9F7C4C2C239832B367A2A5FF80BA74490A5A10
Factory C/SSV_C_FA/hOmSave7/S7HK15AX/HATTRME1.MDX,6144,B238C8CD8F7A06AB030039B361264DA58D7CB8DA8F4E78A7BAF49D54A2AD7280
Factory C/SSV_C_FA/hOmSave7/S7HK15AX/HLASTID2.DBF,336,47CD780C99DA9F715AA3EE87917E878BF6623A96C38FB46936B4F0A4B5098C5C
Factory C/SSV_C_FA/hOmSave7/S7HK15AX/hLockID1,0,E3B0C44298FC1C149AFBF4C8996FB92427AE41E4649B934CA495991B7852B855
Factory C/SSV_C_FA/hOmSave7/S7HK15AX/HOBJECT1.DBF,6165,CFFE7AB601F8ABDD878034CD9257389F8ADD0205994D7F0F80DD11F34528258E
Factory C/SSV_C_FA/hOmSave7/S7HK15AX/HOBJECT1.MDX,4096,4AFD9E81EE59D7241A987749FACFBF2C3E11284F4E4A68D4E5C1A52124F0C9A9
Factory C/SSV_C_FA/hOmSave7/S7HK15AX/HRELATI1.DBF,4548,2188105B08CACF4BD2B198DF770356A6E731DC457B137212DA688BB79D0A5BDE
Factory C/SSV_C_FA/hOmSave7/S7HK15AX/HRELATI1.MDX,11264,8942B7EEBD9E3D1F2B4CB7235EF123AC7CA6CCA8A0B40F3D1C25B8B80C0E58EB
Factory C/SSV_C_FA/hOmSave7/S7HK31AX/HATTARY1.DBF,689,B8A94B16466BF9BAAD50A820F9883779A09AAFC6D54A5579A7E41418C9811901
Factory C/SSV_C_FA/hOmSave7/S7HK31AX/HATTARY1.DBT,14336,FFC7576919C6FB8AF47319A6194648602ABED9EEBF3BD9F7BE0D62CA200C7A3A
Factory C/SSV_C_FA/hOmSave7/S7HK31AX/HATTARY1.MDX,4096,57C7A40D41A9D9C285BFFBE88AF9E7ECE78D2653DE6B349BD307F0CF9048E2B8
Factory C/SSV_C_FA/hOmSave7/S7HK31AX/HATTRIB1.DBF,34246,69567C003251D25B4019179C9457500D64218476CBE3938D39746088DAAEE0AA
Factory C/SSV_C_FA/hOmSave7/S7HK31AX/HATTRIB1.MDX,11264,CD5AE485995B0C0FA4FBBFA9AE00ADF462230E307548C31E9963B0AF90F779A0
Factory C/SSV_C_FA/hOmSave7/S7HK31AX/HATTRME1.DBF,3198,B0CE919F935120194B91F71BD2C223470DE22569CFE1D5B27F91EFEFD6B3D345
Factory C/SSV_C_FA/hOmSave7/S7HK31AX/HATTRME1.DBT,35840,857F354BEF9B30359850623B190611BBFFAD9594EB8586CC911A0CA19BF94F35
Factory C/SSV_C_FA/hOmSave7/S7HK31AX/HATTRME1.MDX,8192,818AD0072D2F10F2436F6C67EBFBD7C205241B000BA2E4BE5B8A2C8DFE6AF27D
Factory C/SSV_C_FA/hOmSave7/S7HK31AX/HLASTID2.DBF,336,2EDD372C170E684B3BB43640AEEFE965C7F2FF9315F3180E5CD16E689232899B
Factory C/SSV_C_FA/hOmSave7/S7HK31AX/hLockID1,0,E3B0C44298FC1C149AFBF4C8996FB92427AE41E4649B934CA495991B7852B855
Factory C/SSV_C_FA/hOmSave7/S7HK31AX/HOBJECT1.DBF,5155,90C9FAE5EAD573E55875737835DC7FD6B924FEABF37A95E9279E2544D3410B07
Factory C/SSV_C_FA/hOmSave7/S7HK31AX/HOBJECT1.MDX,4096,65403A65FF198D8905EB1620EEA73E2A8CFC50BF0C35BE1E7B22413A24EC8D65
Factory C/SSV_C_FA/hOmSave7/S7HK31AX/HRELATI1.DBF,7980,3338D2280B41A1AAB436D8EC5B9611C6692F7150937E4E9CD877B0998ECD3201
Factory C/SSV_C_FA/hOmSave7/S7HK31AX/HRELATI1.MDX,15360,85E9D55B773AAF48F56F7254BCEF391EC09898B1B0DC89B03C3575881F7095E3
Factory C/SSV_C_FA/hOmSave7/s7hk32ax/HATTARY1.DBF,1019,2D3243BEDC7DDF0A54638B73984A29BC01F36B9A0B5F163C47CEC586BB37C516
Factory C/SSV_C_FA/hOmSave7/s7hk32ax/HATTARY1.DBT,8192,FFA63C5EEECBC5BDF7419F26DAB86CE94C21A4B3F316CC3342620B8A84856316
Factory C/SSV_C_FA/hOmSave7/s7hk32ax/HATTARY1.MDX,4096,067E01979391D251073CC91589F4E858A5D675F10FBF3F30AD7BE09D7F1FD9B0
Factory C/SSV_C_FA/hOmSave7/s7hk32ax/HATTRIB1.DBF,19126,D205469F2E01189DEDD9B4323580545AF59CA8A03FE2A95A0B21848483B6C278
Factory C/SSV_C_FA/hOmSave7/s7hk32ax/HATTRIB1.MDX,8192,351E5391583A32667C9B3636E9AA9216F3DF3788C6A82BC716CE4EB873C07C3B
Factory C/SSV_C_FA/hOmSave7/s7hk32ax/HATTRME1.DBF,2802,82A2AB6428FBFEA1432BF683D53DDCE3B6A8C5327495B8272D7B5470D77F1E31
Factory C/SSV_C_FA/hOmSave7/s7hk32ax/HATTRME1.DBT,31232,5D6237388CAB4B73E9DFB767E25D7B7FBEB813D551C8911B2211C53DFA9DD5E0
Factory C/SSV_C_FA/hOmSave7/s7hk32ax/HATTRME1.MDX,8192,995603F2AD8FA801A52DF27181F35D0FCE0F3EABF22BC3FB0D8BC6A3DADD968C
Factory C/SSV_C_FA/hOmSave7/s7hk32ax/HLASTID2.DBF,336,61939FC745EB547D432F2479B94449CC9A6C7742D7FE019EF321A5AA52B04A27
Factory C/SSV_C_FA/hOmSave7/s7hk32ax/hLockID1,0,E3B0C44298FC1C149AFBF4C8996FB92427AE41E4649B934CA495991B7852B855
Factory C/SSV_C_FA/hOmSave7/s7hk32ax/HOBJECT1.DBF,8185,8253DC9D18C1A26D10858131B498F0FE49CCA2F433E3AE5A99EEB64D0ECEE731
Factory C/SSV_C_FA/hOmSave7/s7hk32ax/HOBJECT1.MDX,4096,EE3BA3AB2B059D00F733E40AAA1E7F66FBE3E701FD503F2EA3E78A2A5C946FD5
Factory C/SSV_C_FA/hOmSave7/s7hk32ax/HRELATI1.DBF,2598,6783663BB6C0E7702724F3C26F2D6023F35609BC5A405A0CBEE2ADEE4822B01F
Factory C/SSV_C_FA/hOmSave7/s7hk32ax/HRELATI1.MDX,8192,5E9088710379DD27BFC70255E32BDE999ED6DC39AD0689742B138FC3A895E76B
Factory C/SSV_C_FA/hOmSave7/s7hk32bx/HATTARY1.DBF,634,3413C7B08DE4C5A742EE60A3A5EDA228C3AADF12178B71058AF0A56A40F846D6
Factory C/SSV_C_FA/hOmSave7/s7hk32bx/HATTARY1.DBT,4608,141F9A8F125D35962B1B14392DCD88539F57DC29DF1EA042221C61F5D0125652
Factory C/SSV_C_FA/hOmSave7/s7hk32bx/HATTARY1.MDX,4096,A83DC5946DA64D4AE37F190FB3E166836583C3637372B872277DC13F591B5427
Factory C/SSV_C_FA/hOmSave7/s7hk32bx/HATTRIB1.DBF,10306,FE1174C7CBD0A4F5DE23EC61AABAA306208763B1B04CFFD1A49D5FBB601DF4C6
Factory C/SSV_C_FA/hOmSave7/s7hk32bx/HATTRIB1.MDX,6144,107F3043321BC03BA1E480BCBA95DF3510E942B8C5CA9BA57A7EB867472F570A
Factory C/SSV_C_FA/hOmSave7/s7hk32bx/HATTRME1.DBF,1570,AAB464FA34CC97933AC7F2BD6D5CDCBAC42586F9986E09F0A3452B24D0A69D9C
Factory C/SSV_C_FA/hOmSave7/s7hk32bx/HATTRME1.DBT,16896,10B89481949709A108256A4706C5FE21013FD680DCC41A91662A4FD0AE6759B4
Factory C/SSV_C_FA/hOmSave7/s7hk32bx/HATTRME1.MDX,6144,E186E324B7BC1FC78F157E6C3869ED2CEF60E2E8F6AE1D5E952FBEAF59EB74C0
Factory C/SSV_C_FA/hOmSave7/s7hk32bx/HLASTID2.DBF,336,F7755EDA55AA06FA76EE474C1CE4D2217A3E528FE24AB65974B10B3B9A369D2E
Factory C/SSV_C_FA/hOmSave7/s7hk32bx/hLockID1,0,E3B0C44298FC1C149AFBF4C8996FB92427AE41E4649B934CA495991B7852B855
Factory C/SSV_C_FA/hOmSave7/s7hk32bx/HOBJECT1.DBF,4650,B47143D38878057EAF36B9D7AA347C011D6E0B2D13EF5209E26C05B7BE7FD9EF
Factory C/SSV_C_FA/hOmSave7/s7hk32bx/HOBJECT1.MDX,4096,3C01708D39F52EA8A041C39D4D0A7308BCFD437CA29395E4D99BAAC7A52A42FB
Factory C/SSV_C_FA/hOmSave7/s7hk32bx/HRELATI1.DBF,1506,A4AF6FC6BD2C31EA7982B0FF75A5CAA5394E7AA635BBEB1A46FFF8F6BDA6BABF
Factory C/SSV_C_FA/hOmSave7/s7hk32bx/HRELATI1.MDX,6144,511E0CA055E8370CEBCA08CB06B1789C89E53FA939AC3F59CD449B5BCF88DABA
Factory C/SSV_C_FA/hOmSave7/s7hk33ax/HATTARY1.DBF,2999,84835D86914F74E60D856822BCC50CB3DFB5E53160FDE1AA82AF5EDF95B1D228
Factory C/SSV_C_FA/hOmSave7/s7hk33ax/HATTARY1.DBT,26624,1499FB356A2F59AE053AF4BEFF631CEF35CBAA1B604875C4A6773DB27AECB861
Factory C/SSV_C_FA/hOmSave7/s7hk33ax/HATTARY1.MDX,4096,FC25E0D76E7B53CD544A15CCA94DD2B1ABF4B05049980CE17E23D989F3A5F729
Factory C/SSV_C_FA/hOmSave7/s7hk33ax/HATTRIB1.DBF,64486,CCB6BB5BC70D86D5429B46C0CEBC3AF4A5DDC6EF0C92313B375D01FB4E72D51B
Factory C/SSV_C_FA/hOmSave7/s7hk33ax/HATTRIB1.MDX,19456,86842A6A61DF75109D970876A54DF92F59B0F9C94E740D74A1653252BD139239
Factory C/SSV_C_FA/hOmSave7/s7hk33ax/HATTRME1.DBF,10898,6B41C2D1BACB1F09601B716A1EDB34872CE0DFDE88348864E181BE9D4C188C7F
Factory C/SSV_C_FA/hOmSave7/s7hk33ax/HATTRME1.DBT,125440,20A6295161D57E10C53123C967911694F1E2A66D02335E12EAF51FE5B8BE9B5E
Factory C/SSV_C_FA/hOmSave7/s7hk33ax/HATTRME1.MDX,21504,BC4712F117B298112943CCD6FF22AA1B10BFF4451FEC021886B6CCC6A9186097
Factory C/SSV_C_FA/hOmSave7/s7hk33ax/HLASTID2.DBF,336,F0FCBA9061FD491A479B8BDB90913D218E36A825D60DBA47F72E6EBC0C941548
Factory C/SSV_C_FA/hOmSave7/s7hk33ax/hLockID1,0,E3B0C44298FC1C149AFBF4C8996FB92427AE41E4649B934CA495991B7852B855
Factory C/SSV_C_FA/hOmSave7/s7hk33ax/HOBJECT1.DBF,26365,004C4A2F442D9D0871BFE85FCB4340BB1DD063AEE730A7B5BFB062AA7C17BCC5
Factory C/SSV_C_FA/hOmSave7/s7hk33ax/HOBJECT1.MDX,4096,5E0CBB511CDBC1685E5D6ECD93D9DC0F47D20C8CB46E9681F25A5A62763F53A8
Factory C/SSV_C_FA/hOmSave7/s7hk33ax/HRELATI1.DBF,8214,8CEB174C0684E0F59679F45E6D7B66A35C520C74D572ED9B1B941D5ACD0B56DD
Factory C/SSV_C_FA/hOmSave7/s7hk33ax/HRELATI1.MDX,17408,CE796DA272C9F567279B22623ACA8CBFD5BD3A9574A554E8CF339499E59344D5
Factory C/SSV_C_FA/hOmSave7/s7hk33cx/HATTARY1.DBF,2229,C07FFDF945C4A83C3CAD908EF764C931CBD811DB67C3990EF67D0E679A7DB7BF
Factory C/SSV_C_FA/hOmSave7/s7hk33cx/HATTARY1.DBT,19456,85B71FBFC591CD405CE73314B31811A54D48A781FAF66247570F1865CCB2C024
Factory C/SSV_C_FA/hOmSave7/s7hk33cx/HATTARY1.MDX,4096,7DB0EAB41CD80D7F87C76DE94EE261B1B4777BFD33ED8248239D89E6A1C50FC8
Factory C/SSV_C_FA/hOmSave7/s7hk33cx/HATTRIB1.DBF,46846,724420AC47A83E43F6DC4F4203CF9CA252E0E62802839A89758F7D998C7CC301
Factory C/SSV_C_FA/hOmSave7/s7hk33cx/HATTRIB1.MDX,12288,2023619CC970236E329F001259A4A876AFBCCBF111E9D77F16E100FE1848404F
Factory C/SSV_C_FA/hOmSave7/s7hk33cx/HATTRME1.DBF,8302,44F0C95D3BA2CEF524E7D9049A548FF65D4BA3C8C62ED5659E0D0468FCDCBBF6
Factory C/SSV_C_FA/hOmSave7/s7hk33cx/HATTRME1.DBT,95232,B12532CF7F210F138DF1C274D50EF50422FE6342ABEDD4A52F02171591BF671A
Factory C/SSV_C_FA/hOmSave7/s7hk33cx/HATTRME1.MDX,15360,E7B158ECDE7B1907426A027D3E783EDB0AEAE9BB436A024EE4E2B8A7AB2D469E
Factory C/SSV_C_FA/hOmSave7/s7hk33cx/HLASTID2.DBF,336,7848D7B60184F5EED28A71F95D87F3B2888B3050F68009294A8DC463FE963ECA
Factory C/SSV_C_FA/hOmSave7/s7hk33cx/hLockID1,0,E3B0C44298FC1C149AFBF4C8996FB92427AE41E4649B934CA495991B7852B855
Factory C/SSV_C_FA/hOmSave7/s7hk33cx/HOBJECT1.DBF,19295,22E0337ED4D9A323EFF79AC99D6B58FB6679E6C9E8106A563EC33AF6116F7D11
Factory C/SSV_C_FA/hOmSave7/s7hk33cx/HOBJECT1.MDX,4096,5D0FE4D2A7E6FE41E0BC0923B0DA9A0099F90591185501A9E0504DB745420B0F
Factory C/SSV_C_FA/hOmSave7/s7hk33cx/HRELATI1.DBF,6030,BB021BBE705BBFF0E6916CDB59A086DB8216DCB4D66B563E484B26D17BE85E86
Factory C/SSV_C_FA/hOmSave7/s7hk33cx/HRELATI1.MDX,10240,F7683F6AC1C912FE328D374AEB787AB2AB77542B2BBFA5171E75CD25CC4B7EF0
Factory C/SSV_C_FA/hOmSave7/s7hkdmax/HATTARY1.DBF,744,D4374DD1C00A59FB10CFB1524F278C1EE2210FCF5C17FE6A1C02503E7966421F
Factory C/SSV_C_FA/hOmSave7/s7hkdmax/HATTARY1.DBT,5632,87BCDF56C025CBA4509FFD7D19BB01B5F153165402555016DD4E14456812C403
Factory C/SSV_C_FA/hOmSave7/s7hkdmax/HATTARY1.MDX,4096,30C0E73DCEC718E8D96C9F2CAFD2DFF93BF4B966B2311806666C220EC32C1188
Factory C/SSV_C_FA/hOmSave7/s7hkdmax/HATTRIB1.DBF,12826,C26DC0D51C6A93171F2F8E2B351024BC8BC0BDE250965CE9E4009367416F8CBF
Factory C/SSV_C_FA/hOmSave7/s7hkdmax/HATTRIB1.MDX,6144,BB4AE783C52DF1003B374A5DAECCE1DCD982798260FE548E85F5B47B55D652E3
Factory C/SSV_C_FA/hOmSave7/s7hkdmax/HATTRME1.DBF,1922,7FBE9377696A005EBF44FA1AC8792E558776A16561F062A36F9DE3D6FD114ADB
Factory C/SSV_C_FA/hOmSave7/s7hkdmax/HATTRME1.DBT,20992,79C8F6644CA5A4E442C64A6A1450A26AF33CB035E384DB1690E132D3D03D98A5
Factory C/SSV_C_FA/hOmSave7/s7hkdmax/HATTRME1.MDX,6144,BF074AA0170990A8AF19117841FAEA4C78F5367611E1E45732A59706C6B8A774
Factory C/SSV_C_FA/hOmSave7/s7hkdmax/HLASTID2.DBF,336,5C111D4BB2E6D7F506903FD0E8E0C994A26D107A677DB89A9A2A8CF4337AE2C0
Factory C/SSV_C_FA/hOmSave7/s7hkdmax/hLockID1,0,E3B0C44298FC1C149AFBF4C8996FB92427AE41E4649B934CA495991B7852B855
Factory C/SSV_C_FA/hOmSave7/s7hkdmax/HOBJECT1.DBF,5660,DBA42927013A6FE6F698E37D8AB59FB6937A4639EBD62F0797362CC98F03EB53
Factory C/SSV_C_FA/hOmSave7/s7hkdmax/HOBJECT1.MDX,4096,529EEB180391F395A6A0FE33A4EDF8F101D38DFBF5EAC213EE62ED466385593E
Factory C/SSV_C_FA/hOmSave7/s7hkdmax/HRELATI1.DBF,3378,0C6111D8EB961A1014C027CB13FE77EA88F367C80DA0517C5A4EF8233A24D17E
Factory C/SSV_C_FA/hOmSave7/s7hkdmax/HRELATI1.MDX,8192,EA49DDB4A3C39B1D616964EF74087DDA1B9EE4C81B548946BF8CFBF90731DDEB
Factory C/SSV_C_FA/hOmSave7/s7hsl7ax/HATTARY1.DBF,799,DAFECD29C6AF3752A9EFDFEBF87E04B193C0E92F7D19654877C452A03954E7AD
Factory C/SSV_C_FA/hOmSave7/s7hsl7ax/HATTARY1.DBT,6144,D77D684A40E8A406FD7BED9205DFEF5EDA9F8D2C00BFFF63561A42D13C9984FF
Factory C/SSV_C_FA/hOmSave7/s7hsl7ax/HATTARY1.MDX,4096,4C0F92CEFE4575132567DFE362BE9E3A7CC640B63CA4C95D2A2A9EC78EF55CA9
Factory C/SSV_C_FA/hOmSave7/s7hsl7ax/HATTRIB1.DBF,31411,BE43C969E08B8745C50A3DFF6AF9AB62EECB7E5A8824EB1DC832CB83BCCFBB42
Factory C/SSV_C_FA/hOmSave7/s7hsl7ax/HATTRIB1.MDX,13312,AF1D1E9B35B33AD4C2C79972FB9C18EC9B7FD9EE84EB9DD54338944D4BE704F3
Factory C/SSV_C_FA/hOmSave7/s7hsl7ax/HATTRME1.DBF,2098,9B97D250BA626DA0D6F5A2372AEB96DCE8F0BBA16EB0F278D39AF232702CFB60
Factory C/SSV_C_FA/hOmSave7/s7hsl7ax/HATTRME1.DBT,28672,491E17218C0F8F003CEDA81CFF06424B54B5EE63E73EC00E526EA9D779A6F256
Factory C/SSV_C_FA/hOmSave7/s7hsl7ax/HATTRME1.MDX,8192,D80DF6F88BE65E1060A83D0E1365DEF35FFEC0AF06171997AE0CDE774BA3D846
Factory C/SSV_C_FA/hOmSave7/s7hsl7ax/HLASTID2.DBF,336,47CD780C99DA9F715AA3EE87917E878BF6623A96C38FB46936B4F0A4B5098C5C
Factory C/SSV_C_FA/hOmSave7/s7hsl7ax/hLockID1,0,E3B0C44298FC1C149AFBF4C8996FB92427AE41E4649B934CA495991B7852B855
Factory C/SSV_C_FA/hOmSave7/s7hsl7ax/HOBJECT1.DBF,6165,29A8175D187F5965E50A01768D286896CE58D3CC08C24D1E8CBF95161B5441D0
Factory C/SSV_C_FA/hOmSave7/s7hsl7ax/HOBJECT1.MDX,4096,4AFD9E81EE59D7241A987749FACFBF2C3E11284F4E4A68D4E5C1A52124F0C9A9
Factory C/SSV_C_FA/hOmSave7/s7hsl7ax/HRELATI1.DBF,10242,E28570912D96CBEAC3C574E76F5734266DADD1BBEE34133C37EA57228421A363
Factory C/SSV_C_FA/hOmSave7/s7hsl7ax/HRELATI1.MDX,19456,5D8C370CFCAC5EC55A97C092EA7240FBE7A3EC48A86B06A95C7A1EA88670EC1B
Factory C/SSV_C_FA/hOmSave7/s7hss30x/HATTARY1.DBF,1624,28547003059596E72B31DD6F9B5311443DB11B7425CE30703C5FA5BE00E42E62
Factory C/SSV_C_FA/hOmSave7/s7hss30x/HATTARY1.DBT,13824,079ADA87F199D8D7204F3515FC21DB5D708649174CF785E3EF2BF3407AA7379E
Factory C/SSV_C_FA/hOmSave7/s7hss30x/HATTARY1.MDX,4096,AD1B5744C3B1A80CA2B62B889C1C1EE68160E65B022CB864A098AFC87640C2B3
Factory C/SSV_C_FA/hOmSave7/s7hss30x/HATTRIB1.DBF,26686,CDE463F9379A6B3F32F3780DDEE78B15758F6A51684B0240E71D9D6015650789
Factory C/SSV_C_FA/hOmSave7/s7hss30x/HATTRIB1.MDX,10240,ABE385C04ECDF6D68A675965ECA51572AA909F0DDF206DA109E8FCB19D448530
Factory C/SSV_C_FA/hOmSave7/s7hss30x/HATTRME1.DBF,426,A3BA20E93FEE981C2B10CBC9BA0C768EFF9DF0B1550C2CC38494595C84F7BE97
Factory C/SSV_C_FA/hOmSave7/s7hss30x/HATTRME1.DBT,3584,4A2F0586DED86159FB523DF253278FD29A0485415CE1B6FD82DDEA3E33DFB585
Factory C/SSV_C_FA/hOmSave7/s7hss30x/HATTRME1.MDX,6144,347B0148188AB16D2E656FA53050D4283B411C3DB8A713A6A1CC37514710512A
Factory C/SSV_C_FA/hOmSave7/s7hss30x/HLASTID2.DBF,336,C378F493D6E087D09C7FE4D8926B61CF5760D5C766D1C70011105DAF22E94D84
Factory C/SSV_C_FA/hOmSave7/s7hss30x/hLockID1,0,E3B0C44298FC1C149AFBF4C8996FB92427AE41E4649B934CA495991B7852B855
Factory C/SSV_C_FA/hOmSave7/s7hss30x/HOBJECT1.DBF,13740,77975E2D3A63E6D5758F2803A1BD4D9922A49D432D2D07B292BBFC57E17EB875
Factory C/SSV_C_FA/hOmSave7/s7hss30x/HOBJECT1.MDX,4096,DC3AB07C8CB1E274AD483C1F82D1B69DA757CFF5CA04D9AC8341FF0D00D98FD3
Factory C/SSV_C_FA/hOmSave7/s7hss30x/HRELATI1.DBF,17574,84D0079890F9DB1AE2D264A30F8DF185AABF90710D2B0647AA070C4D4ED477BD
Factory C/SSV_C_FA/hOmSave7/s7hss30x/HRELATI1.MDX,24576,A6430A833094FAC439950EAFB29980655A8598B69FB06BCAF2A58641229D61EA
Factory C/SSV_C_FA/hOmSave7/s7hssiox/HATTARY1.DBF,1184,3D40C88ABE770FFA095DC7CAB579E48CEF44DD10024654026293AA56DC14F1D9
Factory C/SSV_C_FA/hOmSave7/s7hssiox/HATTARY1.DBT,9728,F4FF3E527798C71F13B9883E98815A694851EAAC68A749166C899B7445F0C25E
Factory C/SSV_C_FA/hOmSave7/s7hssiox/HATTARY1.MDX,4096,AC4E676DE7B71634B162696D806A4081D5A226F9039C0A93709B6401A033E7C5
Factory C/SSV_C_FA/hOmSave7/s7hssiox/HATTRIB1.DBF,45586,FEB38A282B839D02CA6FEF08DA7B89D72CB74794568B82FF84109B01A278C681
Factory C/SSV_C_FA/hOmSave7/s7hssiox/HATTRIB1.MDX,14336,22581067DED3DDE076DC2A87E05F0394E07BA19FC66F09871A253C957F5AD244
Factory C/SSV_C_FA/hOmSave7/s7hssiox/HATTRME1.DBF,1746,9259344750DE306504AE363D82BE1C23E55DF72B42F7969CC45D8E6938FAD51B
Factory C/SSV_C_FA/hOmSave7/s7hssiox/HATTRME1.DBT,18944,79F76F4DC9AE2B8B677B456D7AAEB873043BB911D7CC26C58F30DD0CED89E405
Factory C/SSV_C_FA/hOmSave7/s7hssiox/HATTRME1.MDX,6144,9491AC73C75FC3B4BFAD4971FC56EDC1E595C0FB8BD02AE3422ACA41F36EB65C
Factory C/SSV_C_FA/hOmSave7/s7hssiox/HLASTID2.DBF,336,A53B2F39F34198D6D566B808E58A03DCB5C9D5E34A492FF7E2DB47D5C4230C0E
Factory C/SSV_C_FA/hOmSave7/s7hssiox/hLockID1,0,E3B0C44298FC1C149AFBF4C8996FB92427AE41E4649B934CA495991B7852B855
Factory C/SSV_C_FA/hOmSave7/s7hssiox/HOBJECT1.DBF,9700,90EDDEB2DECE1143CE5A9A84EAF6276F9E00F11132B02BE396059B6C895D1747
Factory C/SSV_C_FA/hOmSave7/s7hssiox/HOBJECT1.MDX,4096,B05BD2275347143CA96FAB6114C7A4C7A7684A45E9FF49E8B0951E2424D5CE7F
Factory C/SSV_C_FA/hOmSave7/s7hssiox/HRELATI1.DBF,6576,11C63493896653ABB2BDD27FE966456314CA307B284D3C827DC279EA37870095
Factory C/SSV_C_FA/hOmSave7/s7hssiox/HRELATI1.MDX,11264,6A3F86CA0EC5E0B0CDD45A366F387F54B6093506E967684148B2FEDF031ECDA0
Factory C/SSV_C_FA/hOmSave7/s7hstatx/13.s7h,9933,E6D0A718B9D72ABE3D666BE26DE06A363DA8D6156736C8103C0C582A21B29172
Factory C/SSV_C_FA/hOmSave7/s7hstatx/16.s7h,10018,335A9BC59E77A030B3033CC2327881E9B6BCD744A8B9ABD037D6C51DD8B0E7A9
Factory C/SSV_C_FA/hOmSave7/s7hstatx/19.s7h,4193,7C8DA62A25F4F821448F1DF245BAC1CC275D89D93755CF5CC3C2E159550E968C
Factory C/SSV_C_FA/hOmSave7/s7hstatx/1d.s7h,9933,052A41D933024B1E2EFC250E4A0A38118CBA0B2FE596EB4E5BB8986A32618AE9
Factory C/SSV_C_FA/hOmSave7/s7hstatx/20.s7h,9936,0B628520537607A8D28FB014E79AE6A075AFA45E031E179F8FDAABFFDB9431EE
Factory C/SSV_C_FA/hOmSave7/s7hstatx/26.s7h,10032,FB52248B78D261DF91B0310FE85C195E5C84AB445B9A187A326DB5E1CB9259F5
Factory C/SSV_C_FA/hOmSave7/s7hstatx/29.s7h,10060,0F65BD1A65C6303AC7279C86878020E491ED23933FFC129EFE78040FC8783CAC
Factory C/SSV_C_FA/hOmSave7/s7hstatx/2f.s7h,12937,3FDA78165F3CE39267ED9C66F6CDC74B744BCB1663B6DC8098D9C3D314E7EF40
Factory C/SSV_C_FA/hOmSave7/s7hstatx/32.s7h,9945,B7DD1D5445D2EC45DE8E144B3806DB20D6D4BCAECF4367E6E6904FDF081EE6DB
Factory C/SSV_C_FA/hOmSave7/s7hstatx/38.s7h,12937,E3FAA008AA30D0953A108793C2CBA539CAAE62E1A395EF6E0305A26F854F09FC
Factory C/SSV_C_FA/hOmSave7/s7hstatx/3b.s7h,9992,60EB4A292EF1105A91F02A8B13EFD002376FB5D7CFB1FA24176BBD15B22A74F7
Factory C/SSV_C_FA/hOmSave7/s7hstatx/d.s7h,9914,23AE8D249DB04637B4BD77477D8E09555C1C4190ACF925FA09956AF57C0020C5
Factory C/SSV_C_FA/hOmSave7/s7hstatx/HADDRES3.DBF,1118,4038092EF4C2F3FEB8CAFF02CB252C58B1029377AA9E51C15E47C0FCCC26C04B
Factory C/SSV_C_FA/hOmSave7/s7hstatx/HADDRES3.DBT,8704,BA0E9C182FAE79B4DB19B1F05891EAF81364608646A98BBCD2FBC1C4F4A3B0C5
Factory C/SSV_C_FA/hOmSave7/s7hstatx/HADDRES3.MDX,4096,DEB5991B26CD7A295AAFE9FE368D76D927B1B38CC5379CC588F117D41C85C5BA
Factory C/SSV_C_FA/hOmSave7/s7hstatx/HATTARY1.DBF,1019,0AD7AD6FC8572DF04432F044C9A399BDB972145B0D296FD8502461BE5B9DC972
Factory C/SSV_C_FA/hOmSave7/s7hstatx/HATTARY1.DBT,8192,D47E29CC0F71C1C7C07101B06889701446BE2FAEC024D568868825EAD0B5BBC0
Factory C/SSV_C_FA/hOmSave7/s7hstatx/HATTARY1.MDX,4096,C1619DC7923E66D39428172E8A96177ACF3503469678208C7426EFF3BD409ACD
Factory C/SSV_C_FA/hOmSave7/s7hstatx/HATTRIB1.DBF,15976,6A9F2AA8E2A2A30973C7B199B9D81CCEB763C6CEB268EC1CC7D11DCC57A5C989
Factory C/SSV_C_FA/hOmSave7/s7hstatx/HATTRIB1.MDX,8192,92E1F0F1573517460511D29A5F1668CCB9D2E86DA184F2CF1FB2A5A728CC8C49
Factory C/SSV_C_FA/hOmSave7/s7hstatx/HATTRME1.DBF,1702,320003111435B24290A99D546CD8F7C3ABDD76C0A03E581500BA23110071AE60
Factory C/SSV_C_FA/hOmSave7/s7hstatx/HATTRME1.DBT,18432,5F211F09AACF1FC37EEECE88CCFE68CF98156F3470AF4A82F7BEABED0BE8E8D6
Factory C/SSV_C_FA/hOmSave7/s7hstatx/HATTRME1.MDX,6144,6D9B44B0EFC95E29E144F43744CD54BCEBCC9A95055C944177EC11C4C4EB2B57
Factory C/SSV_C_FA/hOmSave7/s7hstatx/HLASTID2.DBF,336,2291C84199552D59CE3588609646D601ACD7F8CB9AB1689DD19C1910B9190588
Factory C/SSV_C_FA/hOmSave7/s7hstatx/hLockID1,0,E3B0C44298FC1C149AFBF4C8996FB92427AE41E4649B934CA495991B7852B855
Factory C/SSV_C_FA/hOmSave7/s7hstatx/HOBJECT1.DBF,8185,03A9A7D350B739A1E25524269BE8D22438BA12B9E365844DD846057F1FF83A44
Factory C/SSV_C_FA/hOmSave7/s7hstatx/HOBJECT1.MDX,4096,967E053B3BEA29E582BC5B48A9B64C44FA5C30E45F68D75871B0087C621261B1
Factory C/SSV_C_FA/hOmSave7/s7hstatx/HRELATI1.DBF,7044,7A7E3516EBA63DDAB51AECFB346AB78F5C4D5E43CC727F38E6806DC7152FA562
Factory C/SSV_C_FA/hOmSave7/s7hstatx/HRELATI1.MDX,15360,ECC725BAB2DC3A6C0B3E70519FCE97B83BB8933D2A9331B110B85C6883734584
Factory C/SSV_C_FA/hrs/GNRESOFF.DBF,26810,E6837DB2B9E04CF8DC54BA1E8C161D94B2253C553CFE24257A3CA7ABA300CECB
Factory C/SSV_C_FA/hrs/GNRESOFF.MDX,4096,D70D51F31A6D51D7CB70E0427E75D4794AE2E18F0C628B07C2134DE788BD0BE8
Factory C/SSV_C_FA/hrs/lastrgf.res,4,28276425D45829D4E6F5E18AEFBF1F62862F07260A904532FB6E2106DEC973E6
Factory C/SSV_C_FA/hrs/lastrsf.res,4,44B34BA1E158565CD98B8B42DA82AB3DA3855B9828EF66847EED4A66A20C22B4
Factory C/SSV_C_FA/hrs/lastrsn.res,4,A962C99AE0666415E78EFB96BAB1039F404ABE9F9BE88E317EE7E4C473DFAA32
Factory C/SSV_C_FA/hrs/linkhrs.lnk,36352,68DEDBE536FAFA08D367366F122BFABCEDC4860C41DCDE5EC5204DF4FB454E3D
Factory C/SSV_C_FA/hrs/rgflock.res,0,E3B0C44298FC1C149AFBF4C8996FB92427AE41E4649B934CA495991B7852B855
Factory C/SSV_C_FA/hrs/rsflock.res,0,E3B0C44298FC1C149AFBF4C8996FB92427AE41E4649B934CA495991B7852B855
Factory C/SSV_C_FA/hrs/rsnlock.res,0,E3B0C44298FC1C149AFBF4C8996FB92427AE41E4649B934CA495991B7852B855
Factory C/SSV_C_FA/hrs/S7RESOFF.DBF,12554,46C3CFBFDCFEC49EF0DEED57890A623EF4DA7D315BAB0D7473E044D6EA96B469
Factory C/SSV_C_FA/hrs/S7RESOFF.MDX,4096,1C57AE161F27BA2810C622FE5E47EE52256587D8A86B0B6BE24D05B373811696
Factory C/SSV_C_FA/hrs/S7RESONL.DBF,38050,41EE3DC6A628629B1B633C4FC45D954527572F18275839FC0DC29EDB37645485
Factory C/SSV_C_FA/hrs/S7RESONL.MDX,4096,CE0F7BA76A5E0E9FF05626EE0B8AEA790A6BCE9333870E17B938F917F5DD56FF
Factory C/SSV_C_FA/link.lnk,1536,87EAD567BD089A1C6CA41B57FB8AA09D581F01D19F5C7261E3AC3531BA1A8645
Factory C/SSV_C_FA/meldeom/meldvers.dat,4,67ABDD721024F0FF4E0B3F4C2FC13BC5BAD42D0B7851D456D88D203D15AAA450
Factory C/SSV_C_FA/meldeom/TEXTLNK.DBF,336,69FBE6A4EBF91141375EAAAD278CA5246E3B7A381FD215D0FDD5699B6DAED8AF
Factory C/SSV_C_FA/meldeom/TEXTLNK.MDX,12288,4DDCB36E3EF883F9388E179DB01586D71BC6252D872665921940E84E3ECA5E63
Factory C/SSV_C_FA/meldeom/TEXTOM.DBF,872,899DC6AC0CD8C8757480FD75F92C9B60B2D01A43FA7FED2578457269A5BB6043
Factory C/SSV_C_FA/meldeom/TEXTOM.DBT,1024,049959095FAF379CEBE7A39EDAB3872646789986529F89AC0DC669C71394CEB5
Factory C/SSV_C_FA/meldeom/textom.hid,4,67ABDD721024F0FF4E0B3F4C2FC13BC5BAD42D0B7851D456D88D203D15AAA450
Factory C/SSV_C_FA/meldeom/textom.lck,0,E3B0C44298FC1C149AFBF4C8996FB92427AE41E4649B934CA495991B7852B855
Factory C/SSV_C_FA/meldeom/TEXTOM.MDX,8192,5C68DBFEB5E63D2956A5CDBD449FE1E9A39607683B8BD34C98D442071A4D21D5
Factory C/SSV_C_FA/ombstx/offline/0000000c/BAUSTEIN.DBF,11604,625240F9622F05AFBC4F5A8B07538BDDC5B14222C02502325452EF99E34CE6F0
Factory C/SSV_C_FA/ombstx/offline/0000000c/BAUSTEIN.DBT,113152,8BE102294DF540C0C68CE2B6E3C8DA98377A5AB54B80B113E861EB21F04C501E
Factory C/SSV_C_FA/ombstx/offline/0000000c/baustein.id,4,50C8BA3A6170F0A2FB6736ECE8A603576EF6309A35E810911599BC6211B554A9
Factory C/SSV_C_FA/ombstx/offline/0000000c/baustein.lck,0,E3B0C44298FC1C149AFBF4C8996FB92427AE41E4649B934CA495991B7852B855
Factory C/SSV_C_FA/ombstx/offline/0000000c/BAUSTEIN.MDX,11264,9FDCC8E051A08B889229834FB06ABC1ABF59FF3D947579241AE277B6B715B9D0
Factory C/SSV_C_FA/ombstx/offline/0000000c/links.lnk,1024,F46E071FF9A28E91811B5CE037078AEA4C14291B845D69F58C9267981F457082
Factory C/SSV_C_FA/ombstx/offline/0000000c/SUBBLK.DBF,84162,E7BF226A2AAA027AA2E11E9F8112A6B5496C5FD545A978D1E6AC04A90C6782CE
Factory C/SSV_C_FA/ombstx/offline/0000000c/SUBBLK.DBT,887808,AA6935C6FC5D5BB45F2B51A1C6DF43656E3825F730720DB605B34C6E3ED64A17
Factory C/SSV_C_FA/ombstx/offline/0000000c/usfapx.ini,0,E3B0C44298FC1C149AFBF4C8996FB92427AE41E4649B934CA495991B7852B855
Factory C/SSV_C_FA/ombstx/offline/0000000e/BAUSTEIN.DBF,11139,DC45600440983A326E1E7E24C4B8959AC8CF68F5542C5DF9FEAF31ECA84F28D8
Factory C/SSV_C_FA/ombstx/offline/0000000e/BAUSTEIN.DBT,72192,89B7304E245D27EC7F0D791343A71680BB3C28CE04C7A004F5B445C399C4E657
Factory C/SSV_C_FA/ombstx/offline/0000000e/baustein.id,4,229BA167C2752F2F401B2F6B862630B27302BF137B95B5EC114E6F38BFA66B47
Factory C/SSV_C_FA/ombstx/offline/0000000e/baustein.lck,0,E3B0C44298FC1C149AFBF4C8996FB92427AE41E4649B934CA495991B7852B855
Factory C/SSV_C_FA/ombstx/offline/0000000e/BAUSTEIN.MDX,12288,59DA19D2409CDBBE6FEF13D851E45A3CFDF6D3EF4EE3E86B59989A538904E40F
Factory C/SSV_C_FA/ombstx/offline/0000000e/links.lnk,1024,270AAB010D77DDAECD9B42EEEF1085ACFF2DC7420FEB26BB38073BB2759DC936
Factory C/SSV_C_FA/ombstx/offline/0000000e/SUBBLK.DBF,84162,5DD94CAD4BDA2E4A1C8FA79C7DFCF039F5115B62446E7CADD681D231818CD748
Factory C/SSV_C_FA/ombstx/offline/0000000e/SUBBLK.DBT,974848,33A1CA62D3E6532E2A806D8B4D01C202B324322B580DC578281C05396065D6FE
Factory C/SSV_C_FA/ombstx/offline/0000000e/usfapx.ini,0,E3B0C44298FC1C149AFBF4C8996FB92427AE41E4649B934CA495991B7852B855
Factory C/SSV_C_FA/ombstx/offline/0000000f/BAUSTEIN.DBF,9930,69C55F5C5F5C1245976E83FF6884A8B8070384DEB9A57799094C190400A1E0D8
Factory C/SSV_C_FA/ombstx/offline/0000000f/BAUSTEIN.DBT,58880,4419A5FB10D2D4AD67A1232C41ABED4AB0DBFA8246658B5E189BAFC9194AC3AB
Factory C/SSV_C_FA/ombstx/offline/0000000f/baustein.id,4,AEA75A928024D366BAD46F910A92AF49893567B615044B87F2387858ED37D149
Factory C/SSV_C_FA/ombstx/offline/0000000f/baustein.lck,0,E3B0C44298FC1C149AFBF4C8996FB92427AE41E4649B934CA495991B7852B855
Factory C/SSV_C_FA/ombstx/offline/0000000f/BAUSTEIN.MDX,12288,2A09CFC0AEB1ECAE1403D3DCBA77789B675667F4CA708F88431D6C684B625103
Factory C/SSV_C_FA/ombstx/offline/0000000f/links.lnk,1024,40D816A091D1E47A605FAD2F7EC81D317B92F86E866BCDA4066BF33ACF268D63
Factory C/SSV_C_FA/ombstx/offline/0000000f/SUBBLK.DBF,74178,FD8291C2EFD5A97D012294921339876205D97D9C017689B32D316853EE7233D7
Factory C/SSV_C_FA/ombstx/offline/0000000f/SUBBLK.DBT,786432,99272496C50AAF02DA5C729DB1C7EADFCC9328C33E196422663F28DA31E25F3D
Factory C/SSV_C_FA/ombstx/offline/0000000f/usfapx.ini,0,E3B0C44298FC1C149AFBF4C8996FB92427AE41E4649B934CA495991B7852B855
Factory C/SSV_C_FA/ombstx/offline/00000014/BAUSTEIN.DBF,17835,A4CFFA3EE7E3F4A599C2A70A0630387F38FBE28DD5C0C07F978511FEFA1E2135
Factory C/SSV_C_FA/ombstx/offline/00000014/BAUSTEIN.DBT,115712,615DD3C211602B2D68E1227B3F468F61A0A737462D1C4FD6730A407A941F114C
Factory C/SSV_C_FA/ombstx/offline/00000014/baustein.id,4,7B3473F9B6BE59775A964BB1409FF4D2AC8A8A823779DCF3BA9490D0BC879DA7
Factory C/SSV_C_FA/ombstx/offline/00000014/baustein.lck,0,E3B0C44298FC1C149AFBF4C8996FB92427AE41E4649B934CA495991B7852B855
Factory C/SSV_C_FA/ombstx/offline/00000014/BAUSTEIN.MDX,13312,2CC8281E28AE63AF391C935857F09183D43E45B14F428D785A249E704E4C7C7F
Factory C/SSV_C_FA/ombstx/offline/00000014/links.lnk,1024,ACD2514045DD39D9BB9A930F710C9CA4FD1258DFAF8F3590DE766DA281DB5000
Factory C/SSV_C_FA/ombstx/offline/00000014/SUBBLK.DBF,84162,80A88B1B38E7B06FAD87F0EC9556FCE8A8A4EF502C03C7F132CF833B642E4DB4
Factory C/SSV_C_FA/ombstx/offline/00000014/SUBBLK.DBT,1029120,85A259CC152ABABDB26807E0357608482A8CA8B2312D40C15C16F1F0E34913ED
Factory C/SSV_C_FA/ombstx/offline/00000014/usfapx.ini,0,E3B0C44298FC1C149AFBF4C8996FB92427AE41E4649B934CA495991B7852B855
Factory C/SSV_C_FA/ombstx/offline/00000015/BAUSTEIN.DBF,20439,4F468E86D1168B600A86999FEF0F8A1463CA53B5273B26F4A8B16553A5AF2CEE
Factory C/SSV_C_FA/ombstx/offline/00000015/BAUSTEIN.DBT,118272,378970AB4D00DAB5CA1C66A79394FE0641899BE1DF56857B5AE77B43E85569CD
Factory C/SSV_C_FA/ombstx/offline/00000015/baustein.id,4,D1DB66E284BD12B6CB7A266A74ABAE1F7407852E1D32FB65213F2FDD8AC2CF6C
Factory C/SSV_C_FA/ombstx/offline/00000015/baustein.lck,0,E3B0C44298FC1C149AFBF4C8996FB92427AE41E4649B934CA495991B7852B855
Factory C/SSV_C_FA/ombstx/offline/00000015/BAUSTEIN.MDX,12288,AC0F0B4944C777F962A16A49DD4D78A118896F8E18B16901404CB97614FD03D6
Factory C/SSV_C_FA/ombstx/offline/00000015/links.lnk,1024,05A7C2945FD43FEA90BFF7ED384BDAD0DB78D2C2720F4BCB2F7DF79C7B568753
Factory C/SSV_C_FA/ombstx/offline/00000015/SUBBLK.DBF,93570,56A0CD2AA62A1E36B4AC1B3C444FC0DA16B9EB78D1645923793C34C2BBCA1E23
Factory C/SSV_C_FA/ombstx/offline/00000015/SUBBLK.DBT,1310208,FE978A3146012EBC1522F234347B63361F7F40BC91E23074F5CED96BC47BADB7
Factory C/SSV_C_FA/ombstx/offline/00000015/usfapx.ini,0,E3B0C44298FC1C149AFBF4C8996FB92427AE41E4649B934CA495991B7852B855
Factory C/SSV_C_FA/ombstx/offline/BSTCNTOF.DBF,10594,AF9D774C8F0D687ACB98D4DD905E6267AD4AF0FCFF1DF2D709D2F3A05352A8C0
Factory C/SSV_C_FA/ombstx/offline/bstcntof.id,4,44B34BA1E158565CD98B8B42DA82AB3DA3855B9828EF66847EED4A66A20C22B4
Factory C/SSV_C_FA/ombstx/offline/bstcntof.lck,0,E3B0C44298FC1C149AFBF4C8996FB92427AE41E4649B934CA495991B7852B855
Factory C/SSV_C_FA/ombstx/offline/BSTCNTOF.MDX,4096,323E3BD3F6DCBF4F6919848E87CB81215EBD93F21B8BA2002F754D179516E95B
Factory C/SSV_C_FA/ombstx/online/BSTCNTON.DBF,32418,73DF4385E5599354D2EB0F28CBAA8B17036E48572C22730830B89AED2B6A96E4
Factory C/SSV_C_FA/ombstx/online/bstcnton.id,4,A962C99AE0666415E78EFB96BAB1039F404ABE9F9BE88E317EE7E4C473DFAA32
Factory C/SSV_C_FA/ombstx/online/bstcnton.lck,0,E3B0C44298FC1C149AFBF4C8996FB92427AE41E4649B934CA495991B7852B855
Factory C/SSV_C_FA/ombstx/online/BSTCNTON.MDX,4096,BC0A1FDA003D2E73C2087C6AA8325803F1D1B98F48F4888C415026F5B84AD45E
Factory C/SSV_C_FA/ombstx/online/links.lnk,33280,2EECCCC1BEBFB32BD9BA6527E9CC5A90BC547E790912A383BD439D1BDA42CDAC
Factory C/SSV_C_FA/omgd/gdflock.res,0,E3B0C44298FC1C149AFBF4C8996FB92427AE41E4649B934CA495991B7852B855
Factory C/SSV_C_FA/omgd/lastgd,4,67ABDD721024F0FF4E0B3F4C2FC13BC5BAD42D0B7851D456D88D203D15AAA450
Factory C/SSV_C_FA/omgd/S7GD.DBF,2215,56BE6E8644E74C861C4A7EB74D64C953C74C7C15B38B37A5FD221E509DCA9CF6
Factory C/SSV_C_FA/omgd/S7GD.DBT,1024,91904DB1FC9357861950C300AD0E1F39F1E88114BC2067AC2840A862F4BC7F2B
Factory C/SSV_C_FA/omgd/S7GD.MDX,4096,40D1B7F2ED69474DDF30F0096067A7E6A067922173E446661634A482645EBFAB
Factory C/SSV_C_FA/pgs/gsflock.res,0,E3B0C44298FC1C149AFBF4C8996FB92427AE41E4649B934CA495991B7852B855
Factory C/SSV_C_FA/pgs/lastgs,4,67ABDD721024F0FF4E0B3F4C2FC13BC5BAD42D0B7851D456D88D203D15AAA450
Factory C/SSV_C_FA/pgs/linkgs/00000001.DBF,414,662B43EA7303706594F95EA2CC4EFFBD0D1781698DA800289DB72A3D4B699FBE
Factory C/SSV_C_FA/pgs/S7GS.DBF,3615,5EAD07F47CD937C77CECE1F860D8E70B68B08FDAF4B2CDC6B620AD0E7293FB69
Factory C/SSV_C_FA/pgs/S7GS.MDX,4096,136F54EAB1459A9F3E2E0BDC5D1743BDCC63DEFE77A37E64BDB51447DA0D783A
Factory C/SSV_C_FA/s7asrcom/0000000c/S7CONTAI.DBF,450,7117AE4DABE7377CFD0DBAFBD9C4FD458B3EF142F602BBF485D5CC6E5C866F08
Factory C/SSV_C_FA/s7asrcom/0000000c/S7CONTAI.MDX,8192,A9211A26285630ACB9E50393AE7CE7A343EFC364356391A903E1B7C07A114CA5
Factory C/SSV_C_FA/s7asrcom/0000000c/S7LINKS.DBF,414,01830A0C529ABEC102945C75FE637514C33213FD121CCC4760C79DA7F7669C8F
Factory C/SSV_C_FA/s7asrcom/0000000c/s7source.lck,0,E3B0C44298FC1C149AFBF4C8996FB92427AE41E4649B934CA495991B7852B855
Factory C/SSV_C_FA/s7asrcom/0000000e/S7CONTAI.DBF,450,12A41E3D8346596B6A3E112FD720B674443028F6D395E045167DEFAD6CB23EFD
Factory C/SSV_C_FA/s7asrcom/0000000e/S7CONTAI.MDX,8192,4A58604918B7D0DA80A935D52AD9FEFD0EB8C7D6285CDC0FE413EE20A1D699DC
Factory C/SSV_C_FA/s7asrcom/0000000e/S7LINKS.DBF,414,2F57D755BE2BD70E82B7E8C1BE84FBB85E8947BAABC271A0AE61CC9F1EC732D6
Factory C/SSV_C_FA/s7asrcom/0000000e/s7source.lck,0,E3B0C44298FC1C149AFBF4C8996FB92427AE41E4649B934CA495991B7852B855
Factory C/SSV_C_FA/s7asrcom/0000000f/S7CONTAI.DBF,450,93AA388B5C64FA4B147A78F2F47A2697BA3149733BDD6935D72AAC128BD9BE34
Factory C/SSV_C_FA/s7asrcom/0000000f/S7CONTAI.MDX,8192,BD0E9032E721BE40E8DBC2DD62CCE90252AE279BD2B342E025A8CD96CAEF7E53
Factory C/SSV_C_FA/s7asrcom/0000000f/S7LINKS.DBF,414,29537918644D756A072227771DFEF3BD529B7B850A278F5B382C9268F82993CA
Factory C/SSV_C_FA/s7asrcom/0000000f/s7source.lck,0,E3B0C44298FC1C149AFBF4C8996FB92427AE41E4649B934CA495991B7852B855
Factory C/SSV_C_FA/s7asrcom/00000014/S7CONTAI.DBF,450,3A1A81A09A533EFDFFC43B562E48064AD7E3B27317177770BFC0CD0DDBBEDF41
Factory C/SSV_C_FA/s7asrcom/00000014/S7CONTAI.MDX,8192,DC0CD39C0404BC7AAB6DF48AF89F987D2ECAFF4A4EA5BED1FF6D7A39C1FF9A23
Factory C/SSV_C_FA/s7asrcom/00000014/S7LINKS.DBF,414,BAD64E4B7616249750DC64C5C78B29272765ABF1076141613C52D7EE44CA96B6
Factory C/SSV_C_FA/s7asrcom/00000014/s7source.lck,0,E3B0C44298FC1C149AFBF4C8996FB92427AE41E4649B934CA495991B7852B855
Factory C/SSV_C_FA/s7asrcom/00000015/S7CONTAI.DBF,450,3A1A81A09A533EFDFFC43B562E48064AD7E3B27317177770BFC0CD0DDBBEDF41
Factory C/SSV_C_FA/s7asrcom/00000015/S7CONTAI.MDX,8192,DC0CD39C0404BC7AAB6DF48AF89F987D2ECAFF4A4EA5BED1FF6D7A39C1FF9A23
Factory C/SSV_C_FA/s7asrcom/00000015/S7LINKS.DBF,414,D90EE5304F1927B4DF15489DA6277C525628CF8AC7DBD5A29DA000975A74C69F
Factory C/SSV_C_FA/s7asrcom/00000015/s7source.lck,0,E3B0C44298FC1C149AFBF4C8996FB92427AE41E4649B934CA495991B7852B855
Factory C/SSV_C_FA/s7asrcom/s7cntID.src,8,6D8C089AFD2823944EF1F1785A6ADED8E457ABBDE302C0B714F0459B8B660CEC
Factory C/SSV_C_FA/s7asrcom/S7CNTREF.DBF,9870,A95A65760D119FA52BB2E82742AD1B5CD3A5EC645633676ADD819CF4A15CBCF6
Factory C/SSV_C_FA/s7asrcom/S7CNTREF.MDX,4096,4D24831FEA9D8C4DA1D2B6FEFE3429DCAAC1B5BFA60A42B4131120937174B23F
Factory C/SSV_C_FA/s7asrcom/s7contai.lck,0,E3B0C44298FC1C149AFBF4C8996FB92427AE41E4649B934CA495991B7852B855
Factory C/SSV_C_FA/s7extref/s7pltref.lck,0,E3B0C44298FC1C149AFBF4C8996FB92427AE41E4649B934CA495991B7852B855
Factory C/SSV_C_FA/s7extref/s7pltref.xml,79,08EE254B1C4B51B5F6578E855A0C499A2C3B73F6E0EADFF568E326A1FF17CB63
Factory C/SSV_C_FA/s7netpro.npa,888,50CCD2BB263361409677D247A2D5DE31566459DF51B27BE680EF0B2AA782DADF
Factory C/SSV_C_FA/S7Netze/S7NONFGX.id,4,500E67E2568469B441FBB66DFC55CF1934ABD9D3742D463164EA6E610191D6A6
Factory C/SSV_C_FA/S7Netze/S7NONFGX.lnk,30208,A1BFF2CADAD8F97376916108797FC3B66630E310BAC736D62152E40F60B3D7EF
Factory C/SSV_C_FA/S7Netze/S7NONFGX.tab,115073,D5F79107BC895D8658170944FD4FCA612CE1E06FC7C4CA34379F12955278C976
Factory C/SSV_C_FA/S7NFREMX/S7NFREMX.tab,0,E3B0C44298FC1C149AFBF4C8996FB92427AE41E4649B934CA495991B7852B855
Factory C/SSV_C_FA/S7PPLOMX/layout,130,D577C76AB05B00D42DDEDFC7F56E102A5BEAB383B1E1188705B222CBF498CE4A
Factory C/SSV_C_FA/sdb/0000000a/000000cd.PG,338,F6DD0A2D87CF277EED71CE469168D2EDCDEF1F39CA8914EB95FBC71800C5A7E9
Factory C/SSV_C_FA/sdb/0000000a/000000ce.PG,152,6771BAA3F37354F957626F04E645CC78AE2C981D0EE7757033F1D497BF74FEBF
Factory C/SSV_C_FA/sdb/0000000a/000000cf.PG,460,D93B672543785F89E1E0DB58270BDE9F5E6F0167001CE85D58B1C5DDC6C17866
Factory C/SSV_C_FA/sdb/0000000a/000000d0.PG,2200,1B306FF2AEDE01A219E258B992F319B56EEB165E83245775164697D1630A29F8
Factory C/SSV_C_FA/sdb/0000000a/000000d1.PG,922,93AF27B27546E6D853C5B11552EBE591011F084F44FF99F6E8CDCC0E385F9270
Factory C/SSV_C_FA/sdb/0000000a/000000d2.PG,186,14CCDEF6A01B90B31389612F2E82A2E6734066A2D2DFEA2411A08B94551DDF54
Factory C/SSV_C_FA/sdb/0000000a/000000d3.PG,696,B8FC8DD904AFD488B79E59E17354C05DB9733723A856FEAEB1D782DA96287738
Factory C/SSV_C_FA/sdb/0000000a/000000d4.PG,306,81A501ED4379C1BE8065C70203FB857E7154C8EF96D7F225334E4866B3192C35
Factory C/SSV_C_FA/sdb/0000000a/000000d5.PG,598,5B470D4DA39A03E75D5920DE40E09123F1F0465B06F4D3671684EADC4888775A
Factory C/SSV_C_FA/sdb/0000000a/000000d6.PG,138,6C6CA33DE0E625E7784CBDA5DD5BF453E67C635A557119C172B04C9A6C2C94F9
Factory C/SSV_C_FA/sdb/0000000a/000000d7.PG,142,12BC0C3DD065B9271A7D4280B3DCCC62D2B9E76359A85DE02D9B9D4D2CC0DE8F
Factory C/SSV_C_FA/sdb/0000000a/000000d8.PG,494,E2C802E8E48B1A81459E60A7C51AFEEDFF2D43FDB81DCA11202184220744B23B
Factory C/SSV_C_FA/sdb/0000000a/000000d9.PG,238,03D2FFF17D069D0C110B2282C36E9926EA6A7DA1FA4956BB41B087C7C402529D
Factory C/SSV_C_FA/sdb/0000000a/link/0000000A.DBF,414,0C57FD7C7AE4D70DFAB979D9EA04DD3F55524994D0384EF05945E27CE8D36695
Factory C/SSV_C_FA/sdb/0000000a/list/0000000A.DBF,24441,2740AE1C97076A4029A3FC3F0F0A111BB086629E207AD2246769A49AD32D2E79
Factory C/SSV_C_FA/sdb/0000000a/list/0000000A.MDX,4096,BC2AEC7703D1BC26DF12A36BA6C11D6E21157E0508EBF968ABE3AE1D02B61754
Factory C/SSV_C_FA/sdb/0000000c/000000c0.PG,922,C69CC421CF5E81C305D8776DF2E8E8833312ABB12489DB015E71BF7B0EEEC41B
Factory C/SSV_C_FA/sdb/0000000c/000000c1.PG,2288,1EF09645E5F0B5ABD4D01FF756EC2FEE67DA0C56B424CCBB87E5B9E9954DCD56
Factory C/SSV_C_FA/sdb/0000000c/000000c2.PG,338,042FE336942FA29AF2899D9A72CB79BD6C5576820A0E9A9E28F42261F8AE5703
Factory C/SSV_C_FA/sdb/0000000c/000000c3.PG,540,2E8EF59D32CA205F238E1C38AC3BCAB0C893B754B65B90EB8FABB908F54248EA
Factory C/SSV_C_FA/sdb/0000000c/000000c4.PG,152,8E3D5F5443A14F783D428BBC537668B52C8EE590415D001006C7CD309D485036
Factory C/SSV_C_FA/sdb/0000000c/000000c5.PG,494,A5826E67803EA49DEF176090E8E85DD8B078FF1648E694448FBCF1EA69E3BD6A
Factory C/SSV_C_FA/sdb/0000000c/000000c6.PG,186,1A7116A3486EAA1FB826C2064E9F40E9C5F86ECDB1A471448276A89261005288
Factory C/SSV_C_FA/sdb/0000000c/000000c7.PG,142,090CFD08D82BB3A63ADFCA4D07FBBC6825810A71F1ADB868A1590295406AFFA0
Factory C/SSV_C_FA/sdb/0000000c/000000c8.PG,138,13A4C2FFED844D626CC89FF14F6690DBE4496DFF3B80A36618E4F0422C89C7C2
Factory C/SSV_C_FA/sdb/0000000c/000000c9.PG,650,C4DF2BC2CCCD38ABF8B643519C361D778E2DD1D1168E3FA9DD47A794C7BA85FA
Factory C/SSV_C_FA/sdb/0000000c/000000ca.PG,306,9272D4D18FF96DF9B9393B47C022A7B6694E2B87B1716394ABDF88032BE8B832
Factory C/SSV_C_FA/sdb/0000000c/000000cb.PG,696,04F2E6BE6613647C49DDF8D59EF9F85F007F42826FE2A276BEB06AF72FCB52B1
Factory C/SSV_C_FA/sdb/0000000c/000000cc.PG,238,69423467E1E48E29786AB7D02315507021E3A38487ED88DE27DD4825DFB432A7
Factory C/SSV_C_FA/sdb/0000000c/link/0000000C.DBF,414,D4BB7F0FBADFAAC1B77EDA10D48C61DD9EF4833365412516B0C39C0A3E2806BE
Factory C/SSV_C_FA/sdb/0000000c/list/0000000C.DBF,22998,482C454CF1BE5A79B8CC4869E30639ED97E048C51B375250052CC9D89A8C8AD3
Factory C/SSV_C_FA/sdb/0000000c/list/0000000C.MDX,4096,98ECCF7A819EFEA65DD257FC32A3FC769B803119CE02BBE68A4CC8EF0891A8D7
Factory C/SSV_C_FA/sdb/0000000d/0000017c.PG,696,E7A4E3B97AACB5A607F91AFBACBA4125B572470CE5531A7D162AE70E1173080B
Factory C/SSV_C_FA/sdb/0000000d/0000017d.PG,338,D921940B5F5534663726FDD1DD1F4896AD1445C2CFB9AF4F76F7F4354C16ACE0
Factory C/SSV_C_FA/sdb/0000000d/0000017e.PG,922,3BD97B592CC4FAD0FE378C85C2C88380C15C7A12B66B8AEB3120BE8B128ED726
Factory C/SSV_C_FA/sdb/0000000d/0000017f.PG,2190,E7B98E983A6389BEE04AC079618253ACCBA80FCFC207DE17987B0F7896EBE173
Factory C/SSV_C_FA/sdb/0000000d/00000180.PG,676,7E30DDE955DF5B97BC3591FAD41940114543FFC72AE004047CB8B2FE313E80C0
Factory C/SSV_C_FA/sdb/0000000d/00000181.PG,152,688B6612F67BD6ECB2E7DB39351177C6F0A7C04910141CE1C1334AA24954E979
Factory C/SSV_C_FA/sdb/0000000d/00000182.PG,494,5826D050F84FB00E97CE36AC994FEDFBF290222A8DE97EDCAAE45CBD87C22632
Factory C/SSV_C_FA/sdb/0000000d/00000183.PG,142,79721C28B5225FF514819A3EF3E90C53C7E86D0A095F98BB69213C3AC60540B3
Factory C/SSV_C_FA/sdb/0000000d/00000184.PG,186,6C09C586E247D49CD0810E9C21CA00BDA06E01B62236076F6425997443EC4E38
Factory C/SSV_C_FA/sdb/0000000d/00000185.PG,138,6D42B0472F4FE26171AD12A1F742BF02433264C03C1AFED7F2A8318056EA8834
Factory C/SSV_C_FA/sdb/0000000d/00000186.PG,598,ECDDB4E7000143150DF1BEEA282015936EF6325081498EF3B57C6AA0E33B2196
Factory C/SSV_C_FA/sdb/0000000d/00000187.PG,306,1CCCE7EC4B5BF7E89891D982A3C8903D64D2DB058A2C54954E32013887488316
Factory C/SSV_C_FA/sdb/0000000d/00000188.PG,238,BE3645826849D6E23875B8499A7589BD29018BB3B42493D28B0BA6DB03A725E5
Factory C/SSV_C_FA/sdb/0000000d/link/0000000D.DBF,414,A9B123921F62FFEB776B0CAE758D0C4D5353B909D3171F85D126CE8BE1091BC3
Factory C/SSV_C_FA/sdb/0000000d/list/0000000D.DBF,43866,26249834A3C1030D2F58365E6B1F39D0F33D891E8E2EBCB8EAAE89CF324C075A
Factory C/SSV_C_FA/sdb/0000000d/list/0000000D.MDX,4096,3C2AABA9C7D8F55E57C67860E6A1439162B0316050F40AAF335B2A8F01C511A1
Factory C/SSV_C_FA/sdb/00000012/00000003.PG,650,BC07C1FE522533718710F3B986FB3344398AF1F65269E3A0F9BF2B4D858F9514
Factory C/SSV_C_FA/sdb/00000012/0000006f.PG,338,9E50BFF3B210FFD1FBA01A65F698C1FA79E8463CCD88192CDB215986908AD19A
Factory C/SSV_C_FA/sdb/00000012/00000088.PG,924,9EF2E427098B61CC85E63648485CAF6FD2138D1B51DFF99A211C74C45605CE74
Factory C/SSV_C_FA/sdb/00000012/00000089.PG,138,C6A12962D9A6C7410FECC3C3BACE9F567BFE3CB4526D63665BFA6177ED91FD80
Factory C/SSV_C_FA/sdb/00000012/0000008a.PG,306,7A2F9B6D223EEC282D7CF6700A991590EBA37447F474B936F7BF1E440A30978B
Factory C/SSV_C_FA/sdb/00000012/0000008b.PG,152,D11E8F9B22CFBE6651CF84E55795E2BAD0D9F42A4DD98EA189D4E252A560CF96
Factory C/SSV_C_FA/sdb/00000012/0000008c.PG,540,0E8A0979637711169CAEFBA04001AEE3273242F1346AF50F5672EBBDEA590934
Factory C/SSV_C_FA/sdb/00000012/0000008d.PG,142,6FC1412CDC90C0506C7AF3452C4045275987518EC82053B18C49DEF82511CA87
Factory C/SSV_C_FA/sdb/00000012/0000008e.PG,3144,C62D1089FF0DB8606556C91F96B011E7AC06610E9B2D8A8C0477E14015D7350E
Factory C/SSV_C_FA/sdb/00000012/0000008f.PG,696,D0C4C1C217FD36C71C0F47E1EC92F143B28E78E5BC719FD90DCDE0C926C73F54
Factory C/SSV_C_FA/sdb/00000012/00000090.PG,916,E53EDCD940106CAD9200037959255B5215EA6D370700B498B354105D669765C3
Factory C/SSV_C_FA/sdb/00000012/00000091.PG,186,4C5CAA87CDD05B911F874DD37A97A1089A5F42EA2804346DC1B45EC10DDBF3DE
Factory C/SSV_C_FA/sdb/00000012/00000092.PG,1120,5B8880CEBECB87FEF5EFBC9C387C17480D31AE499284142A5C76E43F057D53CE
Factory C/SSV_C_FA/sdb/00000012/00000093.PG,238,CBAE457847A28B3EA6376C66D2AFD6151C98415616BE27FEBFBBFC0E23791424
Factory C/SSV_C_FA/sdb/00000012/link/00000012.DBF,414,162A3D694C385A00220FE611D56DFBCE75586848AF0845BB611F8766DDD3C552
Factory C/SSV_C_FA/sdb/00000012/list/00000012.DBF,16671,4EFD8FA60429544428C53EC1EAD9AA194CE9EB2160A2AF95E8587306FB46DDBE
Factory C/SSV_C_FA/sdb/00000012/list/00000012.MDX,4096,F4531A7535F97B0BC5DD1A96C6833D7D2114FC396FEC181202794A6FA28FD101
Factory C/SSV_C_FA/sdb/00000013/00000003.PG,650,BC07C1FE522533718710F3B986FB3344398AF1F65269E3A0F9BF2B4D858F9514
Factory C/SSV_C_FA/sdb/00000013/00000014.PG,338,85C0112C37A13B122B31452D6DF420D152F907DB1A6E02B3DB4E3822155C3655
Factory C/SSV_C_FA/sdb/00000013/00000028.PG,306,F0B9749BB3B334F9224B79044A6E45D1142A31FE08734BC62C0D6CD6FA0A6272
Factory C/SSV_C_FA/sdb/00000013/00000029.PG,152,717403867E2DCC0C726F35DAC37B695D4946A6615A65E301AFDA23851D7599FE
Factory C/SSV_C_FA/sdb/00000013/0000002a.PG,540,67E24E026431B8104B79925EE1311E9B9894E24C15DDC04E5A348F73C2B255E3
Factory C/SSV_C_FA/sdb/00000013/0000002b.PG,142,CE14C239497F645C3DBA1975002E6DE719F54CA9B969C37E465685C0AAC8995A
Factory C/SSV_C_FA/sdb/00000013/0000002c.PG,2176,2472BFDA888DE18585AE700A46D5B001631C0A7EE66237FBA925B6B825A3728B
Factory C/SSV_C_FA/sdb/00000013/0000002d.PG,696,7F5627F4AC622CFD72560596A6617F8A43DF316F81C96FDEE7B6ECFA34707F79
Factory C/SSV_C_FA/sdb/00000013/0000002e.PG,916,298B0B8E765D4CEA3B02EAA473EA7C40E86CAE1E03E22078AC8F5A9951370805
Factory C/SSV_C_FA/sdb/00000013/0000002f.PG,186,A6739ECAF90F2438FAE47F4EE70D86EE852DB56F10FBC5DA35EC4599EFB2F937
Factory C/SSV_C_FA/sdb/00000013/00000030.PG,556,C251C9461E4559201E1BB128249EF3204E1E547EC791FA9FFA879D594986B472
Factory C/SSV_C_FA/sdb/00000013/00000031.PG,624,4BAC2E10883C950936EEE77A7F2C5C237A7FEF556F64B65E70A2988FB8A3D9D4
Factory C/SSV_C_FA/sdb/00000013/00000032.PG,138,B22B463EFA3850069C3AD04BB274740842315E9862734207FA8EC0B6FA61C523
Factory C/SSV_C_FA/sdb/00000013/00000033.PG,238,71F05167BA3619123D3B07D5ECCCA1E0F64570348707C4BB83DB037650CA6D8A
Factory C/SSV_C_FA/sdb/00000013/link/00000013.DBF,414,F188E25D2A946AB01D331F050D1AD55FFFEFA15BF84D7AEF435440FBCE279937
Factory C/SSV_C_FA/sdb/00000013/list/00000013.DBF,6015,E6B641DCD75B8037F6D8FB65BE11385BB484938BF43CAA9B30627E52EA9DD776
Factory C/SSV_C_FA/sdb/00000013/list/00000013.MDX,4096,87E98C6072F3B14FA57922BE52A23CA2DFBAB8E809324CA5411407B5A055B877
Factory C/SSV_C_FA/sdb/S0112001.DBF,1435,7DEF6F6C958455519EC90EC65F54ED169415D816CDCAA788BE4A87E2C9877639
Factory C/SSV_C_FA/sdb/S0112001.MDX,4096,B8BCECF521064C865A2E74554CFA22824C239F71C036FC979999E3A2AC6641A7
Factory C/SSV_C_FA/sdb/sdblast.id,8,52F7A39C8A067915418C663BE60568F869599B073B3DBE8C8103AF93C4B9CF3A
Factory C/SSV_C_FA/sdb/sdblock.lck,0,E3B0C44298FC1C149AFBF4C8996FB92427AE41E4649B934CA495991B7852B855
Factory C/SSV_C_FA/SSV_C_FA.s7p,103,BBE89D2599A66BED60A973439B1A98EB6A8EF167C4C6B25A11656C0BCCEA8499
Factory C/SSV_C_FA/SSV_C_FA.S7S,0,E3B0C44298FC1C149AFBF4C8996FB92427AE41E4649B934CA495991B7852B855
Factory C/SSV_C_FA/SSV_HV_1/ApiLog/lock,0,E3B0C44298FC1C149AFBF4C8996FB92427AE41E4649B934CA495991B7852B855
Factory C/SSV_C_FA/SSV_HV_1/ApiLog/LogIDs,8,5426258D34B4C4B6F14BA856AFE6241AF7AAEEA88ADDD6F3BC047F061D19A747
Factory C/SSV_C_FA/SSV_HV_1/ApiLog/Step7Bas.ver,3577,489597771B3FCB1A506215E90481BBE61AED641CC91057885D0D911475A267BF
Factory C/SSV_C_FA/SSV_HV_1/ApiLog/Types,1427,6E7980141ECA3DF1892D5E7B6E4FE43277C8D23DB3C56A01EC596CCE433110A2
Factory C/SSV_C_FA/SSV_HV_1/CONN/CO_1/HOMOLINK.dbf,4096,36CEC9210230817FA51F5A5FD2383F48FCB5B88911A07FE93F2A56A42B19E470
Factory C/SSV_C_FA/SSV_HV_1/CONN/CO_1/homolock,0,E3B0C44298FC1C149AFBF4C8996FB92427AE41E4649B934CA495991B7852B855
Factory C/SSV_C_FA/SSV_HV_1/CONN/CO_1/HOMOVERB.DBF,4022,335D487FEB74FBA22CC3E066C1DD268DE275E6A96150A39CEB8BF92275F63291
Factory C/SSV_C_FA/SSV_HV_1/CONN/CO_1/HOMOVERB.MDX,4096,241FB00C42804D19250350C4F1468AD055DBC955C2BCB3355377A1099F341D1B
Factory C/SSV_C_FA/SSV_HV_1/CONN/CO_1/HOMOVERB.PRO,4,9F076B7EB7FDC0311CD3208CDBBEBBF8014DD3A05E35191C96947B358A362B40
Factory C/SSV_C_FA/SSV_HV_1/CONN/CO_1/HOMTABV4.DBF,2586,35135DE5A4A664DE5F49D0AD919302BE1E0505764A129B3C3490A74E126E6098
Factory C/SSV_C_FA/SSV_HV_1/CONN/CO_1/HOMTABV4.MDX,4096,C486BC5913B5270D8B244366FE672FE80D6176D9F871FEF07A5C97A78E75E354
Factory C/SSV_C_FA/SSV_HV_1/CONN/CO_1/HOMTABV5.DBF,12179,5F505EA5E0050E4D2B09A61D06081A365F72D74A11E55CD7FEF22EFC12F672EF
Factory C/SSV_C_FA/SSV_HV_1/CONN/CO_1/HOMTABV5.MDX,4096,CFAADC9A1BCF92ADD40155CBB92BD715E0309866862EE5B2E62BF17434E42055
Factory C/SSV_C_FA/SSV_HV_1/CONN/CO_1/VerbHomo.dat,12,BD0DB4691E4A0B388A976D148CDE39DCAD8A6DB3DE16CA7DF23A42511B049F91
Factory C/SSV_C_FA/SSV_HV_1/CONN/CO_11/HOMOLINK.dbf,4096,8AE466AE730E409F70A8DF17A902A697B186C3B43A8D5FD81A6A11D639722EC7
Factory C/SSV_C_FA/SSV_HV_1/CONN/CO_11/homolock,0,E3B0C44298FC1C149AFBF4C8996FB92427AE41E4649B934CA495991B7852B855
Factory C/SSV_C_FA/SSV_HV_1/CONN/CO_11/HOMOVERB.DBF,4022,9243B892E1EB9F8B989527465507EF41B3E88652288AD574176DB61C2C2F92C4
Factory C/SSV_C_FA/SSV_HV_1/CONN/CO_11/HOMOVERB.MDX,4096,853261C1A9E25873CAC2C8402B506353E7D13A3C2CE6C224A45474B089DE0D80
Factory C/SSV_C_FA/SSV_HV_1/CONN/CO_11/HOMOVERB.PRO,4,E8613F5A5BC9F9FEEDA32A8E7C80B69DD4878E47B6A91723FB15EB84236B6A2B
Factory C/SSV_C_FA/SSV_HV_1/CONN/CO_11/HOMTABV4.DBF,2586,B32890893F84BFADD5CCB9ECA70D5AC00DC87FE251F165DE1606CE1FE60CBC58
Factory C/SSV_C_FA/SSV_HV_1/CONN/CO_11/HOMTABV4.MDX,4096,0FB925AB1D2243225AC57231855BBAB20C7146DC36850484582B3C463EDAF431
Factory C/SSV_C_FA/SSV_HV_1/CONN/CO_11/HOMTABV5.DBF,12179,2839AA031B46BEE08CD42A7A3CFB2D3CECB013B75AFCCAF08CE5A2BDDF2E7A8A
Factory C/SSV_C_FA/SSV_HV_1/CONN/CO_11/HOMTABV5.MDX,4096,D82A90DA926211439ADD4FBC88ED4A6AB86871406037EDC6918101DDA92CE759
Factory C/SSV_C_FA/SSV_HV_1/CONN/CO_11/VerbHomo.dat,12,BD0DB4691E4A0B388A976D148CDE39DCAD8A6DB3DE16CA7DF23A42511B049F91
Factory C/SSV_C_FA/SSV_HV_1/CONN/CO_13/HOMOLINK.dbf,4096,BBAC62F8AE47C96C75B2F880A6874199D3239EDB968E23347FE1D7ADF0564F15
Factory C/SSV_C_FA/SSV_HV_1/CONN/CO_13/homolock,0,E3B0C44298FC1C149AFBF4C8996FB92427AE41E4649B934CA495991B7852B855
Factory C/SSV_C_FA/SSV_HV_1/CONN/CO_13/HOMOVERB.DBF,4022,AE8957B379E4BBA463AED8038E155C82776F49CB600E8E6F3A200906B061BBFB
Factory C/SSV_C_FA/SSV_HV_1/CONN/CO_13/HOMOVERB.MDX,4096,C6FE240538821DB9A824A5773E06DA19093CA5A3A7180BC9996A14F622A291DE
Factory C/SSV_C_FA/SSV_HV_1/CONN/CO_13/HOMOVERB.PRO,4,E8613F5A5BC9F9FEEDA32A8E7C80B69DD4878E47B6A91723FB15EB84236B6A2B
Factory C/SSV_C_FA/SSV_HV_1/CONN/CO_13/HOMTABV4.DBF,2586,0D27D11CFB1AAE49811DBE6F7EE42678F3EFA4DEC926F12B42827646158F9F2F
Factory C/SSV_C_FA/SSV_HV_1/CONN/CO_13/HOMTABV4.MDX,4096,3DF56763C3371DA45694BEE5134A0FC16E04FF053C7DCB844C275DAAA1DDC758
Factory C/SSV_C_FA/SSV_HV_1/CONN/CO_13/HOMTABV5.DBF,12179,21BF9DA00FE378B710B276E1BAF52AD093BFE6EBBC4A56D93C6906EBF067D189
Factory C/SSV_C_FA/SSV_HV_1/CONN/CO_13/HOMTABV5.MDX,4096,57707D81BA58096177D0EC3E5B5DE8E42C61167D36294C346345D5E85A932A6F
Factory C/SSV_C_FA/SSV_HV_1/CONN/CO_13/VerbHomo.dat,12,BD0DB4691E4A0B388A976D148CDE39DCAD8A6DB3DE16CA7DF23A42511B049F91
Factory C/SSV_C_FA/SSV_HV_1/CONN/CO_2/HOMOLINK.dbf,4096,EE9E8BDF3A9FE06CB08CF398F3FE3F90CA4327DD99C19C78FB418F3CC4252666
Factory C/SSV_C_FA/SSV_HV_1/CONN/CO_2/homolock,0,E3B0C44298FC1C149AFBF4C8996FB92427AE41E4649B934CA495991B7852B855
Factory C/SSV_C_FA/SSV_HV_1/CONN/CO_2/HOMOVERB.DBF,4022,A326E65EC3B93CB1B811AAFA14B187FFC121E36A71B4AD09A261CAC8528CA0D1
Factory C/SSV_C_FA/SSV_HV_1/CONN/CO_2/HOMOVERB.MDX,4096,241FB00C42804D19250350C4F1468AD055DBC955C2BCB3355377A1099F341D1B
Factory C/SSV_C_FA/SSV_HV_1/CONN/CO_2/HOMOVERB.PRO,4,DC765660B06EE03DD16FD7CA5B957E8C805161AC2C4AF28C5A100AB2AB432CA1
Factory C/SSV_C_FA/SSV_HV_1/CONN/CO_2/HOMTABV4.DBF,2586,7B71DB7DC9D37F7FF9B7EFF6EF2A925205FBA1094D142768F88872A9087A2932
Factory C/SSV_C_FA/SSV_HV_1/CONN/CO_2/HOMTABV4.MDX,4096,C486BC5913B5270D8B244366FE672FE80D6176D9F871FEF07A5C97A78E75E354
Factory C/SSV_C_FA/SSV_HV_1/CONN/CO_2/HOMTABV5.DBF,12179,5F505EA5E0050E4D2B09A61D06081A365F72D74A11E55CD7FEF22EFC12F672EF
Factory C/SSV_C_FA/SSV_HV_1/CONN/CO_2/HOMTABV5.MDX,4096,CFAADC9A1BCF92ADD40155CBB92BD715E0309866862EE5B2E62BF17434E42055
Factory C/SSV_C_FA/SSV_HV_1/CONN/CO_2/VerbHomo.dat,12,BD0DB4691E4A0B388A976D148CDE39DCAD8A6DB3DE16CA7DF23A42511B049F91
Factory C/SSV_C_FA/SSV_HV_1/CONN/CO_3/HOMOLINK.dbf,4096,D820D42C2589339D6194BDE9D23AAA70343ACAC20E9198521CDA32F719401134
Factory C/SSV_C_FA/SSV_HV_1/CONN/CO_3/homolock,0,E3B0C44298FC1C149AFBF4C8996FB92427AE41E4649B934CA495991B7852B855
Factory C/SSV_C_FA/SSV_HV_1/CONN/CO_3/HOMOVERB.DBF,4022,9CF786816B36F1F51AF21926C55669838FFB44213CD3E5D10A6C15FB9136C3A6
Factory C/SSV_C_FA/SSV_HV_1/CONN/CO_3/HOMOVERB.MDX,4096,241FB00C42804D19250350C4F1468AD055DBC955C2BCB3355377A1099F341D1B
Factory C/SSV_C_FA/SSV_HV_1/CONN/CO_3/HOMOVERB.PRO,4,E8613F5A5BC9F9FEEDA32A8E7C80B69DD4878E47B6A91723FB15EB84236B6A2B
Factory C/SSV_C_FA/SSV_HV_1/CONN/CO_3/HOMTABV4.DBF,2586,81998F9A3BA1FE80C0C6F9D72A7AA27F9138D772E4623CEAE24B3C37A5DB50F6
Factory C/SSV_C_FA/SSV_HV_1/CONN/CO_3/HOMTABV4.MDX,4096,C486BC5913B5270D8B244366FE672FE80D6176D9F871FEF07A5C97A78E75E354
Factory C/SSV_C_FA/SSV_HV_1/CONN/CO_3/HOMTABV5.DBF,12179,5F505EA5E0050E4D2B09A61D06081A365F72D74A11E55CD7FEF22EFC12F672EF
Factory C/SSV_C_FA/SSV_HV_1/CONN/CO_3/HOMTABV5.MDX,4096,CFAADC9A1BCF92ADD40155CBB92BD715E0309866862EE5B2E62BF17434E42055
Factory C/SSV_C_FA/SSV_HV_1/CONN/CO_3/VerbHomo.dat,12,BD0DB4691E4A0B388A976D148CDE39DCAD8A6DB3DE16CA7DF23A42511B049F91
Factory C/SSV_C_FA/SSV_HV_1/CONN/CO_4/HOMOLINK.dbf,4096,F99E3FFC723DD30E86B21D1609DDE8FE0BB10838903ABA8462CC9A937144C6F0
Factory C/SSV_C_FA/SSV_HV_1/CONN/CO_4/homolock,0,E3B0C44298FC1C149AFBF4C8996FB92427AE41E4649B934CA495991B7852B855
Factory C/SSV_C_FA/SSV_HV_1/CONN/CO_4/HOMOVERB.DBF,4022,B7AABDCCD3CE52E6C840CEA9A973EBD9ED1ECFD6E6E10FC0B3A19A894CAFD8F6
Factory C/SSV_C_FA/SSV_HV_1/CONN/CO_4/HOMOVERB.MDX,4096,241FB00C42804D19250350C4F1468AD055DBC955C2BCB3355377A1099F341D1B
Factory C/SSV_C_FA/SSV_HV_1/CONN/CO_4/HOMOVERB.PRO,4,E8613F5A5BC9F9FEEDA32A8E7C80B69DD4878E47B6A91723FB15EB84236B6A2B
Factory C/SSV_C_FA/SSV_HV_1/CONN/CO_4/HOMTABV4.DBF,2586,8B050AA9A8A1C64DBC461D87A638859F0F430729A4F8967F13956072D3AFDE07
Factory C/SSV_C_FA/SSV_HV_1/CONN/CO_4/HOMTABV4.MDX,4096,C486BC5913B5270D8B244366FE672FE80D6176D9F871FEF07A5C97A78E75E354
Factory C/SSV_C_FA/SSV_HV_1/CONN/CO_4/HOMTABV5.DBF,12179,5F505EA5E0050E4D2B09A61D06081A365F72D74A11E55CD7FEF22EFC12F672EF
Factory C/SSV_C_FA/SSV_HV_1/CONN/CO_4/HOMTABV5.MDX,4096,CFAADC9A1BCF92ADD40155CBB92BD715E0309866862EE5B2E62BF17434E42055
Factory C/SSV_C_FA/SSV_HV_1/CONN/CO_4/VerbHomo.dat,12,BD0DB4691E4A0B388A976D148CDE39DCAD8A6DB3DE16CA7DF23A42511B049F91
Factory C/SSV_C_FA/SSV_HV_1/CONN/CO_5/HOMOLINK.dbf,4096,CF431EEFD4018C7AADD7BB860A70CAC871CB609DE72B8CCDE90A0A895394B514
Factory C/SSV_C_FA/SSV_HV_1/CONN/CO_5/homolock,0,E3B0C44298FC1C149AFBF4C8996FB92427AE41E4649B934CA495991B7852B855
Factory C/SSV_C_FA/SSV_HV_1/CONN/CO_5/HOMOVERB.DBF,4022,820F1E0AED557C06799EC902770586A3F5D614D9DE379BBBD754C384FE6347E1
Factory C/SSV_C_FA/SSV_HV_1/CONN/CO_5/HOMOVERB.MDX,4096,241FB00C42804D19250350C4F1468AD055DBC955C2BCB3355377A1099F341D1B
Factory C/SSV_C_FA/SSV_HV_1/CONN/CO_5/HOMOVERB.PRO,4,E8613F5A5BC9F9FEEDA32A8E7C80B69DD4878E47B6A91723FB15EB84236B6A2B
Factory C/SSV_C_FA/SSV_HV_1/CONN/CO_5/HOMTABV4.DBF,2586,C679511198ABCE8F85DF2223FD2490003D3E1C070C9B9AE08CBADCCFBF4C6CF7
Factory C/SSV_C_FA/SSV_HV_1/CONN/CO_5/HOMTABV4.MDX,4096,C486BC5913B5270D8B244366FE672FE80D6176D9F871FEF07A5C97A78E75E354
Factory C/SSV_C_FA/SSV_HV_1/CONN/CO_5/HOMTABV5.DBF,12179,5F505EA5E0050E4D2B09A61D06081A365F72D74A11E55CD7FEF22EFC12F672EF
Factory C/SSV_C_FA/SSV_HV_1/CONN/CO_5/HOMTABV5.MDX,4096,CFAADC9A1BCF92ADD40155CBB92BD715E0309866862EE5B2E62BF17434E42055
Factory C/SSV_C_FA/SSV_HV_1/CONN/CO_5/VerbHomo.dat,12,BD0DB4691E4A0B388A976D148CDE39DCAD8A6DB3DE16CA7DF23A42511B049F91
Factory C/SSV_C_FA/SSV_HV_1/CONN/CO_6/HOMOLINK.dbf,4096,88AB0120D864EA7E4E958127B5D2838DC384C3A79F26E0BB097C972BE5A13150
Factory C/SSV_C_FA/SSV_HV_1/CONN/CO_6/homolock,0,E3B0C44298FC1C149AFBF4C8996FB92427AE41E4649B934CA495991B7852B855
Factory C/SSV_C_FA/SSV_HV_1/CONN/CO_6/HOMOVERB.DBF,4022,A2649FB2720FF26AAD7A4809E7D8B9FA12ED3C49EC0C27F6C26F21C0B3418CEF
Factory C/SSV_C_FA/SSV_HV_1/CONN/CO_6/HOMOVERB.MDX,4096,241FB00C42804D19250350C4F1468AD055DBC955C2BCB3355377A1099F341D1B
Factory C/SSV_C_FA/SSV_HV_1/CONN/CO_6/HOMOVERB.PRO,4,E8613F5A5BC9F9FEEDA32A8E7C80B69DD4878E47B6A91723FB15EB84236B6A2B
Factory C/SSV_C_FA/SSV_HV_1/CONN/CO_6/HOMTABV4.DBF,2586,903C2119BD4AE0B8C2CCF78D7859E91F38BBED3AE801256EB925247A025A0E37
Factory C/SSV_C_FA/SSV_HV_1/CONN/CO_6/HOMTABV4.MDX,4096,C486BC5913B5270D8B244366FE672FE80D6176D9F871FEF07A5C97A78E75E354
Factory C/SSV_C_FA/SSV_HV_1/CONN/CO_6/HOMTABV5.DBF,12179,5F505EA5E0050E4D2B09A61D06081A365F72D74A11E55CD7FEF22EFC12F672EF
Factory C/SSV_C_FA/SSV_HV_1/CONN/CO_6/HOMTABV5.MDX,4096,CFAADC9A1BCF92ADD40155CBB92BD715E0309866862EE5B2E62BF17434E42055
Factory C/SSV_C_FA/SSV_HV_1/CONN/CO_6/VerbHomo.dat,12,BD0DB4691E4A0B388A976D148CDE39DCAD8A6DB3DE16CA7DF23A42511B049F91
Factory C/SSV_C_FA/SSV_HV_1/CONN/CO_7/HOMOLINK.dbf,4096,CEF404250642288307102BF3AAF08D9618A67F90E9FC8B63AC8B61C8968BF883
Factory C/SSV_C_FA/SSV_HV_1/CONN/CO_7/homolock,0,E3B0C44298FC1C149AFBF4C8996FB92427AE41E4649B934CA495991B7852B855
Factory C/SSV_C_FA/SSV_HV_1/CONN/CO_7/HOMOVERB.DBF,4022,49BC723150E9B183B12A500E9091EC2A65144333C7158EFF9B13100D50FF3E60
Factory C/SSV_C_FA/SSV_HV_1/CONN/CO_7/HOMOVERB.MDX,4096,241FB00C42804D19250350C4F1468AD055DBC955C2BCB3355377A1099F341D1B
Factory C/SSV_C_FA/SSV_HV_1/CONN/CO_7/HOMOVERB.PRO,4,E8613F5A5BC9F9FEEDA32A8E7C80B69DD4878E47B6A91723FB15EB84236B6A2B
Factory C/SSV_C_FA/SSV_HV_1/CONN/CO_7/HOMTABV4.DBF,2586,6A8296931FB70B4CD1ABC5F79991305BF8080173DD5EC936AF44C5F41E7A3FB2
Factory C/SSV_C_FA/SSV_HV_1/CONN/CO_7/HOMTABV4.MDX,4096,C486BC5913B5270D8B244366FE672FE80D6176D9F871FEF07A5C97A78E75E354
Factory C/SSV_C_FA/SSV_HV_1/CONN/CO_7/HOMTABV5.DBF,12179,5F505EA5E0050E4D2B09A61D06081A365F72D74A11E55CD7FEF22EFC12F672EF
Factory C/SSV_C_FA/SSV_HV_1/CONN/CO_7/HOMTABV5.MDX,4096,CFAADC9A1BCF92ADD40155CBB92BD715E0309866862EE5B2E62BF17434E42055
Factory C/SSV_C_FA/SSV_HV_1/CONN/CO_7/VerbHomo.dat,12,BD0DB4691E4A0B388A976D148CDE39DCAD8A6DB3DE16CA7DF23A42511B049F91
Factory C/SSV_C_FA/SSV_HV_1/CONN/CO_8/HOMOLINK.dbf,4096,72278009851EF1FEA44DCFC65D47D339CDB736A24A1422D32576F13569019875
Factory C/SSV_C_FA/SSV_HV_1/CONN/CO_8/homolock,0,E3B0C44298FC1C149AFBF4C8996FB92427AE41E4649B934CA495991B7852B855
Factory C/SSV_C_FA/SSV_HV_1/CONN/CO_8/HOMOVERB.DBF,4022,A0314F843487628817D8E9EDAE79274C641891F78ED0F8D42E52E4601CA77514
Factory C/SSV_C_FA/SSV_HV_1/CONN/CO_8/HOMOVERB.MDX,4096,241FB00C42804D19250350C4F1468AD055DBC955C2BCB3355377A1099F341D1B
Factory C/SSV_C_FA/SSV_HV_1/CONN/CO_8/HOMOVERB.PRO,4,E8613F5A5BC9F9FEEDA32A8E7C80B69DD4878E47B6A91723FB15EB84236B6A2B
Factory C/SSV_C_FA/SSV_HV_1/CONN/CO_8/HOMTABV4.DBF,2586,204BCD71F99B89EA1BC9F05E40F9EF079BBDB037177E34B7BE3F483BF8B7CD0D
Factory C/SSV_C_FA/SSV_HV_1/CONN/CO_8/HOMTABV4.MDX,4096,C486BC5913B5270D8B244366FE672FE80D6176D9F871FEF07A5C97A78E75E354
Factory C/SSV_C_FA/SSV_HV_1/CONN/CO_8/HOMTABV5.DBF,12179,5F505EA5E0050E4D2B09A61D06081A365F72D74A11E55CD7FEF22EFC12F672EF
Factory C/SSV_C_FA/SSV_HV_1/CONN/CO_8/HOMTABV5.MDX,4096,CFAADC9A1BCF92ADD40155CBB92BD715E0309866862EE5B2E62BF17434E42055
Factory C/SSV_C_FA/SSV_HV_1/CONN/CO_8/VerbHomo.dat,12,BD0DB4691E4A0B388A976D148CDE39DCAD8A6DB3DE16CA7DF23A42511B049F91
Factory C/SSV_C_FA/SSV_HV_1/CONN/LINKVL.dbf,6144,B3B7567BADFD7BC91725B7BFE360B131EB70FAABEF4980AE866F6F2263AA27A8
Factory C/SSV_C_FA/SSV_HV_1/CONN/LOCKVL.LCK,0,E3B0C44298FC1C149AFBF4C8996FB92427AE41E4649B934CA495991B7852B855
Factory C/SSV_C_FA/SSV_HV_1/CONN/VERBLIST.PRO,4,43C66C260828C9839F26474151DB105481FF92F5E01377F75389D4CE3D2DD574
Factory C/SSV_C_FA/SSV_HV_1/CONN/VERBTAB.DBF,5970,DF3948EBFEDF9F5ACA8F183A92118ED15F3A379F45AAB1503B996689552D6FE6
Factory C/SSV_C_FA/SSV_HV_1/CONN/VERBTAB.MDX,4096,3B48A674F23420C5AD8ED6DFE54ACC17EB2213E866890916B6A1BDC7CC757547
Factory C/SSV_C_FA/SSV_HV_1/CONN/VLTAB53.DBF,4190,1B351029DFE822E2CC0A13444B9A4B85EFFE18304EEBAC58CD087597FDBDE527
Factory C/SSV_C_FA/SSV_HV_1/CONN/VLTAB53.MDX,4096,7572DA0EF7748C14011890B5AB026BFF699A8ACD1FAC43F1AC7A1FF1C4F37434
Factory C/SSV_C_FA/SSV_HV_1/Global/141099_1_dp_asi.txt,0,E3B0C44298FC1C149AFBF4C8996FB92427AE41E4649B934CA495991B7852B855
Factory C/SSV_C_FA/SSV_HV_1/Global/141099_1.txt,41,75583948A2253F35B10477FD07C782410230DC5C8501293A88355A400D91728E
Factory C/SSV_C_FA/SSV_HV_1/Global/141099_10_dp_asi.txt,0,E3B0C44298FC1C149AFBF4C8996FB92427AE41E4649B934CA495991B7852B855
Factory C/SSV_C_FA/SSV_HV_1/Global/141099_10.txt,41,26760E8D24251E3135FA42AB682637B0A8205E0326017CAC4122FD458C13A819
Factory C/SSV_C_FA/SSV_HV_1/Global/141099_13_dp_asi.txt,0,E3B0C44298FC1C149AFBF4C8996FB92427AE41E4649B934CA495991B7852B855
Factory C/SSV_C_FA/SSV_HV_1/Global/141099_13.txt,41,8C998295F4A214A55CB0E2A63548C1184D51F4004E0E15A57F51988B3D7991A0
Factory C/SSV_C_FA/SSV_HV_1/Global/141099_16_dp_asi.txt,0,E3B0C44298FC1C149AFBF4C8996FB92427AE41E4649B934CA495991B7852B855
Factory C/SSV_C_FA/SSV_HV_1/Global/141099_16.txt,41,14CCF5FB8E34A97A646A8EEED06A6F7538457D401F415A240F6693F6A3DC061A
Factory C/SSV_C_FA/SSV_HV_1/Global/141099_1d_dp_asi.txt,0,E3B0C44298FC1C149AFBF4C8996FB92427AE41E4649B934CA495991B7852B855
Factory C/SSV_C_FA/SSV_HV_1/Global/141099_1d.txt,697,00AC7988C9660CE156E0C41CBF51DC5B63E7F19C7D33CD147C41A3158B71512F
Factory C/SSV_C_FA/SSV_HV_1/Global/141099_20_dp_asi.txt,0,E3B0C44298FC1C149AFBF4C8996FB92427AE41E4649B934CA495991B7852B855
Factory C/SSV_C_FA/SSV_HV_1/Global/141099_20.txt,41,C10B6A249A27E6357BB9951E291A0A798DC4DBF06D06F1273E386D03001E1243
Factory C/SSV_C_FA/SSV_HV_1/Global/141099_23_dp_asi.txt,0,E3B0C44298FC1C149AFBF4C8996FB92427AE41E4649B934CA495991B7852B855
Factory C/SSV_C_FA/SSV_HV_1/Global/141099_23.txt,41,79ECA47C2295C6E820DCB06402ADD153DEB4A80F4A00060C4065E5BEE3811E31
Factory C/SSV_C_FA/SSV_HV_1/Global/141099_4_dp_asi.txt,0,E3B0C44298FC1C149AFBF4C8996FB92427AE41E4649B934CA495991B7852B855
Factory C/SSV_C_FA/SSV_HV_1/Global/141099_4.txt,41,F1FB45817C8D12552C649898C693F7A0F2EF809A9BF91BFA3068F4F3B06017C2
Factory C/SSV_C_FA/SSV_HV_1/Global/141099_7_dp_asi.txt,0,E3B0C44298FC1C149AFBF4C8996FB92427AE41E4649B934CA495991B7852B855
Factory C/SSV_C_FA/SSV_HV_1/Global/141099_7.txt,41,3629E4EE9C258EEDB623B755D9674CFF68B48A8CC48FE60ED0FD0A7472B66569
Factory C/SSV_C_FA/SSV_HV_1/Global/141099_a_dp_asi.txt,0,E3B0C44298FC1C149AFBF4C8996FB92427AE41E4649B934CA495991B7852B855
Factory C/SSV_C_FA/SSV_HV_1/Global/141099_a.txt,41,C0395035AC04ADB60BD2811F05A91D3A00F08EDB42BCA3215B0D8F770C93CCC9
Factory C/SSV_C_FA/SSV_HV_1/Global/141099_d_dp_asi.txt,0,E3B0C44298FC1C149AFBF4C8996FB92427AE41E4649B934CA495991B7852B855
Factory C/SSV_C_FA/SSV_HV_1/Global/141099_d.txt,41,B3EFACD8B5116047F743321FC47D734D8BD9376897790B1696D8E71990237B82
Factory C/SSV_C_FA/SSV_HV_1/Global/colorder.dat,96,5FACA1EFB3A1DC321D6F95857A1AECE199214518C8F42163060DE2BEC48B6F11
Factory C/SSV_C_FA/SSV_HV_1/Global/colwidth.dat,96,81BC8BD128A094BAC1F28CA70027FA2AC36AA0F5B154B5893D85B8E39EF6127F
Factory C/SSV_C_FA/SSV_HV_1/Global/Font_1,35,8AC41431DE91C21BD11B8176F524B86F69BB738F11008295048EA15D85FE3D6F
Factory C/SSV_C_FA/SSV_HV_1/Global/Font_2,33,92215880675BE1B97BFDA87BAB71808CAE4D9B2F7F7E8A5DD4A36FDFC01B535D
Factory C/SSV_C_FA/SSV_HV_1/Global/Language,40,B2BBF473FD060B75464CD1BB41A0C9748D4044E551BD58C165F6B5EB7C43C6AF
Factory C/SSV_C_FA/SSV_HV_1/Global/MkProfil/Administrator/MakeLog/Compile and Download Objects,3347,BD96F4B0BDB10FA8564DA9D7CB480F403B1ABFF8D4ABDA160BC1184CC2C3CF29
Factory C/SSV_C_FA/SSV_HV_1/Global/MkProfil/Administrator/MakeLog/Compile/00141103/0000001E.log,512,979FBA6A7832829CDE879DBFB342C8D90D275F33A62173AD18C96982D1397BEF
Factory C/SSV_C_FA/SSV_HV_1/Global/MkProfil/Administrator/MakeLog/Compile/00145301/0000000B.log,6216,4AB30F044E863E4484EF8F6D2B0D56F192746121EE1C939090B0669047F2DBF5
Factory C/SSV_C_FA/SSV_HV_1/Global/MkProfil/Administrator/MakeLog/Compile/S7amkprj.log,3347,BD96F4B0BDB10FA8564DA9D7CB480F403B1ABFF8D4ABDA160BC1184CC2C3CF29
Factory C/SSV_C_FA/SSV_HV_1/Global/MkProfil/HMI1/Administrator/s7amkapx.dat,50,ED2A1765894881219BC31486520151874D5F72B6EA01D90EB71986C6EAF088F6
Factory C/SSV_C_FA/SSV_HV_1/Global/MkProfil/HMI1/Administrator/s7amkexx.dat,100,D0C3169B99F0A4B02C431EA2A013E090A695F4E1F46F7294CD4CD7CD7ACB66D3
Factory C/SSV_C_FA/SSV_HV_1/Global/PROJECTVERSION.umf,10,FA99EFB562428BAC4CD1369430C6996F0FC82FE48FD58B577422E4A754AB481D
Factory C/SSV_C_FA/SSV_HV_1/Global/S7hCompressedMetadata.cmf,797190,84078B64FEC4A0ED88C973DBD74687687C052B81EE9078A72E601CAFE68D350C
Factory C/SSV_C_FA/SSV_HV_1/Global/S7hMetaData.umf,5521128,0F452CCE3602B81A5BF0F2D8CB07E259F2717333BF09BA541F4881DE0F9CEEA1
Factory C/SSV_C_FA/SSV_HV_1/Global/s7netpro.npa,1568,7014C78E752BD1BACAADE159899A893AA16C2B0D5C4891E56D16F0AED5632065
Factory C/SSV_C_FA/SSV_HV_1/Global/s7netpro.wnd,140,919FBA83F7D81CCC804D75B6359FB9C7F922300627E3A16262F7431D619A4EE7
Factory C/SSV_C_FA/SSV_HV_1/hOmSave7/s7h0074x/HATTARY1.DBF,524,B9CBDF6655802018B3621C336BE0078DF387AE8417E6C5DEBF27783F3DAE4A7E
Factory C/SSV_C_FA/SSV_HV_1/hOmSave7/s7h0074x/HATTARY1.DBT,3584,0853DEB6B9F9EC2788D9DE84CB3F34A1E616F4392B9AC04020F889C8527B956D
Factory C/SSV_C_FA/SSV_HV_1/hOmSave7/s7h0074x/HATTARY1.MDX,4096,349A6BD31DC4482C99B66ED9073D87040AC0E5DF28FD439AC04DC595775E87A3
Factory C/SSV_C_FA/SSV_HV_1/hOmSave7/s7h0074x/HATTRIB1.DBF,7786,699648E096FF3E35B661D53169CFC3BC93E020E5C1CF7D06FB22DCB40F4CF831
Factory C/SSV_C_FA/SSV_HV_1/hOmSave7/s7h0074x/HATTRIB1.MDX,6144,1758754113CD6082006D58DADBFCE9003EE28376D1857079EAABFC3E3FEE6951
Factory C/SSV_C_FA/SSV_HV_1/hOmSave7/s7h0074x/HATTRME1.DBF,1482,7A4C68A24C9CCDF1BA46EFAE4AA3FE3F8C800F8857942D0A2C7113547E481649
Factory C/SSV_C_FA/SSV_HV_1/hOmSave7/s7h0074x/HATTRME1.DBT,15872,1D195AAE03B4CB12641A45E5E1106035364C534C7666B98244BA16887EB7B2B7
Factory C/SSV_C_FA/SSV_HV_1/hOmSave7/s7h0074x/HATTRME1.MDX,6144,41B85CB3E6FBC987CD90BCDCB9C7A3781121B7C97D8519B465AA9D5849CF7F25
Factory C/SSV_C_FA/SSV_HV_1/hOmSave7/s7h0074x/HLASTID2.DBF,336,18FE41E1908FB3D2D6E63F220F6C02896E1616006D7AC3F313E1E006E28743D3
Factory C/SSV_C_FA/SSV_HV_1/hOmSave7/s7h0074x/hLockID1,0,E3B0C44298FC1C149AFBF4C8996FB92427AE41E4649B934CA495991B7852B855
Factory C/SSV_C_FA/SSV_HV_1/hOmSave7/s7h0074x/HOBJECT1.DBF,3640,8418AF1412B5177A2087009598BCADA3B28BDD408695D698B974BAABD6FBCA71
Factory C/SSV_C_FA/SSV_HV_1/hOmSave7/s7h0074x/HOBJECT1.MDX,4096,91D3BC30681DDA853C67370E1F3AD937595C089CA25D41B7797E632E102D4E75
Factory C/SSV_C_FA/SSV_HV_1/hOmSave7/s7h0074x/HRELATI1.DBF,1194,4C707E7AF1EF15B7A9A362613042D490D7F8CE99606665E3F4EC23EDB634AC18
Factory C/SSV_C_FA/SSV_HV_1/hOmSave7/s7h0074x/HRELATI1.MDX,6144,A051C879C2EABBA955E08C3E012500E2A82B457AC648195D9428EA57163B636C
Factory C/SSV_C_FA/SSV_HV_1/hOmSave7/s7hdevnx/HATTARY1.DBF,1514,18D1CEAD3F1B7FA81AC86513E80A60228A36E93BDB0A5029707DFFFEBED04820
Factory C/SSV_C_FA/SSV_HV_1/hOmSave7/s7hdevnx/HATTARY1.DBT,12800,0CEFAC949F7A215D88D712B6084BB1D5455BDAA3C8520D79F638B45752B2F2BF
Factory C/SSV_C_FA/SSV_HV_1/hOmSave7/s7hdevnx/HATTARY1.MDX,4096,FEEFFF9265BFBC517F6643D7373E2270E1E7F340FC496AED4A5E3A6AA9DB316B
Factory C/SSV_C_FA/SSV_HV_1/hOmSave7/s7hdevnx/HATTRIB1.DBF,60706,A34FD5C32DA2516904E90ACAA62F53FE597245091AC1F34FE11C13917BCCA6A9
Factory C/SSV_C_FA/SSV_HV_1/hOmSave7/s7hdevnx/HATTRIB1.MDX,20480,A2FF30A68B644EEF64BA80BF31F3644FAFE5771F14250CAD4FEF28B14F6EB1D4
Factory C/SSV_C_FA/SSV_HV_1/hOmSave7/s7hdevnx/HATTRME1.DBF,1218,4F7F560B7520C61D9FBBB47F2AC8931F826BB3A5E5EC93CA1909B4B2AA67F363
Factory C/SSV_C_FA/SSV_HV_1/hOmSave7/s7hdevnx/HATTRME1.DBT,12800,93A608A341F3851D5D2B077E5173BDEEF824E93CFB21D38F10C198FAA4914572
Factory C/SSV_C_FA/SSV_HV_1/hOmSave7/s7hdevnx/HATTRME1.MDX,6144,DB374465ED29F1A080E094EF74943AEAAA450FA0372BAF28591CDA56EC513823
Factory C/SSV_C_FA/SSV_HV_1/hOmSave7/s7hdevnx/HLASTID2.DBF,336,9331DA1B1E95EC465849900570B238350F552B1162533EFD3B9B655E35AC915C
Factory C/SSV_C_FA/SSV_HV_1/hOmSave7/s7hdevnx/hLockID1,0,E3B0C44298FC1C149AFBF4C8996FB92427AE41E4649B934CA495991B7852B855
Factory C/SSV_C_FA/SSV_HV_1/hOmSave7/s7hdevnx/HOBJECT1.DBF,12730,7EDFD4D02B34F7DA7C182B796BA9F5B6E68D102587FD5CBFFF48DB9A4EEEFF4E
Factory C/SSV_C_FA/SSV_HV_1/hOmSave7/s7hdevnx/HOBJECT1.MDX,4096,4FC85CCFB1E9F2ECA5C4337F8225B2380EF81DB8B314A45394DF732E2E1CCC5C
Factory C/SSV_C_FA/SSV_HV_1/hOmSave7/s7hdevnx/HRELATI1.DBF,5718,04AB024CC862AD34E12CE9AAB6C296933B72462FDE0D6C918D85292EDECCD8DC
Factory C/SSV_C_FA/SSV_HV_1/hOmSave7/s7hdevnx/HRELATI1.MDX,14336,9E0E436A08E7C9E0161B023958C88E149E3EBD18FABB09E4BBBB95FC5622728B
Factory C/SSV_C_FA/SSV_HV_1/hOmSave7/S7HDPSSX/HATTARY1.DBF,854,219F0816C7A9DB96440E67D80877DC9C97C2AC42D6D0E50CF25EE349ED054469
Factory C/SSV_C_FA/SSV_HV_1/hOmSave7/S7HDPSSX/HATTARY1.DBT,6656,F02C552B7D49238A5408ACB537F92D9B938459D7ADD9A0474EB80EA9C68B41D6
Factory C/SSV_C_FA/SSV_HV_1/hOmSave7/S7HDPSSX/HATTARY1.MDX,4096,18EFF3593EE055FC4C4A1A68D300D5A15C4CAB60E25A85A397B56E86D2F95B27
Factory C/SSV_C_FA/SSV_HV_1/hOmSave7/S7HDPSSX/HATTRIB1.DBF,53146,D81F39065D8B6D809B9A87FDD98DE64968B7CDE75B917A99C6D06B2F7B4628CE
Factory C/SSV_C_FA/SSV_HV_1/hOmSave7/S7HDPSSX/HATTRIB1.MDX,18432,FA67894BB6AE3379428AFF8243817611470AC480B8B0D25EE9C214B547A1BF63
Factory C/SSV_C_FA/SSV_HV_1/hOmSave7/S7HDPSSX/HATTRME1.DBF,162,F0C3650BB9961C167A08E2BC13A8421F1BBF928B3C523C9C63B3EC893F3090F8
Factory C/SSV_C_FA/SSV_HV_1/hOmSave7/S7HDPSSX/HATTRME1.DBT,24,779D24AEA2F98181DE56336C7E1968E78A24602BE68CE6A02C3E7DAEAF9E4BC1
Factory C/SSV_C_FA/SSV_HV_1/hOmSave7/S7HDPSSX/HATTRME1.MDX,6144,85473E2C57756C11B2539A1753BEA63BCAFB59C2086E2DBA16799BE7A31F023C
Factory C/SSV_C_FA/SSV_HV_1/hOmSave7/S7HDPSSX/HLASTID2.DBF,336,E78A12CD84E267C2330EFDF8960564AED74C241DE9439ED9E1532B6D3E08F533
Factory C/SSV_C_FA/SSV_HV_1/hOmSave7/S7HDPSSX/hLockID1,0,E3B0C44298FC1C149AFBF4C8996FB92427AE41E4649B934CA495991B7852B855
Factory C/SSV_C_FA/SSV_HV_1/hOmSave7/S7HDPSSX/HOBJECT1.DBF,6670,3602A61353A176709F84AC54BF7B04BADF7B27A90BEE4D14CA2C849722888212
Factory C/SSV_C_FA/SSV_HV_1/hOmSave7/S7HDPSSX/HOBJECT1.MDX,4096,D5E4FE986630959B1C76013431317A7926B62217B99D8965BEAFF9F91376818D
Factory C/SSV_C_FA/SSV_HV_1/hOmSave7/S7HDPSSX/HRELATI1.DBF,4002,CC6E49ECA43820CD8D86CAA00CFE4BC391E8BB9565EA5235254D8667AA3AA149
Factory C/SSV_C_FA/SSV_HV_1/hOmSave7/S7HDPSSX/HRELATI1.MDX,11264,4C549664BF3B9985FCB5603C118F131748F7272B6E94D2A830CD30D312F2B5EC
Factory C/SSV_C_FA/SSV_HV_1/hOmSave7/S7HK15AX/HATTARY1.DBF,1514,40BB1622E388822CF281A7B3E303DE87AAC1BFBB43170C8AF7EB617C7E627F98
Factory C/SSV_C_FA/SSV_HV_1/hOmSave7/S7HK15AX/HATTARY1.DBT,12800,7EF704CEEB554245115888E79E62E6C5225CA72CBD5B78C7483C250E463902D4
Factory C/SSV_C_FA/SSV_HV_1/hOmSave7/S7HK15AX/HATTARY1.MDX,4096,31235929090D200B4050AE5CE94A2ECDCD36C70054DA520AD075B805F31F7DE4
Factory C/SSV_C_FA/SSV_HV_1/hOmSave7/S7HK15AX/HATTRIB1.DBF,38026,7FDF441B2FDECE7AD1A47611C6C4850DD0701D663CFB5CA083D13C2A03C5EE51
Factory C/SSV_C_FA/SSV_HV_1/hOmSave7/S7HK15AX/HATTRIB1.MDX,15360,31C9B23E46B4D11B33C63CF28ADF926DD2FC4E50B9DB9403649D1777D5FFEC79
Factory C/SSV_C_FA/SSV_HV_1/hOmSave7/S7HK15AX/HATTRME1.DBF,3330,DB3984993F027CC49231C5BCF2445772C46E7868EF3B8E5421235505C44C6B16
Factory C/SSV_C_FA/SSV_HV_1/hOmSave7/S7HK15AX/HATTRME1.DBT,37376,3D6272F08F44D6836104C6E1F550638D7C422F01E95557AAA6BA6FC76036358A
Factory C/SSV_C_FA/SSV_HV_1/hOmSave7/S7HK15AX/HATTRME1.MDX,11264,CE06F8231926CCECCE501B3570307A07CA3BFE8738EB29F5B4C7B4F342D07BCD
Factory C/SSV_C_FA/SSV_HV_1/hOmSave7/S7HK15AX/HLASTID2.DBF,336,B94E574430ACE671956ADF08EAD53C32F36714E78972A52F42B41EFDAE87F0E8
Factory C/SSV_C_FA/SSV_HV_1/hOmSave7/S7HK15AX/hLockID1,0,E3B0C44298FC1C149AFBF4C8996FB92427AE41E4649B934CA495991B7852B855
Factory C/SSV_C_FA/SSV_HV_1/hOmSave7/S7HK15AX/HOBJECT1.DBF,12730,132C043DC3A04ECB23F643DE8B2B80E349EF89260964B03A7E1F4F003DED9120
Factory C/SSV_C_FA/SSV_HV_1/hOmSave7/S7HK15AX/HOBJECT1.MDX,4096,FD17315F1A4EEAF2326EE2D61AA9E043EAC3BDC0D9FFF6B8CAB599E0190C4735
Factory C/SSV_C_FA/SSV_HV_1/hOmSave7/S7HK15AX/HRELATI1.DBF,9618,3CD63FE9518DA80A4FEC7CF11BD3DE9A5A845A0E7AFC1F46593BBA3A531EFD30
Factory C/SSV_C_FA/SSV_HV_1/hOmSave7/S7HK15AX/HRELATI1.MDX,23552,2C02C5FCA26C97CD30D715C2043299BE81E24F282ECA0724414FA3C2C92444E8
Factory C/SSV_C_FA/SSV_HV_1/hOmSave7/S7HK31AX/HATTARY1.DBF,854,E75DB140F890C7E961FF1383403ACA5C03D34A593D144D7CAEEB63107B1FD480
Factory C/SSV_C_FA/SSV_HV_1/hOmSave7/S7HK31AX/HATTARY1.DBT,18944,C11F11D8FC6EC20D483547330C0AF522F5D011C2C624A3E4DBE388AF45F8A85C
Factory C/SSV_C_FA/SSV_HV_1/hOmSave7/S7HK31AX/HATTARY1.MDX,4096,B498006E10D9AE4554ECAD75570A1CC95A097C0AB0BC15C65F5DDDC7D57940A4
Factory C/SSV_C_FA/SSV_HV_1/hOmSave7/S7HK31AX/HATTRIB1.DBF,45586,D4341BC1958D0B1B53A8FD238F882EDD75FBB3871FD20CB920B0FD5FF1F13EE2
Factory C/SSV_C_FA/SSV_HV_1/hOmSave7/S7HK31AX/HATTRIB1.MDX,17408,195FA18073B9CFE390B0F0DBD6507DCFF2A96C228A5248ED264CA77ED790A0AC
Factory C/SSV_C_FA/SSV_HV_1/hOmSave7/S7HK31AX/HATTRME1.DBF,3858,80E652EA46EDBFFD99650550E2629E968FB5BA3DCF708CE40F3F21ADCC1246DB
Factory C/SSV_C_FA/SSV_HV_1/hOmSave7/S7HK31AX/HATTRME1.DBT,43520,4387634126454A3086611DA72BE558645E90E7B9EE33622C24171A49AC09189F
Factory C/SSV_C_FA/SSV_HV_1/hOmSave7/S7HK31AX/HATTRME1.MDX,12288,C3654107A140A3837F0A5C06D326DFE7CBF1ACE923BEE44C08F6670EE52BD744
Factory C/SSV_C_FA/SSV_HV_1/hOmSave7/S7HK31AX/HLASTID2.DBF,336,C212B61B6AA928CD95956ADEB0515F45DB2038C13CC6B0BDCAA4212D2A9060CF
Factory C/SSV_C_FA/SSV_HV_1/hOmSave7/S7HK31AX/hLockID1,0,E3B0C44298FC1C149AFBF4C8996FB92427AE41E4649B934CA495991B7852B855
Factory C/SSV_C_FA/SSV_HV_1/hOmSave7/S7HK31AX/HOBJECT1.DBF,6670,6505D4690FA9037B3C26A71CA5843309AA5109CFCC499339FACC06A8F91B40C3
Factory C/SSV_C_FA/SSV_HV_1/hOmSave7/S7HK31AX/HOBJECT1.MDX,4096,890196BCC08DCC41935EA160FE523513B47CB5D12D4891F4F5564E79E4B81163
Factory C/SSV_C_FA/SSV_HV_1/hOmSave7/S7HK31AX/HRELATI1.DBF,10554,7015FF950756EB25F92BD673D0E6A4A7AD0AF3E4023DF507DEAC953A1D68B3E4
Factory C/SSV_C_FA/SSV_HV_1/hOmSave7/S7HK31AX/HRELATI1.MDX,24576,FB3A57F4EAD760B1F974BE54F9ABC43B2E54856B4B843AF4D85D90CAB93F434D
Factory C/SSV_C_FA/SSV_HV_1/hOmSave7/s7hk32ax/HATTARY1.DBF,1239,FB9E3A119AF9C2B298C2B325C7FC5C5A224C1283C781152D77D060AD71F36B47
Factory C/SSV_C_FA/SSV_HV_1/hOmSave7/s7hk32ax/HATTARY1.DBT,10240,3D730BF56E4594A64827B4C2B4258A75A710882883E34BCAE6FDF95C0C00C2A4
Factory C/SSV_C_FA/SSV_HV_1/hOmSave7/s7hk32ax/HATTARY1.MDX,4096,C766AB2FC0D21D01715A42BDA659E0B8C053D1F1038D96BE436CF66F9CE11C39
Factory C/SSV_C_FA/SSV_HV_1/hOmSave7/s7hk32ax/HATTRIB1.DBF,24166,B77A968C563CC1701F639B75F059E5D85F8A100E5164D872ADFB5ABE77431F13
Factory C/SSV_C_FA/SSV_HV_1/hOmSave7/s7hk32ax/HATTRIB1.MDX,11264,92B639C070E2BED86436BB058D39CE762C8989024D8F4C7B3457248A4D61EEAD
Factory C/SSV_C_FA/SSV_HV_1/hOmSave7/s7hk32ax/HATTRME1.DBF,3506,EDA5E105C0ACC09B06DF4294DDAB40C6E56B73613331F96DABDD46989E553341
Factory C/SSV_C_FA/SSV_HV_1/hOmSave7/s7hk32ax/HATTRME1.DBT,39424,935422EEF626FC48752E245109334AF5DFEE0BA49F981D0A1CB1AAEC0B200A9A
Factory C/SSV_C_FA/SSV_HV_1/hOmSave7/s7hk32ax/HATTRME1.MDX,11264,FBD8CFEB060A803421D15BE467F5E33BA8CAF2CC52B3FD08ECABAD998CA7355C
Factory C/SSV_C_FA/SSV_HV_1/hOmSave7/s7hk32ax/HLASTID2.DBF,336,098DE7212AE4F6987C7067A15A43FAF6F21CE7E2851713FE7E45CFBCD637121B
Factory C/SSV_C_FA/SSV_HV_1/hOmSave7/s7hk32ax/hLockID1,0,E3B0C44298FC1C149AFBF4C8996FB92427AE41E4649B934CA495991B7852B855
Factory C/SSV_C_FA/SSV_HV_1/hOmSave7/s7hk32ax/HOBJECT1.DBF,10205,DF42493652D6DAF76EDD905DBBB59A0620B651A58059B9ACB163D969A5508BE1
Factory C/SSV_C_FA/SSV_HV_1/hOmSave7/s7hk32ax/HOBJECT1.MDX,4096,64D450F878D14BC83E0640EFA3159E99B9C9FFED717271E3AC8DBFA6DF9AF41D
Factory C/SSV_C_FA/SSV_HV_1/hOmSave7/s7hk32ax/HRELATI1.DBF,3222,B881E5847B440052476691D8215EEB1EC7B92E27E7C7192D2727C98577F55C48
Factory C/SSV_C_FA/SSV_HV_1/hOmSave7/s7hk32ax/HRELATI1.MDX,10240,F9B380C645D8E79B980B03896BF911C5934F072A938317FA161682B21A501760
Factory C/SSV_C_FA/SSV_HV_1/hOmSave7/s7hk32bx/HATTARY1.DBF,854,01D349AB0A2C0E3F9DFE31950A13F25766F9C7B0149BB1EF420A892B0B78B623
Factory C/SSV_C_FA/SSV_HV_1/hOmSave7/s7hk32bx/HATTARY1.DBT,6656,93FBD48C79CDF269A7DB285E91B5FAB6E5583077B78D568747B715D1B28D7A7B
Factory C/SSV_C_FA/SSV_HV_1/hOmSave7/s7hk32bx/HATTARY1.MDX,4096,18EFF3593EE055FC4C4A1A68D300D5A15C4CAB60E25A85A397B56E86D2F95B27
Factory C/SSV_C_FA/SSV_HV_1/hOmSave7/s7hk32bx/HATTRIB1.DBF,15346,1C87F4D8CD7BBEFB3E552FC34BA0D5B287E588FCE9A8D947D14667F905F81000
Factory C/SSV_C_FA/SSV_HV_1/hOmSave7/s7hk32bx/HATTRIB1.MDX,8192,1482046A2FEE0676B70CD46EC071866114673650A98310ABAA9944677C4E2957
Factory C/SSV_C_FA/SSV_HV_1/hOmSave7/s7hk32bx/HATTRME1.DBF,2274,505E180DAE8EC223A32C47D63352E8708B938F5E7ECE363B81BBDE6AB32ACF28
Factory C/SSV_C_FA/SSV_HV_1/hOmSave7/s7hk32bx/HATTRME1.DBT,25088,D18C9AC9559C90062A41E51E03021F52359F821648CAD2293C1B7AD34ABE0CE9
Factory C/SSV_C_FA/SSV_HV_1/hOmSave7/s7hk32bx/HATTRME1.MDX,8192,A99DDDDC908422B40E01A4851FBFD51ABB801FDDA8803BCB12E08CF74E5ACFD2
Factory C/SSV_C_FA/SSV_HV_1/hOmSave7/s7hk32bx/HLASTID2.DBF,336,E78A12CD84E267C2330EFDF8960564AED74C241DE9439ED9E1532B6D3E08F533
Factory C/SSV_C_FA/SSV_HV_1/hOmSave7/s7hk32bx/hLockID1,0,E3B0C44298FC1C149AFBF4C8996FB92427AE41E4649B934CA495991B7852B855
Factory C/SSV_C_FA/SSV_HV_1/hOmSave7/s7hk32bx/HOBJECT1.DBF,6670,8A8A9D8935176D8F760016B7DBA03618FA1F380F2EEEF2F3C444F9B9432D7A37
Factory C/SSV_C_FA/SSV_HV_1/hOmSave7/s7hk32bx/HOBJECT1.MDX,4096,D5E4FE986630959B1C76013431317A7926B62217B99D8965BEAFF9F91376818D
Factory C/SSV_C_FA/SSV_HV_1/hOmSave7/s7hk32bx/HRELATI1.DBF,2130,3AB49F95B73E39D33C4B80105500285EFD46564CD948F23C01F892D1E0DC9A29
Factory C/SSV_C_FA/SSV_HV_1/hOmSave7/s7hk32bx/HRELATI1.MDX,8192,F9CAF5962999953B9F3C010CAD82F01CFF8EEC0B66800E82BE3CBCF721073766
Factory C/SSV_C_FA/SSV_HV_1/hOmSave7/s7hk33ax/HATTARY1.DBF,5144,4F06CAED9EED83D053F56D6164AD87353890C8B37A88E038EDE56D70466FB5EC
Factory C/SSV_C_FA/SSV_HV_1/hOmSave7/s7hk33ax/HATTARY1.DBT,46592,BD6DA3E5188AD3CAD96818961FD31CA2BB28406BF41BD8D4F512572E88137855
Factory C/SSV_C_FA/SSV_HV_1/hOmSave7/s7hk33ax/HATTARY1.MDX,6144,A4BA289A92E160E72CD4E9A2393C4D7F840EFBFD7C3174BCBE087A5D762F06A2
Factory C/SSV_C_FA/SSV_HV_1/hOmSave7/s7hk33ax/HATTRIB1.DBF,113626,429FA88BB9ABBC1B0367FAC2D640D821A81560B219567C92093AB6242EE2B906
Factory C/SSV_C_FA/SSV_HV_1/hOmSave7/s7hk33ax/HATTRIB1.MDX,25600,0AD711E54F0D59ED8FE2243DDE5464DE1610E59D9727EA66AF5D901E9F942894
Factory C/SSV_C_FA/SSV_HV_1/hOmSave7/s7hk33ax/HATTRME1.DBF,19170,590B0FA37F60A1659CA2DC3AD93B8E3966DB93534F43AF94AAB6BF3639AE15C8
Factory C/SSV_C_FA/SSV_HV_1/hOmSave7/s7hk33ax/HATTRME1.DBT,221696,E2AAC9413292C59B9679B4B05A5A18AB4673F1A3BC4A4CB08BA0F93CE5FFC7C6
Factory C/SSV_C_FA/SSV_HV_1/hOmSave7/s7hk33ax/HATTRME1.MDX,28672,2A3C9F825FBB3E0DE5C13C88412B2D5D265765F852F6751BF07ED2777EFEE70C
Factory C/SSV_C_FA/SSV_HV_1/hOmSave7/s7hk33ax/HLASTID2.DBF,336,44D1E1AB28E6DC6F800166B6042496C67BDB653A07DCB79FF91C20D969EE9394
Factory C/SSV_C_FA/SSV_HV_1/hOmSave7/s7hk33ax/hLockID1,0,E3B0C44298FC1C149AFBF4C8996FB92427AE41E4649B934CA495991B7852B855
Factory C/SSV_C_FA/SSV_HV_1/hOmSave7/s7hk33ax/HOBJECT1.DBF,46060,1EAF0E44FDA7303E70B9FCA15051F1472D4C8E1845F434246CE6C88CBD7EE1E7
Factory C/SSV_C_FA/SSV_HV_1/hOmSave7/s7hk33ax/HOBJECT1.MDX,6144,D68C1AF3A117BF48FE1842EB3E4A26D0377C7A0E7DCD1145CE3FDCD07496F07A
Factory C/SSV_C_FA/SSV_HV_1/hOmSave7/s7hk33ax/HRELATI1.DBF,14298,8E4E085FE23E0E9FA4E48F3FBCEB5DD136E1FBD8F3DC90433C3D284FB34EA7D0
Factory C/SSV_C_FA/SSV_HV_1/hOmSave7/s7hk33ax/HRELATI1.MDX,22528,CF25F0E56945ABB13A1D31AA4D539AD5AC1564216965F02531459F90121B69F6
Factory C/SSV_C_FA/SSV_HV_1/hOmSave7/s7hk33cx/HATTARY1.DBF,5309,41E5D52D68F33B8A932F5D46A98BFAA4D71C631FD0AFF912A457251CFF8C9C21
Factory C/SSV_C_FA/SSV_HV_1/hOmSave7/s7hk33cx/HATTARY1.DBT,48128,C4A6D88F866F4176592FC9439D5EB014C67CFCDA360F86866703F2C7E60670B9
Factory C/SSV_C_FA/SSV_HV_1/hOmSave7/s7hk33cx/HATTARY1.MDX,6144,E7EC3DA49A38BDCCBCD56F3F5110166CEFAC7B42D626A96FC16A1258B9858BE2
Factory C/SSV_C_FA/SSV_HV_1/hOmSave7/s7hk33cx/HATTRIB1.DBF,117406,2E03BF3756F2EF19C821B3691D6E2579C79CE1802E78112DFD8308806CE991FB
Factory C/SSV_C_FA/SSV_HV_1/hOmSave7/s7hk33cx/HATTRIB1.MDX,34816,65BFD1BBFFAF9404A6795106F81D3B61EFD57D54521D6B6C46BD7D3ED8DD4782
Factory C/SSV_C_FA/SSV_HV_1/hOmSave7/s7hk33cx/HATTRME1.DBF,20182,5DEC426F1D1E67F06930A3826F1E635530A145134AFDE72C7FA4B1A6F16E51A1
Factory C/SSV_C_FA/SSV_HV_1/hOmSave7/s7hk33cx/HATTRME1.DBT,233472,8FE3F7921AEA0A0858E1726882BA1FDFAB2BEB195E929E047CEDAF1CCC870BBA
Factory C/SSV_C_FA/SSV_HV_1/hOmSave7/s7hk33cx/HATTRME1.MDX,39936,A0CEF09A211075F3BC6FBE9487A452314EBC350A5B8B36DF036B8220CF761C35
Factory C/SSV_C_FA/SSV_HV_1/hOmSave7/s7hk33cx/HLASTID2.DBF,336,D5C6AFA49D99ACFE0B0A498E0EFD4ED3A5C0FA1A0BDAAB0956FFD8C5EC102E88
Factory C/SSV_C_FA/SSV_HV_1/hOmSave7/s7hk33cx/hLockID1,0,E3B0C44298FC1C149AFBF4C8996FB92427AE41E4649B934CA495991B7852B855
Factory C/SSV_C_FA/SSV_HV_1/hOmSave7/s7hk33cx/HOBJECT1.DBF,47575,90892D34209979F1F6C1679576262E4B9E49FA3223D2B34489DD5BA069AFC7FC
Factory C/SSV_C_FA/SSV_HV_1/hOmSave7/s7hk33cx/HOBJECT1.MDX,6144,2DC85D2920DB8A7439E2FBB380134C74C7F4FF1752550DE4F5A6F30A1870E46B
Factory C/SSV_C_FA/SSV_HV_1/hOmSave7/s7hk33cx/HRELATI1.DBF,14766,8B6C2B0701673D6EBA29AABF4FBA441EAD679AF4379F021B55A0215F73AC4180
Factory C/SSV_C_FA/SSV_HV_1/hOmSave7/s7hk33cx/HRELATI1.MDX,32768,63A40520E005B5C8CD126E441900A607AA2BBD6D9F1ACD0EE304040BE6B69AF5
Factory C/SSV_C_FA/SSV_HV_1/hOmSave7/s7hkdmax/HATTARY1.DBF,854,D28CE5B978E7E15ED48090DBF27720FADB1A23A19F64F3653F55CE265C1469CE
Factory C/SSV_C_FA/SSV_HV_1/hOmSave7/s7hkdmax/HATTARY1.DBT,6656,C1ACCE4F5E190D278467685DE9762DCDF2D3BCD62A2EC093B89293D9532B2857
Factory C/SSV_C_FA/SSV_HV_1/hOmSave7/s7hkdmax/HATTARY1.MDX,4096,B498006E10D9AE4554ECAD75570A1CC95A097C0AB0BC15C65F5DDDC7D57940A4
Factory C/SSV_C_FA/SSV_HV_1/hOmSave7/s7hkdmax/HATTRIB1.DBF,15346,4E4A03336BA00C0D26742D8510FE97A4E39F7C4130303BEF93C962E4EE027813
Factory C/SSV_C_FA/SSV_HV_1/hOmSave7/s7hkdmax/HATTRIB1.MDX,8192,669C71F4B4455529477312905E80B8812DAFBF65141E5BC6D55936CB0B564198
Factory C/SSV_C_FA/SSV_HV_1/hOmSave7/s7hkdmax/HATTRME1.DBF,2274,2FA556E086943D9088D51ECD281ED6127F266592385C3C808BD91B17946F37E4
Factory C/SSV_C_FA/SSV_HV_1/hOmSave7/s7hkdmax/HATTRME1.DBT,25088,8AE8777442C7A8C62D05291E27F52EACA9002D7D21CFF9D8C4DE9517046E1B5F
Factory C/SSV_C_FA/SSV_HV_1/hOmSave7/s7hkdmax/HATTRME1.MDX,8192,F798A5F9DFBBFB1BE36C109FB19BC87A6283930C15A55D43C005D1192A54C6DF
Factory C/SSV_C_FA/SSV_HV_1/hOmSave7/s7hkdmax/HLASTID2.DBF,336,C212B61B6AA928CD95956ADEB0515F45DB2038C13CC6B0BDCAA4212D2A9060CF
Factory C/SSV_C_FA/SSV_HV_1/hOmSave7/s7hkdmax/hLockID1,0,E3B0C44298FC1C149AFBF4C8996FB92427AE41E4649B934CA495991B7852B855
Factory C/SSV_C_FA/SSV_HV_1/hOmSave7/s7hkdmax/HOBJECT1.DBF,6670,DBE4FD18CB3480A2180EA73C653A89CA4ACCB00730869F65953AEBA3F5CB2260
Factory C/SSV_C_FA/SSV_HV_1/hOmSave7/s7hkdmax/HOBJECT1.MDX,4096,890196BCC08DCC41935EA160FE523513B47CB5D12D4891F4F5564E79E4B81163
Factory C/SSV_C_FA/SSV_HV_1/hOmSave7/s7hkdmax/HRELATI1.DBF,4080,4C8CD2F10051C9B38E97F5433677C635DA3BBE2241743584F06924243B9B67E5
Factory C/SSV_C_FA/SSV_HV_1/hOmSave7/s7hkdmax/HRELATI1.MDX,11264,4F47601B499CD7723A329ACDF97DB45AA1BE272FCDD0649FB0C65CF03E24ED13
Factory C/SSV_C_FA/SSV_HV_1/hOmSave7/s7hsl7ax/HATTARY1.DBF,1514,FB6C72DEC01FBEBC47CE73CD08021882B20ECE9C8473B8C82B5376AD40091F91
Factory C/SSV_C_FA/SSV_HV_1/hOmSave7/s7hsl7ax/HATTARY1.DBT,12800,37AF16F4F53FAE97563DA2B3A8AD51309AE4F9983FD5FA7E15DC3F5EFAF174D7
Factory C/SSV_C_FA/SSV_HV_1/hOmSave7/s7hsl7ax/HATTARY1.MDX,4096,31235929090D200B4050AE5CE94A2ECDCD36C70054DA520AD075B805F31F7DE4
Factory C/SSV_C_FA/SSV_HV_1/hOmSave7/s7hsl7ax/HATTRIB1.DBF,68266,AE384E088B50ABF74C9D4CD7DF7A94354A4422996E5B0507CB738C18A6550772
Factory C/SSV_C_FA/SSV_HV_1/hOmSave7/s7hsl7ax/HATTRIB1.MDX,23552,CB6CA5292939FEB1F180CB187F169879CDC90366ED80AB32682363C7646D23C8
Factory C/SSV_C_FA/SSV_HV_1/hOmSave7/s7hsl7ax/HATTRME1.DBF,4386,6ADEA67A80C4F2ABC13AF40FCF18C24BE483AE58747FC38C6913AA04384E5442
Factory C/SSV_C_FA/SSV_HV_1/hOmSave7/s7hsl7ax/HATTRME1.DBT,61952,E7A1220D4D3A74D3C47FEB98274584B90CFEAF06449D853EFA7E9E41688885C9
Factory C/SSV_C_FA/SSV_HV_1/hOmSave7/s7hsl7ax/HATTRME1.MDX,14336,97E63A05413F4E4142558CAC181D9CF1A56B380F1B1D66ED8752A8E6685C5823
Factory C/SSV_C_FA/SSV_HV_1/hOmSave7/s7hsl7ax/HLASTID2.DBF,336,B94E574430ACE671956ADF08EAD53C32F36714E78972A52F42B41EFDAE87F0E8
Factory C/SSV_C_FA/SSV_HV_1/hOmSave7/s7hsl7ax/hLockID1,0,E3B0C44298FC1C149AFBF4C8996FB92427AE41E4649B934CA495991B7852B855
Factory C/SSV_C_FA/SSV_HV_1/hOmSave7/s7hsl7ax/HOBJECT1.DBF,12730,565F37AF6BDF4C6D54D017217A5BB9C6325983E51D9DCEAE26F2157124B9EB74
Factory C/SSV_C_FA/SSV_HV_1/hOmSave7/s7hsl7ax/HOBJECT1.MDX,4096,FD17315F1A4EEAF2326EE2D61AA9E043EAC3BDC0D9FFF6B8CAB599E0190C4735
Factory C/SSV_C_FA/SSV_HV_1/hOmSave7/s7hsl7ax/HRELATI1.DBF,24282,B076F3ECD7DECDAD2272B6B1BCABFB9F95EC91823C7EEB06556F3B0CF14077B9
Factory C/SSV_C_FA/SSV_HV_1/hOmSave7/s7hsl7ax/HRELATI1.MDX,47104,731208F056907DC93F5FBA8BB2733B357753EDCD0582C554DDBEEDEBDFE30AC1
Factory C/SSV_C_FA/SSV_HV_1/hOmSave7/s7hss30x/HATTARY1.DBF,2834,A48BDC16431F5F7717D7E14D374E140B681532E1403A410EDEFDC998BB32BE3C
Factory C/SSV_C_FA/SSV_HV_1/hOmSave7/s7hss30x/HATTARY1.DBT,25088,B361FD3D715B447B4A90200B270FD4AD9ACAFD6FD054FD176C8259D2C4FCB22F
Factory C/SSV_C_FA/SSV_HV_1/hOmSave7/s7hss30x/HATTARY1.MDX,4096,F4D55ED6CFC34003A22BA92242C1CF15073727BDA4D76D0DA783B72C9832F730
Factory C/SSV_C_FA/SSV_HV_1/hOmSave7/s7hss30x/HATTRIB1.DBF,49366,34024A235BA7A9CE51C894DB4098E7D8B59600727A380AA69AC2264B20DD8B1E
Factory C/SSV_C_FA/SSV_HV_1/hOmSave7/s7hss30x/HATTRIB1.MDX,18432,12207807A61AFE6D49AAC0A0881D13ABDE461E17888609A6CA1173BF1EA7D3E9
Factory C/SSV_C_FA/SSV_HV_1/hOmSave7/s7hss30x/HATTRME1.DBF,690,F884520905445EF3A6C323A03A7488122F8F62F5800B9C68E7444B1CE9EB61C7
Factory C/SSV_C_FA/SSV_HV_1/hOmSave7/s7hss30x/HATTRME1.DBT,6656,E168132292CA799C88617C55DE9C94D62DA798250FC5F073F01227157B3DECF2
Factory C/SSV_C_FA/SSV_HV_1/hOmSave7/s7hss30x/HATTRME1.MDX,6144,29B6732DE26D455986C53E6B751E4F0E744D2FC877F9DE007B8D7DAF2D5C37B0
Factory C/SSV_C_FA/SSV_HV_1/hOmSave7/s7hss30x/HLASTID2.DBF,336,188111F7FD64D198F5890EC7BD6D62B8C9DB43BCA97D1D733F9231B34657C790
Factory C/SSV_C_FA/SSV_HV_1/hOmSave7/s7hss30x/hLockID1,0,E3B0C44298FC1C149AFBF4C8996FB92427AE41E4649B934CA495991B7852B855
Factory C/SSV_C_FA/SSV_HV_1/hOmSave7/s7hss30x/HOBJECT1.DBF,24850,6008C46159738A3B478B5A0B69A52943ED7A104B1258E08019D3682E8A15344B
Factory C/SSV_C_FA/SSV_HV_1/hOmSave7/s7hss30x/HOBJECT1.MDX,4096,263896C49D6FFBECD00B4CBE7EF0A4201F99D5CD0BEB96829B892902BA641B5D
Factory C/SSV_C_FA/SSV_HV_1/hOmSave7/s7hss30x/HRELATI1.DBF,33486,8DA527D8CEC3C49F86D2757E6779B2BA4DF2817450F3B503895D83CC24D517DA
Factory C/SSV_C_FA/SSV_HV_1/hOmSave7/s7hss30x/HRELATI1.MDX,67584,63F1E0A82C31B821F7EC090ACAEB64856FBB2B4DBF7E71DEF60F7CD219477C1A
Factory C/SSV_C_FA/SSV_HV_1/hOmSave7/s7hssiox/HATTARY1.DBF,1514,14CE824DD2D11AF5D6BC168C451B3190A5DF0B511E4990F7A84D493C0D808B42
Factory C/SSV_C_FA/SSV_HV_1/hOmSave7/s7hssiox/HATTARY1.DBT,12800,F05CC08F0BBD04568F2A7659148E5B65E9C381884232DB002621AFD57F537141
Factory C/SSV_C_FA/SSV_HV_1/hOmSave7/s7hssiox/HATTARY1.MDX,4096,FFB65B0596F2A1C5F068FC5478AC1C5A6AE76E6FA34F89D68FC4DDA14B2E6426
Factory C/SSV_C_FA/SSV_HV_1/hOmSave7/s7hssiox/HATTRIB1.DBF,57556,272FAD7B40E8CC09127614D276E805173151BA4BC840CCDF8EBC02C923FFDFAB
Factory C/SSV_C_FA/SSV_HV_1/hOmSave7/s7hssiox/HATTRIB1.MDX,20480,29B42A2BE3112C389342E6EF71C9DCE144F5E834F1901CA2F4C2A81D4DE3449D
Factory C/SSV_C_FA/SSV_HV_1/hOmSave7/s7hssiox/HATTRME1.DBF,2230,DF07B531898204066506F694A33EB0BFC04B7775F3CC580996B42697DCE547F9
Factory C/SSV_C_FA/SSV_HV_1/hOmSave7/s7hssiox/HATTRME1.DBT,24576,EA4830A0BE44D13652163FA97411D2F92E1D53CA1BD3A1DD7DC22FD149C0CC47
Factory C/SSV_C_FA/SSV_HV_1/hOmSave7/s7hssiox/HATTRME1.MDX,8192,4099C4227370BC39EA981B1AB258FC7B859FA690D35C06C3A25882DAC9BB3DB7
Factory C/SSV_C_FA/SSV_HV_1/hOmSave7/s7hssiox/HLASTID2.DBF,336,C6B81F6841C3D8B420401745E30BFE4FD16B09B2CDBCA1EC0F956B7625EF06C5
Factory C/SSV_C_FA/SSV_HV_1/hOmSave7/s7hssiox/hLockID1,0,E3B0C44298FC1C149AFBF4C8996FB92427AE41E4649B934CA495991B7852B855
Factory C/SSV_C_FA/SSV_HV_1/hOmSave7/s7hssiox/HOBJECT1.DBF,12730,F955ED994DFF53E47C50215813F816C3AA91A2E15357D2A4A5CC5493EEF51957
Factory C/SSV_C_FA/SSV_HV_1/hOmSave7/s7hssiox/HOBJECT1.MDX,4096,72BB51C26727C23AE2ECD806D342E0FC11E74E6D3A178A47D0814ECB41C2B9EB
Factory C/SSV_C_FA/SSV_HV_1/hOmSave7/s7hssiox/HRELATI1.DBF,8682,973324DE3EC5FCDE259E2871E99FEE08EA1225A54364930986337CDBD8B71F63
Factory C/SSV_C_FA/SSV_HV_1/hOmSave7/s7hssiox/HRELATI1.MDX,21504,129361335AFCB3B67B80915FB464C5FFBFA739D0E6CBA86C3337CB6941FDC49B
Factory C/SSV_C_FA/SSV_HV_1/hOmSave7/s7hstatx/13.s7h,9933,8865CF77060D23282DF6A81D6AB8C759EAFE3E29AF23004E3EE41E30D414E701
Factory C/SSV_C_FA/SSV_HV_1/hOmSave7/s7hstatx/16.s7h,10018,335A9BC59E77A030B3033CC2327881E9B6BCD744A8B9ABD037D6C51DD8B0E7A9
Factory C/SSV_C_FA/SSV_HV_1/hOmSave7/s7hstatx/19.s7h,4193,7C8DA62A25F4F821448F1DF245BAC1CC275D89D93755CF5CC3C2E159550E968C
Factory C/SSV_C_FA/SSV_HV_1/hOmSave7/s7hstatx/1d.s7h,9933,D05B0B3196036A3F5666F489E83DFF15D9ED69AA1363BDBB2466942F2247B713
Factory C/SSV_C_FA/SSV_HV_1/hOmSave7/s7hstatx/20.s7h,12750,716F982E13B4F84F203687D1969959E77C080A9893C3033848B386B753BABDCD
Factory C/SSV_C_FA/SSV_HV_1/hOmSave7/s7hstatx/d.s7h,9914,23AE8D249DB04637B4BD77477D8E09555C1C4190ACF925FA09956AF57C0020C5
Factory C/SSV_C_FA/SSV_HV_1/hOmSave7/s7hstatx/HADDRES3.DBF,2322,A3F749E16EFBB992A30057ACD9ACA62E260A720C140EBB9E758E681098D46ECE
Factory C/SSV_C_FA/SSV_HV_1/hOmSave7/s7hstatx/HADDRES3.DBT,18432,D51682CC73F31EE2D0E436595EE30CF029F041BFDCFBE97306DE8063FDD4A574
Factory C/SSV_C_FA/SSV_HV_1/hOmSave7/s7hstatx/HADDRES3.MDX,4096,DB8791890071C77338443D6E5E1BA35AB7918ABE63D9C89649BCEC5EAF00D06F
Factory C/SSV_C_FA/SSV_HV_1/hOmSave7/s7hstatx/HATTARY1.DBF,2174,88EFAFB1D69D55FBD2D73C161FE468776B09595602E3F923F6ABCD7337748FAF
Factory C/SSV_C_FA/SSV_HV_1/hOmSave7/s7hstatx/HATTARY1.DBT,18944,52639C5E0275DADF1B6F4D3923ABDDF531F41D73FB3247B93B45EB70B139354E
Factory C/SSV_C_FA/SSV_HV_1/hOmSave7/s7hstatx/HATTARY1.MDX,4096,50B6FFB27246591F5A2098DEF3D05A3E50E068C08CF575A28FB05733CB48E8B3
Factory C/SSV_C_FA/SSV_HV_1/hOmSave7/s7hstatx/HATTRIB1.DBF,38026,6D4E61577E7F0118A706234D9EA3D3B6503700E9C708BD1BDE8505CD5A256A6C
Factory C/SSV_C_FA/SSV_HV_1/hOmSave7/s7hstatx/HATTRIB1.MDX,15360,40EC0CC1DA5BF6E81B93967E76BD2D472EF192FD30309E68FBFE196AE588EECD
Factory C/SSV_C_FA/SSV_HV_1/hOmSave7/s7hstatx/HATTRME1.DBF,3858,DC00712C721A5C3DED263DDEF1F40503959ABCBCE84B623B11FDEF0D4CD0419A
Factory C/SSV_C_FA/SSV_HV_1/hOmSave7/s7hstatx/HATTRME1.DBT,43520,DAC0984828D314C1DEF480514E30AA340435C6B5AC8B1B6F0E91DB529FDBF8F5
Factory C/SSV_C_FA/SSV_HV_1/hOmSave7/s7hstatx/HATTRME1.MDX,12288,0F7407CEC82867F1AC9BED46EAC31D1056D02415E3B4806110EEA33CF0510115
Factory C/SSV_C_FA/SSV_HV_1/hOmSave7/s7hstatx/HLASTID2.DBF,336,D1F811F23A32B0C59C91A9993295D2B0A7427D6F5CEF7C9F8726416A39A6DFF0
Factory C/SSV_C_FA/SSV_HV_1/hOmSave7/s7hstatx/hLockID1,0,E3B0C44298FC1C149AFBF4C8996FB92427AE41E4649B934CA495991B7852B855
Factory C/SSV_C_FA/SSV_HV_1/hOmSave7/s7hstatx/HOBJECT1.DBF,18790,C5876F7DDD2D9FD42342147BA3B0EAC0D1AD75FD0EA9D0B77872AEB374F05639
Factory C/SSV_C_FA/SSV_HV_1/hOmSave7/s7hstatx/HOBJECT1.MDX,4096,ABB4F318C9E13E6A7EDF15ED15381A86093842EEE8977BF0A3C698C01651094D
Factory C/SSV_C_FA/SSV_HV_1/hOmSave7/s7hstatx/HRELATI1.DBF,16248,E65D3ACF7DD5E291DF064FF4002A2A74BBDE9778DD7CA78E321794FF22397450
Factory C/SSV_C_FA/SSV_HV_1/hOmSave7/s7hstatx/HRELATI1.MDX,36864,831BFF5213950FB104F79A3E6487157707A2352678A0D0BC6DC0D8ECA8A56C91
Factory C/SSV_C_FA/SSV_HV_1/hrs/GNRESOFF.DBF,14930,C7AEEAB1AF174E34E69743FD7323B88336B71EB914DD9DE8FD15D05B189B10EA
Factory C/SSV_C_FA/SSV_HV_1/hrs/GNRESOFF.MDX,4096,B7622740A17BE67B4A6D039B5CBB65AB61B3D12AB9C74EDAD1A0A9AA0FE415F9
Factory C/SSV_C_FA/SSV_HV_1/hrs/lastrgf.res,4,17FA9C7F5E9039A2D46E73E17D8E094A796EE4C313199BAD42DB4EE1DC30D865
Factory C/SSV_C_FA/SSV_HV_1/hrs/lastrsf.res,4,43C66C260828C9839F26474151DB105481FF92F5E01377F75389D4CE3D2DD574
Factory C/SSV_C_FA/SSV_HV_1/hrs/lastrsn.res,4,28276425D45829D4E6F5E18AEFBF1F62862F07260A904532FB6E2106DEC973E6
Factory C/SSV_C_FA/SSV_HV_1/hrs/linkhrs.lnk,36352,9C51DE1D33A6B1F78B62BB49680A5AF74D1E274223C2C2FA7D756AB871F96728
Factory C/SSV_C_FA/SSV_HV_1/hrs/rgflock.res,0,E3B0C44298FC1C149AFBF4C8996FB92427AE41E4649B934CA495991B7852B855
Factory C/SSV_C_FA/SSV_HV_1/hrs/rsflock.res,0,E3B0C44298FC1C149AFBF4C8996FB92427AE41E4649B934CA495991B7852B855
Factory C/SSV_C_FA/SSV_HV_1/hrs/rsnlock.res,0,E3B0C44298FC1C149AFBF4C8996FB92427AE41E4649B934CA495991B7852B855
Factory C/SSV_C_FA/SSV_HV_1/hrs/S7RESOFF.DBF,7802,C997DC20B4D8D20E1D15B32EE32DB208067BB013CCC8065E4A854DF929C7F40D
Factory C/SSV_C_FA/SSV_HV_1/hrs/S7RESOFF.MDX,4096,F9EB501CC45DAEB21FD5F2DE0E47E461B52E40DDD94A61492B165FA89DB362F0
Factory C/SSV_C_FA/SSV_HV_1/hrs/S7RESONL.DBF,21726,FD31A9D67AA52EB1BC160BC747F537442FF8AE41196A14A1975DB61D3F3D6AE1
Factory C/SSV_C_FA/SSV_HV_1/hrs/S7RESONL.MDX,4096,7EDBAB5883145FBC4A6EC638B79CF3E0529798E7ABDAE21AFEC5528EDA27A943
Factory C/SSV_C_FA/SSV_HV_1/link.lnk,1536,A94C7C5F44CD13EDBAA32AFFA55B21E8DC4D1391F291F6366F0ECD3D295FC8BF
Factory C/SSV_C_FA/SSV_HV_1/meldeom/meldvers.dat,4,67ABDD721024F0FF4E0B3F4C2FC13BC5BAD42D0B7851D456D88D203D15AAA450
Factory C/SSV_C_FA/SSV_HV_1/meldeom/TEXTLNK.DBF,336,69FBE6A4EBF91141375EAAAD278CA5246E3B7A381FD215D0FDD5699B6DAED8AF
Factory C/SSV_C_FA/SSV_HV_1/meldeom/TEXTLNK.MDX,12288,4DDCB36E3EF883F9388E179DB01586D71BC6252D872665921940E84E3ECA5E63
Factory C/SSV_C_FA/SSV_HV_1/meldeom/TEXTOM.DBF,872,899DC6AC0CD8C8757480FD75F92C9B60B2D01A43FA7FED2578457269A5BB6043
Factory C/SSV_C_FA/SSV_HV_1/meldeom/TEXTOM.DBT,1024,049959095FAF379CEBE7A39EDAB3872646789986529F89AC0DC669C71394CEB5
Factory C/SSV_C_FA/SSV_HV_1/meldeom/textom.hid,4,67ABDD721024F0FF4E0B3F4C2FC13BC5BAD42D0B7851D456D88D203D15AAA450
Factory C/SSV_C_FA/SSV_HV_1/meldeom/textom.lck,0,E3B0C44298FC1C149AFBF4C8996FB92427AE41E4649B934CA495991B7852B855
Factory C/SSV_C_FA/SSV_HV_1/meldeom/TEXTOM.MDX,8192,5C68DBFEB5E63D2956A5CDBD449FE1E9A39607683B8BD34C98D442071A4D21D5
Factory C/SSV_C_FA/SSV_HV_1/ombstx/offline/00000001/BAUSTEIN.DBF,13278,7052627415128DA15918972608F0935C80898A458C73C833F0CF363BB682B4B3
Factory C/SSV_C_FA/SSV_HV_1/ombstx/offline/00000001/BAUSTEIN.DBT,72192,7ECAAF05D371C574B30353E9F367B3EBA916C5A521A1AF211B7C2923D556EC22
Factory C/SSV_C_FA/SSV_HV_1/ombstx/offline/00000001/baustein.id,4,4C15C9849B70C65C12734B218EE591CE9FE8E74D78D53B832160B8A24E8D11B2
Factory C/SSV_C_FA/SSV_HV_1/ombstx/offline/00000001/baustein.lck,0,E3B0C44298FC1C149AFBF4C8996FB92427AE41E4649B934CA495991B7852B855
Factory C/SSV_C_FA/SSV_HV_1/ombstx/offline/00000001/BAUSTEIN.MDX,13312,EB205E3B99F58F6FDE788FD0B942817A78847CF4C4A8CDAF242F269B2B1804CF
Factory C/SSV_C_FA/SSV_HV_1/ombstx/offline/00000001/links.lnk,1024,6717A25028AE0BEEF54BA72172CC4B4FCBE0738DA1731C64C09F2943C78369FC
Factory C/SSV_C_FA/SSV_HV_1/ombstx/offline/00000001/SUBBLK.DBF,27714,A52B65A1C27D446C4C604275B44BB7C4A8EF73B61852837460C6799CD494F4E8
Factory C/SSV_C_FA/SSV_HV_1/ombstx/offline/00000001/SUBBLK.DBT,334848,976D6D234443837438F75BA7A2A3461C2D36AB748FBB31171DCDC453084CAC21
Factory C/SSV_C_FA/SSV_HV_1/ombstx/offline/00000001/usfapx.ini,0,E3B0C44298FC1C149AFBF4C8996FB92427AE41E4649B934CA495991B7852B855
Factory C/SSV_C_FA/SSV_HV_1/ombstx/offline/00000002/BAUSTEIN.DBF,15603,61C50FB290AB9983A64AED6C0205446D16EF2EEAA004B395DC981E7D6CB95237
Factory C/SSV_C_FA/SSV_HV_1/ombstx/offline/00000002/BAUSTEIN.DBT,84992,7222F1BC806F7A6F1B9E03D4F14CFF50637A13AE343DE90A403312FEAA76875F
Factory C/SSV_C_FA/SSV_HV_1/ombstx/offline/00000002/baustein.id,4,97D9E77242B7286D9CD95210158D544B3CEEFC01C7238788D5FD55550041D035
Factory C/SSV_C_FA/SSV_HV_1/ombstx/offline/00000002/baustein.lck,0,E3B0C44298FC1C149AFBF4C8996FB92427AE41E4649B934CA495991B7852B855
Factory C/SSV_C_FA/SSV_HV_1/ombstx/offline/00000002/BAUSTEIN.MDX,15360,69B119CB8437E95A800F627DB2219F0702D1B67D94D7FAD55A8B86CC0C363D94
Factory C/SSV_C_FA/SSV_HV_1/ombstx/offline/00000002/links.lnk,1024,AC901402CB140078FAE31135B2FE5ED2715933A5A552A7E61DF7002ABC222931
Factory C/SSV_C_FA/SSV_HV_1/ombstx/offline/00000002/SUBBLK.DBF,33666,CD9DBB222686C38DA87B538628D5107D15D21AABF59D90DE56A3ED823530AF5F
Factory C/SSV_C_FA/SSV_HV_1/ombstx/offline/00000002/SUBBLK.DBT,434688,4E8DD83E881C54BA803B257DE7350453054C6FBDC82B0AF56E0017DA19F299AD
Factory C/SSV_C_FA/SSV_HV_1/ombstx/offline/00000002/usfapx.ini,0,E3B0C44298FC1C149AFBF4C8996FB92427AE41E4649B934CA495991B7852B855
Factory C/SSV_C_FA/SSV_HV_1/ombstx/offline/00000003/BAUSTEIN.DBF,10674,00CB282A6AD3BD0EDE59A1957B92A664E0D202190B50E77870B282EB1ACD62D7
Factory C/SSV_C_FA/SSV_HV_1/ombstx/offline/00000003/BAUSTEIN.DBT,57856,DF6E40F1D06BAB7B287A0614ECDBE07301816DA89E46475E5D96E31475C4B51D
Factory C/SSV_C_FA/SSV_HV_1/ombstx/offline/00000003/baustein.id,4,CF229658C48010E335480598A86617FD0D65708F760CA38BE4DE22E12BD1871B
Factory C/SSV_C_FA/SSV_HV_1/ombstx/offline/00000003/baustein.lck,0,E3B0C44298FC1C149AFBF4C8996FB92427AE41E4649B934CA495991B7852B855
Factory C/SSV_C_FA/SSV_HV_1/ombstx/offline/00000003/BAUSTEIN.MDX,12288,8D55D80A50B44FC3AC0C08F3EF63A64E859A7C8A1F20065C9A2D92B1EB8F85F5
Factory C/SSV_C_FA/SSV_HV_1/ombstx/offline/00000003/links.lnk,1024,D553BC27C40954D043F7AB16E10C079D7580716BD8C4B226C12E3F9626115E28
Factory C/SSV_C_FA/SSV_HV_1/ombstx/offline/00000003/SUBBLK.DBF,22338,CBC05A5D2DBD387EDC59AFF2CD981A6BCE38E6873C7161053BD4DAB3636D2598
Factory C/SSV_C_FA/SSV_HV_1/ombstx/offline/00000003/SUBBLK.DBT,303104,A871DAE5BB10A6BEB6664E9D32827C0C815ACA4BCD217A514D69DC53F3FF433D
Factory C/SSV_C_FA/SSV_HV_1/ombstx/offline/00000003/usfapx.ini,0,E3B0C44298FC1C149AFBF4C8996FB92427AE41E4649B934CA495991B7852B855
Factory C/SSV_C_FA/SSV_HV_1/ombstx/offline/00000004/BAUSTEIN.DBF,10209,F59097595CA7CD60B29AEE9B5D546354974C0741BE2FAFADD7F92F883D68D021
Factory C/SSV_C_FA/SSV_HV_1/ombstx/offline/00000004/BAUSTEIN.DBT,55296,E175C1D3BCCBA401E9F6316A9EEBCCDAB9A7DB6623E2678205B66A9934DE6B76
Factory C/SSV_C_FA/SSV_HV_1/ombstx/offline/00000004/baustein.id,4,6290BF2987E522F6FE8213E6796D06A729D6D7ACE7DDB80BF6C54F016AD49856
Factory C/SSV_C_FA/SSV_HV_1/ombstx/offline/00000004/baustein.lck,0,E3B0C44298FC1C149AFBF4C8996FB92427AE41E4649B934CA495991B7852B855
Factory C/SSV_C_FA/SSV_HV_1/ombstx/offline/00000004/BAUSTEIN.MDX,11264,04497621D8784E017DD344535A1867DA9CD04ADF1248529AE2D27861DDE7E32E
Factory C/SSV_C_FA/SSV_HV_1/ombstx/offline/00000004/links.lnk,1024,A4F1883FC20BA655B4A53B857BDAE77E6EA63D9C6AC318CE6CCE759A2BE829E9
Factory C/SSV_C_FA/SSV_HV_1/ombstx/offline/00000004/SUBBLK.DBF,21378,0A452E684F2F424377BEEA4D39C1B0467DA469255401B9836116A5C2F7349F1E
Factory C/SSV_C_FA/SSV_HV_1/ombstx/offline/00000004/SUBBLK.DBT,286208,334800533C5D113E825517E15C1A42B0742A9A73C02AE505B18405331A3EC891
Factory C/SSV_C_FA/SSV_HV_1/ombstx/offline/00000004/usfapx.ini,0,E3B0C44298FC1C149AFBF4C8996FB92427AE41E4649B934CA495991B7852B855
Factory C/SSV_C_FA/SSV_HV_1/ombstx/offline/00000005/BAUSTEIN.DBF,9000,7157A62AC4764BD52116C3E32A213092FF301CA5D2682FC05C7222C7C88D6E0A
Factory C/SSV_C_FA/SSV_HV_1/ombstx/offline/00000005/BAUSTEIN.DBT,48640,FDF1B6AF794206F48EFDB3530AA07D4C21CA1AB0023C94A845F07775D4830E23
Factory C/SSV_C_FA/SSV_HV_1/ombstx/offline/00000005/baustein.id,4,5E0A69CDB91F050197DF9D0847F27C208C308526A65A5D035DAA88B209077F26
Factory C/SSV_C_FA/SSV_HV_1/ombstx/offline/00000005/baustein.lck,0,E3B0C44298FC1C149AFBF4C8996FB92427AE41E4649B934CA495991B7852B855
Factory C/SSV_C_FA/SSV_HV_1/ombstx/offline/00000005/BAUSTEIN.MDX,10240,6F83F2E41F2557EF78C924B3F278E6A0CED20F7FADAA96BFF160384695BB3AEC
Factory C/SSV_C_FA/SSV_HV_1/ombstx/offline/00000005/links.lnk,1024,2323EB28CF5E9DAA41E0041A88D41D0034883FEB450AF44B4A85DE945DEDD703
Factory C/SSV_C_FA/SSV_HV_1/ombstx/offline/00000005/SUBBLK.DBF,18882,22D9BDECED3CC37C405C21A79AD478F08315A99B2408B3A1989F44E71B763191
Factory C/SSV_C_FA/SSV_HV_1/ombstx/offline/00000005/SUBBLK.DBT,295936,E30742920FEC5B55536DD857A406A225073685936F7D2FA2977137C2AB9062D9
Factory C/SSV_C_FA/SSV_HV_1/ombstx/offline/00000005/usfapx.ini,0,E3B0C44298FC1C149AFBF4C8996FB92427AE41E4649B934CA495991B7852B855
Factory C/SSV_C_FA/SSV_HV_1/ombstx/offline/00000006/BAUSTEIN.DBF,14766,DED07C8866F32D37452C9F5847479BC837BEF066A886E741207521D58A6B8FFF
Factory C/SSV_C_FA/SSV_HV_1/ombstx/offline/00000006/BAUSTEIN.DBT,80896,F7A6E8B6D16E47BEE038EE8692CD9B56E0198BF346A175B2457F635A3D95AB37
Factory C/SSV_C_FA/SSV_HV_1/ombstx/offline/00000006/baustein.id,4,2D1238A7CA752637D126AD21CF1F7BAD89ADF13AB941108F074D9CA1FEC51732
Factory C/SSV_C_FA/SSV_HV_1/ombstx/offline/00000006/baustein.lck,0,E3B0C44298FC1C149AFBF4C8996FB92427AE41E4649B934CA495991B7852B855
Factory C/SSV_C_FA/SSV_HV_1/ombstx/offline/00000006/BAUSTEIN.MDX,14336,61AC510A608C3554E8C0AE52B9046FCD5C1E188C92791EE72B59D06635BCA6A4
Factory C/SSV_C_FA/SSV_HV_1/ombstx/offline/00000006/links.lnk,1024,32F4AB9D83AAAFEA3B16548FD1E5DA0CBE13791453A54741423C6510410C3C6F
Factory C/SSV_C_FA/SSV_HV_1/ombstx/offline/00000006/SUBBLK.DBF,31362,DC6ED6528F5BB6C2C44A5062089E17822D492BC41C0180B2BBE49306315CF8F1
Factory C/SSV_C_FA/SSV_HV_1/ombstx/offline/00000006/SUBBLK.DBT,420352,E7251083E69E300196AB483FFEC73C75A41BA41BAB7D7366E86E2FBE100482A1
Factory C/SSV_C_FA/SSV_HV_1/ombstx/offline/00000006/usfapx.ini,0,E3B0C44298FC1C149AFBF4C8996FB92427AE41E4649B934CA495991B7852B855
Factory C/SSV_C_FA/SSV_HV_1/ombstx/offline/00000007/BAUSTEIN.DBF,10581,0BD5A421B001457D2E7F761202A50EDA3C42B10D073B190C7B53EEB31955882C
Factory C/SSV_C_FA/SSV_HV_1/ombstx/offline/00000007/BAUSTEIN.DBT,62464,C9D72EBFE3EBBB5E5FCBF9B76D4B2F5F6F13E74F47DB6D01B62D32B9787894D2
Factory C/SSV_C_FA/SSV_HV_1/ombstx/offline/00000007/baustein.id,4,D877BF4E5023A6DF5262218800A7162E240C84E44696BB2C3AD1C5E756F3DAC1
Factory C/SSV_C_FA/SSV_HV_1/ombstx/offline/00000007/baustein.lck,0,E3B0C44298FC1C149AFBF4C8996FB92427AE41E4649B934CA495991B7852B855
Factory C/SSV_C_FA/SSV_HV_1/ombstx/offline/00000007/BAUSTEIN.MDX,11264,68957B21DFB544C9E3AC55C548DD789790ABAF50D4ED8BEAEE44F49656E93B63
Factory C/SSV_C_FA/SSV_HV_1/ombstx/offline/00000007/links.lnk,1024,6F129EF238233C672EE8B6AB0E589A1150F17873CE8D0F8E8A5CDC9A9A10AC79
Factory C/SSV_C_FA/SSV_HV_1/ombstx/offline/00000007/SUBBLK.DBF,32898,710A18DCEBAB7AF0FEA78DFD86C9A50FFC94BC54E19C767E15C8B5743BB1C387
Factory C/SSV_C_FA/SSV_HV_1/ombstx/offline/00000007/SUBBLK.DBT,463360,7CA1797C7B4E8B5E0A3D81282E9C59C55C4550B4D8FBF6B91C11EAB75AB9DA2B
Factory C/SSV_C_FA/SSV_HV_1/ombstx/offline/00000007/usfapx.ini,0,E3B0C44298FC1C149AFBF4C8996FB92427AE41E4649B934CA495991B7852B855
Factory C/SSV_C_FA/SSV_HV_1/ombstx/offline/00000008/BAUSTEIN.DBF,9837,0F9CA1FB33301C7A390BA54BA70509F3798473BB08869775E4ADB76674E87552
Factory C/SSV_C_FA/SSV_HV_1/ombstx/offline/00000008/BAUSTEIN.DBT,53248,C05C4A79EF0A8F35BCEF5C038BB9AD98E9AB072E318E9431448DD2940B5B5C59
Factory C/SSV_C_FA/SSV_HV_1/ombstx/offline/00000008/baustein.id,4,AEA75A928024D366BAD46F910A92AF49893567B615044B87F2387858ED37D149
Factory C/SSV_C_FA/SSV_HV_1/ombstx/offline/00000008/baustein.lck,0,E3B0C44298FC1C149AFBF4C8996FB92427AE41E4649B934CA495991B7852B855
Factory C/SSV_C_FA/SSV_HV_1/ombstx/offline/00000008/BAUSTEIN.MDX,11264,06D7D9FC1564158E31B92AAEEAE2182E01B83732C6086B20A0FC2D1E30D9B996
Factory C/SSV_C_FA/SSV_HV_1/ombstx/offline/00000008/links.lnk,1024,DDF69C5E8EA8CED8280C825105A78F5A008F36654F5438C8BF420BB2AC37D10E
Factory C/SSV_C_FA/SSV_HV_1/ombstx/offline/00000008/SUBBLK.DBF,20610,CC6D2CC1B9B6EDE9BAD7B4AA539867C21ABD005EBCDB676033E334DA1CB578DD
Factory C/SSV_C_FA/SSV_HV_1/ombstx/offline/00000008/SUBBLK.DBT,304640,08037FC3CA016E83912ABC3C0E0BD785259E752B74BA21C5C1AA24662FE9643F
Factory C/SSV_C_FA/SSV_HV_1/ombstx/offline/00000008/usfapx.ini,0,E3B0C44298FC1C149AFBF4C8996FB92427AE41E4649B934CA495991B7852B855
Factory C/SSV_C_FA/SSV_HV_1/ombstx/offline/0000000b/BAUSTEIN.DBF,14952,EFD2E9B007F563F5E46AF0AD723743F33DA84AEC8CFFF237DADC82EA3751FA9A
Factory C/SSV_C_FA/SSV_HV_1/ombstx/offline/0000000b/BAUSTEIN.DBT,84992,19345AA0908CE64ACEF110C31D5C7D159C19D838B8858A97EB84D99D3658F8D3
Factory C/SSV_C_FA/SSV_HV_1/ombstx/offline/0000000b/baustein.id,4,96416924980729FA177CCAA0CEA21BF2A641986F5759324E73E9E60502E61CFD
Factory C/SSV_C_FA/SSV_HV_1/ombstx/offline/0000000b/baustein.lck,0,E3B0C44298FC1C149AFBF4C8996FB92427AE41E4649B934CA495991B7852B855
Factory C/SSV_C_FA/SSV_HV_1/ombstx/offline/0000000b/BAUSTEIN.MDX,14336,B673B01493B6578930080AC49461FE7C9A0DF73E8C16426119EC3D9A07F6ACAD
Factory C/SSV_C_FA/SSV_HV_1/ombstx/offline/0000000b/links.lnk,1024,E384165CEFA81319603EAF0A03EA236A890DCC4879F2907DD451F578CAED0902
Factory C/SSV_C_FA/SSV_HV_1/ombstx/offline/0000000b/SUBBLK.DBF,36354,500A870A6F28C6BE7665D3DA1722D277DA8E5740B0710728C5B19581E87FBAD4
Factory C/SSV_C_FA/SSV_HV_1/ombstx/offline/0000000b/SUBBLK.DBT,536064,E2B1F4FF432F9197757D16D81EBF12D3BFFFCAB494641C8326F50E177C5C5F31
Factory C/SSV_C_FA/SSV_HV_1/ombstx/offline/0000000b/usfapx.ini,0,E3B0C44298FC1C149AFBF4C8996FB92427AE41E4649B934CA495991B7852B855
Factory C/SSV_C_FA/SSV_HV_1/ombstx/offline/0000000c/BAUSTEIN.DBF,1932,9BF39241FDD4584B8696E42D8A7C85D25CF999C828FEE1C05A4AD6E53D2CD3B9
Factory C/SSV_C_FA/SSV_HV_1/ombstx/offline/0000000c/BAUSTEIN.DBT,15872,B654AAAFFB9044F86E6C7D416BE8F833D9CE06F052DDA208BEE18FD272D67114
Factory C/SSV_C_FA/SSV_HV_1/ombstx/offline/0000000c/baustein.id,4,44B34BA1E158565CD98B8B42DA82AB3DA3855B9828EF66847EED4A66A20C22B4
Factory C/SSV_C_FA/SSV_HV_1/ombstx/offline/0000000c/baustein.lck,0,E3B0C44298FC1C149AFBF4C8996FB92427AE41E4649B934CA495991B7852B855
Factory C/SSV_C_FA/SSV_HV_1/ombstx/offline/0000000c/BAUSTEIN.MDX,6144,06F470EE3097C3DF1211DC1947202E1C5A2AED0887CA504B269693A786DD3B9B
Factory C/SSV_C_FA/SSV_HV_1/ombstx/offline/0000000c/links.lnk,1024,F46E071FF9A28E91811B5CE037078AEA4C14291B845D69F58C9267981F457082
Factory C/SSV_C_FA/SSV_HV_1/ombstx/offline/0000000c/SUBBLK.DBF,12546,DAFE4CC1FAEA3DC3A25415A6D46FFAAF752A3C410C26DD0CFF4152E251C746E8
Factory C/SSV_C_FA/SSV_HV_1/ombstx/offline/0000000c/SUBBLK.DBT,226304,1FABACA88E014C0B0FBDDD623A0E92F7F3B129A2784044073201495C26DA065F
Factory C/SSV_C_FA/SSV_HV_1/ombstx/offline/0000000c/usfapx.ini,0,E3B0C44298FC1C149AFBF4C8996FB92427AE41E4649B934CA495991B7852B855
Factory C/SSV_C_FA/SSV_HV_1/ombstx/offline/0000000d/BAUSTEIN.DBF,10302,37B717852E49E52EC9A3EB67BD73F0447857EE97F5717596FC59BA20C7E1A692
Factory C/SSV_C_FA/SSV_HV_1/ombstx/offline/0000000d/BAUSTEIN.DBT,104960,82F73FA35EB6A176D7FC6AF2C7B553E981129C848CDE786778B980F1B9C0357A
Factory C/SSV_C_FA/SSV_HV_1/ombstx/offline/0000000d/baustein.id,4,D0FCC72CCEEA2B4FD43C489987FE8258B2AF2DC3158E311E1C286446A46C0231
Factory C/SSV_C_FA/SSV_HV_1/ombstx/offline/0000000d/baustein.lck,0,E3B0C44298FC1C149AFBF4C8996FB92427AE41E4649B934CA495991B7852B855
Factory C/SSV_C_FA/SSV_HV_1/ombstx/offline/0000000d/BAUSTEIN.MDX,12288,46EDE32C3881E6C8C7A7E7C418490909790B35C79B870A9895540F6B2A2AA22C
Factory C/SSV_C_FA/SSV_HV_1/ombstx/offline/0000000d/links.lnk,1024,B9E47180608D994D11E83EA2CEFB4453C6421055BD31CE82724A308F264E7BE3
Factory C/SSV_C_FA/SSV_HV_1/ombstx/offline/0000000d/SUBBLK.DBF,82434,0EBE079BAE7D982855F78452A253D8262D850EB217FA31A5FA4D2A3337F145D1
Factory C/SSV_C_FA/SSV_HV_1/ombstx/offline/0000000d/SUBBLK.DBT,740352,2168C5A0C0F0CE649937C53E49D67B53BFA2B1D556195903F702DA4227549858
Factory C/SSV_C_FA/SSV_HV_1/ombstx/offline/0000000d/usfapx.ini,0,E3B0C44298FC1C149AFBF4C8996FB92427AE41E4649B934CA495991B7852B855
Factory C/SSV_C_FA/SSV_HV_1/ombstx/offline/BSTCNTOF.DBF,6626,6AD1C734D41CA2C287E8D7277767D4EC2F568F48446C400ACFE8B1BA9AC29002
Factory C/SSV_C_FA/SSV_HV_1/ombstx/offline/bstcntof.id,4,43C66C260828C9839F26474151DB105481FF92F5E01377F75389D4CE3D2DD574
Factory C/SSV_C_FA/SSV_HV_1/ombstx/offline/bstcntof.lck,0,E3B0C44298FC1C149AFBF4C8996FB92427AE41E4649B934CA495991B7852B855
Factory C/SSV_C_FA/SSV_HV_1/ombstx/offline/BSTCNTOF.MDX,4096,E36BFDC8E00A0D03FC7435B604812DD5177BE3F5FE84F005B26DFF3EB3D02077
Factory C/SSV_C_FA/SSV_HV_1/ombstx/online/BSTCNTON.DBF,18530,858BA1E5063BDC23AE551D3F32008B08E6B1A13EF6561390168048E92F693999
Factory C/SSV_C_FA/SSV_HV_1/ombstx/online/bstcnton.id,4,28276425D45829D4E6F5E18AEFBF1F62862F07260A904532FB6E2106DEC973E6
Factory C/SSV_C_FA/SSV_HV_1/ombstx/online/bstcnton.lck,0,E3B0C44298FC1C149AFBF4C8996FB92427AE41E4649B934CA495991B7852B855
Factory C/SSV_C_FA/SSV_HV_1/ombstx/online/BSTCNTON.MDX,4096,2FD23CFEADB0CFCFDA3893D7909D2608595BE5F24844161F9B2229F44CB750A0
Factory C/SSV_C_FA/SSV_HV_1/ombstx/online/links.lnk,18944,C431C53B5CCCAA3CC5030ED930C9C049692EDACC1C4993F5237BD1CA96181242
Factory C/SSV_C_FA/SSV_HV_1/omgd/gdflock.res,0,E3B0C44298FC1C149AFBF4C8996FB92427AE41E4649B934CA495991B7852B855
Factory C/SSV_C_FA/SSV_HV_1/omgd/lastgd,4,67ABDD721024F0FF4E0B3F4C2FC13BC5BAD42D0B7851D456D88D203D15AAA450
Factory C/SSV_C_FA/SSV_HV_1/omgd/linkgd/00000001.DBF,414,13C7522F9C9C5452EF2AF5C6E0E7EE2DDC5C3AF341BD5D9CAB14D33DB112DE9C
Factory C/SSV_C_FA/SSV_HV_1/omgd/S7GD.DBF,2215,06D772C3ADA93B833F9224AD250F47DDEE65395A07998E94DBA3E39EA316DDD3
Factory C/SSV_C_FA/SSV_HV_1/omgd/S7GD.DBT,1024,91904DB1FC9357861950C300AD0E1F39F1E88114BC2067AC2840A862F4BC7F2B
Factory C/SSV_C_FA/SSV_HV_1/omgd/S7GD.MDX,4096,4E37876139396D8A7F743F4345FA2B77C2FEFC916F32CB2C3996616DF83FA7BC
Factory C/SSV_C_FA/SSV_HV_1/pgs/gsflock.res,0,E3B0C44298FC1C149AFBF4C8996FB92427AE41E4649B934CA495991B7852B855
Factory C/SSV_C_FA/SSV_HV_1/pgs/lastgs,4,67ABDD721024F0FF4E0B3F4C2FC13BC5BAD42D0B7851D456D88D203D15AAA450
Factory C/SSV_C_FA/SSV_HV_1/pgs/linkgs/00000001.DBF,414,662B43EA7303706594F95EA2CC4EFFBD0D1781698DA800289DB72A3D4B699FBE
Factory C/SSV_C_FA/SSV_HV_1/pgs/S7GS.DBF,3615,5EAD07F47CD937C77CECE1F860D8E70B68B08FDAF4B2CDC6B620AD0E7293FB69
Factory C/SSV_C_FA/SSV_HV_1/pgs/S7GS.MDX,4096,136F54EAB1459A9F3E2E0BDC5D1743BDCC63DEFE77A37E64BDB51447DA0D783A
Factory C/SSV_C_FA/SSV_HV_1/s7asrcom/00000001/S7CONTAI.DBF,450,AAB7943F831DF7A2B937D77AFF2D94CB0499880B97494F445060E5882B19FC31
Factory C/SSV_C_FA/SSV_HV_1/s7asrcom/00000001/S7CONTAI.MDX,8192,A1131300DBBE891BCD552989CD860A527C214E6B609FB2508607ED95DA3E422D
Factory C/SSV_C_FA/SSV_HV_1/s7asrcom/00000001/S7LINKS.DBF,414,26BD9C5CE685E775BCEA65A6C634A9354A2BDF4E89851158D264F713807FCEE5
Factory C/SSV_C_FA/SSV_HV_1/s7asrcom/00000001/s7source.lck,0,E3B0C44298FC1C149AFBF4C8996FB92427AE41E4649B934CA495991B7852B855
Factory C/SSV_C_FA/SSV_HV_1/s7asrcom/00000002/S7CONTAI.DBF,450,AAB7943F831DF7A2B937D77AFF2D94CB0499880B97494F445060E5882B19FC31
Factory C/SSV_C_FA/SSV_HV_1/s7asrcom/00000002/S7CONTAI.MDX,8192,A1131300DBBE891BCD552989CD860A527C214E6B609FB2508607ED95DA3E422D
Factory C/SSV_C_FA/SSV_HV_1/s7asrcom/00000002/S7LINKS.DBF,414,437E166D290DE6AD774D6D47E3DF237B541041B132515E4894028A7FCC9B448C
Factory C/SSV_C_FA/SSV_HV_1/s7asrcom/00000002/s7source.lck,0,E3B0C44298FC1C149AFBF4C8996FB92427AE41E4649B934CA495991B7852B855
Factory C/SSV_C_FA/SSV_HV_1/s7asrcom/00000003/S7CONTAI.DBF,450,AAB7943F831DF7A2B937D77AFF2D94CB0499880B97494F445060E5882B19FC31
Factory C/SSV_C_FA/SSV_HV_1/s7asrcom/00000003/S7CONTAI.MDX,8192,A1131300DBBE891BCD552989CD860A527C214E6B609FB2508607ED95DA3E422D
Factory C/SSV_C_FA/SSV_HV_1/s7asrcom/00000003/S7LINKS.DBF,414,5DD0F2D1E412046C2321450FB62EAF58401B140705CB75545F33C1684C909052
Factory C/SSV_C_FA/SSV_HV_1/s7asrcom/00000003/s7source.lck,0,E3B0C44298FC1C149AFBF4C8996FB92427AE41E4649B934CA495991B7852B855
Factory C/SSV_C_FA/SSV_HV_1/s7asrcom/00000004/S7CONTAI.DBF,450,AAB7943F831DF7A2B937D77AFF2D94CB0499880B97494F445060E5882B19FC31
Factory C/SSV_C_FA/SSV_HV_1/s7asrcom/00000004/S7CONTAI.MDX,8192,A1131300DBBE891BCD552989CD860A527C214E6B609FB2508607ED95DA3E422D
Factory C/SSV_C_FA/SSV_HV_1/s7asrcom/00000004/S7LINKS.DBF,414,9C98830ABBE49C7F94614FEEE11846003D214258F599DFD7CA974EBA83D735FC
Factory C/SSV_C_FA/SSV_HV_1/s7asrcom/00000004/s7source.lck,0,E3B0C44298FC1C149AFBF4C8996FB92427AE41E4649B934CA495991B7852B855
Factory C/SSV_C_FA/SSV_HV_1/s7asrcom/00000005/S7CONTAI.DBF,450,AAB7943F831DF7A2B937D77AFF2D94CB0499880B97494F445060E5882B19FC31
Factory C/SSV_C_FA/SSV_HV_1/s7asrcom/00000005/S7CONTAI.MDX,8192,A1131300DBBE891BCD552989CD860A527C214E6B609FB2508607ED95DA3E422D
Factory C/SSV_C_FA/SSV_HV_1/s7asrcom/00000005/S7LINKS.DBF,414,9506DD2B2EF330982E3395C10CEA340A2F212203D56A4E49030840EA9664F79F
Factory C/SSV_C_FA/SSV_HV_1/s7asrcom/00000005/s7source.lck,0,E3B0C44298FC1C149AFBF4C8996FB92427AE41E4649B934CA495991B7852B855
Factory C/SSV_C_FA/SSV_HV_1/s7asrcom/00000006/S7CONTAI.DBF,450,AAB7943F831DF7A2B937D77AFF2D94CB0499880B97494F445060E5882B19FC31
Factory C/SSV_C_FA/SSV_HV_1/s7asrcom/00000006/S7CONTAI.MDX,8192,A1131300DBBE891BCD552989CD860A527C214E6B609FB2508607ED95DA3E422D
Factory C/SSV_C_FA/SSV_HV_1/s7asrcom/00000006/S7LINKS.DBF,414,5A3DF4492215F45D36A484B891F9AD896A65EEB181ED4B2E762FB990B5361BB9
Factory C/SSV_C_FA/SSV_HV_1/s7asrcom/00000006/s7source.lck,0,E3B0C44298FC1C149AFBF4C8996FB92427AE41E4649B934CA495991B7852B855
Factory C/SSV_C_FA/SSV_HV_1/s7asrcom/00000007/S7CONTAI.DBF,450,AAB7943F831DF7A2B937D77AFF2D94CB0499880B97494F445060E5882B19FC31
Factory C/SSV_C_FA/SSV_HV_1/s7asrcom/00000007/S7CONTAI.MDX,8192,A1131300DBBE891BCD552989CD860A527C214E6B609FB2508607ED95DA3E422D
Factory C/SSV_C_FA/SSV_HV_1/s7asrcom/00000007/S7LINKS.DBF,414,7CF8C4484A437FA60751BA214AC34F53B18EED8C7BE3E881F3C09387CDEC23AD
Factory C/SSV_C_FA/SSV_HV_1/s7asrcom/00000007/s7source.lck,0,E3B0C44298FC1C149AFBF4C8996FB92427AE41E4649B934CA495991B7852B855
Factory C/SSV_C_FA/SSV_HV_1/s7asrcom/00000008/S7CONTAI.DBF,450,AAB7943F831DF7A2B937D77AFF2D94CB0499880B97494F445060E5882B19FC31
Factory C/SSV_C_FA/SSV_HV_1/s7asrcom/00000008/S7CONTAI.MDX,8192,A1131300DBBE891BCD552989CD860A527C214E6B609FB2508607ED95DA3E422D
Factory C/SSV_C_FA/SSV_HV_1/s7asrcom/00000008/S7LINKS.DBF,414,8B09B66B2CD498F715DAFA5023484745B2E87D2D470B39F045A9F94FD4AF2127
Factory C/SSV_C_FA/SSV_HV_1/s7asrcom/00000008/s7source.lck,0,E3B0C44298FC1C149AFBF4C8996FB92427AE41E4649B934CA495991B7852B855
Factory C/SSV_C_FA/SSV_HV_1/s7asrcom/0000000b/S7CONTAI.DBF,450,49A0441BA5BFF06ED1C88D623350C1C8A1A8B467875CFAE5CF34758EF41A8314
Factory C/SSV_C_FA/SSV_HV_1/s7asrcom/0000000b/S7CONTAI.MDX,8192,825E62790EEDE23099AE9922D938594D9F5B27725E8DDA67A3634EACD995AB59
Factory C/SSV_C_FA/SSV_HV_1/s7asrcom/0000000b/S7LINKS.DBF,414,A04EDD5A3D844E5A75BA231D154A89D826D3B838BE45437308834D34A598DD40
Factory C/SSV_C_FA/SSV_HV_1/s7asrcom/0000000b/s7source.lck,0,E3B0C44298FC1C149AFBF4C8996FB92427AE41E4649B934CA495991B7852B855
Factory C/SSV_C_FA/SSV_HV_1/s7asrcom/0000000c/S7CONTAI.DBF,450,7117AE4DABE7377CFD0DBAFBD9C4FD458B3EF142F602BBF485D5CC6E5C866F08
Factory C/SSV_C_FA/SSV_HV_1/s7asrcom/0000000c/S7CONTAI.MDX,8192,A9211A26285630ACB9E50393AE7CE7A343EFC364356391A903E1B7C07A114CA5
Factory C/SSV_C_FA/SSV_HV_1/s7asrcom/0000000c/S7LINKS.DBF,414,01830A0C529ABEC102945C75FE637514C33213FD121CCC4760C79DA7F7669C8F
Factory C/SSV_C_FA/SSV_HV_1/s7asrcom/0000000c/s7source.lck,0,E3B0C44298FC1C149AFBF4C8996FB92427AE41E4649B934CA495991B7852B855
Factory C/SSV_C_FA/SSV_HV_1/s7asrcom/0000000d/S7CONTAI.DBF,450,7117AE4DABE7377CFD0DBAFBD9C4FD458B3EF142F602BBF485D5CC6E5C866F08
Factory C/SSV_C_FA/SSV_HV_1/s7asrcom/0000000d/S7CONTAI.MDX,8192,A9211A26285630ACB9E50393AE7CE7A343EFC364356391A903E1B7C07A114CA5
Factory C/SSV_C_FA/SSV_HV_1/s7asrcom/0000000d/S7LINKS.DBF,414,7B48ABF52A72BBBD8CD7688EF9128F6D71BE966B664EB700FC7CA6188DF3A8D6
Factory C/SSV_C_FA/SSV_HV_1/s7asrcom/0000000d/s7source.lck,0,E3B0C44298FC1C149AFBF4C8996FB92427AE41E4649B934CA495991B7852B855
Factory C/SSV_C_FA/SSV_HV_1/s7asrcom/s7cntID.src,8,0A5D26FC767094F319B06B14638A34EB26667BD8E42ECC3FFF12B9E7C31E90F5
Factory C/SSV_C_FA/SSV_HV_1/s7asrcom/S7CNTREF.DBF,6102,7301264DCF9CF4910A73D5FEEE9B85FF6F51343B3397301EBB0114583CDBA9EA
Factory C/SSV_C_FA/SSV_HV_1/s7asrcom/S7CNTREF.MDX,4096,A33E56D0FE0BC70F3378AA060D5A4C0328E3885209E81BCC9A539BA6D6BDE7D0
Factory C/SSV_C_FA/SSV_HV_1/s7asrcom/s7contai.lck,0,E3B0C44298FC1C149AFBF4C8996FB92427AE41E4649B934CA495991B7852B855
Factory C/SSV_C_FA/SSV_HV_1/s7extref/s7pltref.lck,0,E3B0C44298FC1C149AFBF4C8996FB92427AE41E4649B934CA495991B7852B855
Factory C/SSV_C_FA/SSV_HV_1/s7extref/s7pltref.xml,80,5D644F158DE679DFC9DF628138578A908BD0E15073DCD9E835F3786DBCB34E9A
Factory C/SSV_C_FA/SSV_HV_1/s7netpro.npa,1568,7014C78E752BD1BACAADE159899A893AA16C2B0D5C4891E56D16F0AED5632065
Factory C/SSV_C_FA/SSV_HV_1/S7Netze/S7NONFGX.id,4,9855CDA098DCAC49935C7CEA75D9960EF8FD001B8FAC4D21DB934116F50E33C0
Factory C/SSV_C_FA/SSV_HV_1/S7Netze/S7NONFGX.lnk,30208,4BF9EFEE5965398FE724F685F6DFA350F8DA590E5D6F1CDE257EEC3F434A055F
Factory C/SSV_C_FA/SSV_HV_1/S7Netze/S7NONFGX.tab,244675,AE7B87F76F23F97E196C9F8BD293F415BA92D7C42CDDE510B2B8F28235B9D90B
Factory C/SSV_C_FA/SSV_HV_1/S7NFREMX/S7NFREMX.tab,0,E3B0C44298FC1C149AFBF4C8996FB92427AE41E4649B934CA495991B7852B855
Factory C/SSV_C_FA/SSV_HV_1/S7PPLOMX/layout,130,D577C76AB05B00D42DDEDFC7F56E102A5BEAB383B1E1188705B222CBF498CE4A
Factory C/SSV_C_FA/SSV_HV_1/sdb/00000001/00000001.PG,370,AB6C8B3F40FAC1B61DFBD2B9DE1CF481B1575226BB1E1705FC84048DA703B93D
Factory C/SSV_C_FA/SSV_HV_1/sdb/00000001/00000002.PG,152,C34F3191366D54558B8E6AC22C86D6903ECCF3B6950884179DD93458FA38F9AA
Factory C/SSV_C_FA/SSV_HV_1/sdb/00000001/00000003.PG,650,FA632DAD746E8A83BF74A8FA615604371B46CDC5664D9AEF11E9545C6136E408
Factory C/SSV_C_FA/SSV_HV_1/sdb/00000001/00000004.PG,306,1FF46ACFA2A4FD32474E47A882361764CA36652BEF9F5D8ABACA6E9085170229
Factory C/SSV_C_FA/SSV_HV_1/sdb/00000001/00000005.PG,238,19D810A99C8D297C13445434D9452EBC6FF2FE7469F482456EB22022F00B9C1C
Factory C/SSV_C_FA/SSV_HV_1/sdb/00000001/00000006.PG,138,11A1EA97ED10B4CC3501C4E78C38870240DA5657D5809659E936B6201FF78056
Factory C/SSV_C_FA/SSV_HV_1/sdb/00000001/00000007.PG,702,2B5ED5C98367273F2F0D96553E31510326C91A64AED8BCBE0C77D70A517EEBE4
Factory C/SSV_C_FA/SSV_HV_1/sdb/00000001/00000008.PG,836,2EAF3889734E14D43D5F26C800D2EF52C47758D4D8B268FC93DD45F8B3AEF8A5
Factory C/SSV_C_FA/SSV_HV_1/sdb/00000001/00000009.PG,338,E5E018FB21EE646CF1F5273BAB4F5F9EB6C4FE0181989B0B5FD28682CC883239
Factory C/SSV_C_FA/SSV_HV_1/sdb/00000001/0000000a.PG,106,512579AE464DB20FCF1DA6A389E309DEA02B59FD255E6F92C02DE4845FFBD64A
Factory C/SSV_C_FA/SSV_HV_1/sdb/00000001/0000000b.PG,106,18539F269F02873C493DD252D50F9B2C6CCDB7B56C68181C59E19A2180007488
Factory C/SSV_C_FA/SSV_HV_1/sdb/00000001/0000000c.PG,106,3AF1E41F4C0DD44EB91B91C3DCD7B8DE98048431191FB0BD8301EAE02F501879
Factory C/SSV_C_FA/SSV_HV_1/sdb/00000001/0000000d.PG,106,40809F96F022987AD928114E803998DB28007B5708F158AEA5FDF21A588FB86E
Factory C/SSV_C_FA/SSV_HV_1/sdb/00000001/0000000e.PG,106,F6340F6EFD24DC6A8157379B1F562681BCF9A6D814CCC91670404FA9B48C6141
Factory C/SSV_C_FA/SSV_HV_1/sdb/00000001/0000000f.PG,106,A93B70C9F3C5F1F438EA0FA01922009F762DDE57CB0DF37230F4A56AF4B59B74
Factory C/SSV_C_FA/SSV_HV_1/sdb/00000001/00000010.PG,106,2D673969371347F3DCC43B27522BAE4B86A969D11535DDBB80E82E79F920B716
Factory C/SSV_C_FA/SSV_HV_1/sdb/00000001/00000011.PG,246,E3C5299A946E6FA61300419DECE05768328857CD14B639341328B70D27A37BF6
Factory C/SSV_C_FA/SSV_HV_1/sdb/00000001/00000012.PG,762,970CB669274D1056A3D39B6798BC08E10FA950E4FD1F7DD64DECA8B742B6D2EB
Factory C/SSV_C_FA/SSV_HV_1/sdb/00000001/00000013.PG,696,9B75B078756D9E145FBF6D85509197C5CEAD7C3E9E5E2D8B1C57FEB21DC83764
Factory C/SSV_C_FA/SSV_HV_1/sdb/00000001/00000014.PG,2398,41CE565C9A65470DAFD20414EEDD9BEED65CC0D0B172B029F95E1BBFED72B95D
Factory C/SSV_C_FA/SSV_HV_1/sdb/00000001/00000015.PG,142,2CCE90240D47AE274AA3A5521332984A287A659EA1E2B310F5DF9A2AC3B14116
Factory C/SSV_C_FA/SSV_HV_1/sdb/00000001/link/00000001.DBF,414,D7ADD1F751371207941F70B3431E405BD1B12F3AE8F48E1003B05936530C925D
Factory C/SSV_C_FA/SSV_HV_1/sdb/00000001/list/00000001.DBF,2685,40CBB0016BC08883BCF68B220A46B6894C0A536E1A0FDD3DBF93315DDFEB0D2A
Factory C/SSV_C_FA/SSV_HV_1/sdb/00000001/list/00000001.MDX,4096,10A81292843979F0F2E17667C3534FE871E8640310B622CC9113E1CD35FB1956
Factory C/SSV_C_FA/SSV_HV_1/sdb/00000002/00000001.PG,370,AC489D1E7E0858480418DF0041922DC64476FE4BB34437B2D91A3C44787FB466
Factory C/SSV_C_FA/SSV_HV_1/sdb/00000002/00000002.PG,152,20E363CBEBD3A8BA905C321B9A3125038392050FBFD1C8BE28B5FB6B695A6325
Factory C/SSV_C_FA/SSV_HV_1/sdb/00000002/00000003.PG,650,FA632DAD746E8A83BF74A8FA615604371B46CDC5664D9AEF11E9545C6136E408
Factory C/SSV_C_FA/SSV_HV_1/sdb/00000002/00000004.PG,306,459FB3FB61EAAD7F5E273C4BA4DAA3B7B6161D23EF528FB90C93A1778D800C60
Factory C/SSV_C_FA/SSV_HV_1/sdb/00000002/00000005.PG,238,8749D5FBDC311E815029D86974C3D19CB7CE6C7DA7B2C92227AD1148FAA9A9D0
Factory C/SSV_C_FA/SSV_HV_1/sdb/00000002/00000006.PG,138,F31CB1F6D5B4F7A1828B4823A91248968752B8E35A3DB09A75D4B0E2E66737C0
Factory C/SSV_C_FA/SSV_HV_1/sdb/00000002/00000007.PG,872,2EABABCD0343AC7E5426FC78A59FBEC094E288EEDD9DC5B1ECC6E0D4EF53A051
Factory C/SSV_C_FA/SSV_HV_1/sdb/00000002/00000008.PG,1000,0180EBA7BF6819316A03003CA897984F27140761CC20E38A8BF1ADCEFADD84CC
Factory C/SSV_C_FA/SSV_HV_1/sdb/00000002/00000009.PG,338,B0246CDF6CCA0AD535520E8BF4CA0D529B0234640D9A73FF3FE951DA54841ECF
Factory C/SSV_C_FA/SSV_HV_1/sdb/00000002/0000000a.PG,106,84B22DFD51387CDD659DFDD26012209C2072BE2A0395DAFFFD3C26F684BF8E21
Factory C/SSV_C_FA/SSV_HV_1/sdb/00000002/0000000b.PG,106,978F6A87926124FEE73BE79D3E495A08A0DEDCF3BAF5AE350ED9E81465520F5F
Factory C/SSV_C_FA/SSV_HV_1/sdb/00000002/0000000c.PG,106,8CDBF128E365E6227A37B72DE0025B98AECF270B8979CE6080A3ED26455F07CA
Factory C/SSV_C_FA/SSV_HV_1/sdb/00000002/0000000d.PG,106,8E8E1AAFDBAF27F63D1519FBF4A78AA4F1F1FBF7D6C04905EE3A920A7149D318
Factory C/SSV_C_FA/SSV_HV_1/sdb/00000002/0000000e.PG,106,E3845D0AA9B059EBCF96167758FF6935E887A77E1142A4BF39B34ECB434292C8
Factory C/SSV_C_FA/SSV_HV_1/sdb/00000002/0000000f.PG,106,644CD9CD3476DCD37C7F05823D5E882A2BE0CF34EC8797BFE82225308D49D009
Factory C/SSV_C_FA/SSV_HV_1/sdb/00000002/00000010.PG,106,C2854B105B8E96AA499F71478811EDCDA75B94E1DDAE7FA30CB9E2B69ED1050A
Factory C/SSV_C_FA/SSV_HV_1/sdb/00000002/00000011.PG,246,F0C68DB318689E17F98BD1584DCB0E75350B67BC1F487B722C450095D3630A20
Factory C/SSV_C_FA/SSV_HV_1/sdb/00000002/00000012.PG,760,6BE14F3789E17A73CEF6B4984AF05A463170351A61817ABF2302C92C6E72F5D9
Factory C/SSV_C_FA/SSV_HV_1/sdb/00000002/00000013.PG,696,D404955424C7865C531E9BB3C3D5C642F25100A26563E01A8BE97DBE6D808A20
Factory C/SSV_C_FA/SSV_HV_1/sdb/00000002/00000014.PG,2898,6DA7F994B183C1D1CA93E9D2DAFAF0C72CF111B09153D3481F8F128B33FC0491
Factory C/SSV_C_FA/SSV_HV_1/sdb/00000002/00000015.PG,142,2D50DEE82A0C680ADBDAD0F85E98577588EF123CAE8C47DF43B6E142701E4BD7
Factory C/SSV_C_FA/SSV_HV_1/sdb/00000002/link/00000002.DBF,414,FEF63D4845910B8FC8DD81D63490B2C8259C1FC0E357CACF5DC37DE7982089BB
Factory C/SSV_C_FA/SSV_HV_1/sdb/00000002/list/00000002.DBF,2685,8CEB26A2345BCD8A0C2BA9AB5964652D0EDCECA7EE598A0E91EC14151F525F3E
Factory C/SSV_C_FA/SSV_HV_1/sdb/00000002/list/00000002.MDX,4096,85AE269E7BC38BBA6B46587C8A751B70449A0BC738B36EE7BEBDF23FDB821453
Factory C/SSV_C_FA/SSV_HV_1/sdb/00000003/00000001.PG,370,2F9B135760D23DC5A051A56B3451D8CF13B6E64941E9A252281F8221918CD4EB
Factory C/SSV_C_FA/SSV_HV_1/sdb/00000003/00000002.PG,152,249B9E3912A397FCDCA4D4F19BEFC7F7525C67CB84AB30DD57D3768FEDF4047E
Factory C/SSV_C_FA/SSV_HV_1/sdb/00000003/00000003.PG,650,FA632DAD746E8A83BF74A8FA615604371B46CDC5664D9AEF11E9545C6136E408
Factory C/SSV_C_FA/SSV_HV_1/sdb/00000003/00000004.PG,306,72282E1D79EE1C1805F73AD852BCD1B49449C5978539716C69049DAA1CA60396
Factory C/SSV_C_FA/SSV_HV_1/sdb/00000003/00000005.PG,238,FD3E04555BF6187FE233A5155DD689AFD45FEBBDC93D7EBD527DAD50CC6703D9
Factory C/SSV_C_FA/SSV_HV_1/sdb/00000003/00000006.PG,138,71B548055B267FAD35038BEC1D1DB1C30FD1060D9F74E3C40A8448022430EFA9
Factory C/SSV_C_FA/SSV_HV_1/sdb/00000003/00000007.PG,728,A5265CEF9847240D0C8EB3818B8C1446F001CAFFAF7F2CB1DA7ADAC54B929BDD
Factory C/SSV_C_FA/SSV_HV_1/sdb/00000003/00000008.PG,876,728DF80CFCE0505C5AE72A489FACFD8D436116023D53322414C48C30BEC91F2B
Factory C/SSV_C_FA/SSV_HV_1/sdb/00000003/00000009.PG,338,B4C17A888DE9C48701C7E30D5841457E64D7722E5DDA16AF926AF1F8F95725F4
Factory C/SSV_C_FA/SSV_HV_1/sdb/00000003/0000000a.PG,106,BB3183982D8194B1FAE88BC94289D927A69102EEE5B5C0351083DB903CC2DE2B
Factory C/SSV_C_FA/SSV_HV_1/sdb/00000003/0000000b.PG,106,67E9EE74D1FC08C0C1F063B5B01EE606E0AD18F884CA757570E52957F7EE8CA5
Factory C/SSV_C_FA/SSV_HV_1/sdb/00000003/0000000c.PG,106,C7F0247B079BB7782B4B5CB8AD4469857DCED9F38E15DB5AE4D8B41B13BDBEB7
Factory C/SSV_C_FA/SSV_HV_1/sdb/00000003/0000000d.PG,106,59DEA3C7B6FF54741636BD794271BFBB49BC5B1C177A177283E4FAC797A341AE
Factory C/SSV_C_FA/SSV_HV_1/sdb/00000003/0000000e.PG,106,CEAF0E7045D9D913C9C04EAE56AF4497F8FC0AB0C053C9C67DF0D95A30AC83BB
Factory C/SSV_C_FA/SSV_HV_1/sdb/00000003/0000000f.PG,106,FC7DF8645B860296F2D9AFA11D9118A11A2DB5D55397791CA7747E2FBCCCAC13
Factory C/SSV_C_FA/SSV_HV_1/sdb/00000003/00000010.PG,106,E6800C1A0C6E1647B6F1163AB346DD6300B854F1EBB862E96A62F363766197F8
Factory C/SSV_C_FA/SSV_HV_1/sdb/00000003/00000011.PG,246,B317E85A27158952D13D6781557FB78456436ADD5B26E69D88BB9ECA3ACA7030
Factory C/SSV_C_FA/SSV_HV_1/sdb/00000003/00000012.PG,762,B1F2C9BDBC6A16BC49EF0AB8FA523CAD23D5D7C510A244362BF244E4C4495E8A
Factory C/SSV_C_FA/SSV_HV_1/sdb/00000003/00000013.PG,696,51D62BDEC212B6F83E67C34A545626C0B28313AF60EA4C28B83DA54FFE4DFD06
Factory C/SSV_C_FA/SSV_HV_1/sdb/00000003/00000014.PG,2454,C9C71F2A6C26C632669124109A57C9071C6B7047AB3E8357FAB5F5C2D451D2C5
Factory C/SSV_C_FA/SSV_HV_1/sdb/00000003/00000015.PG,142,119C86903605592E3F27A1DC7C331BA728BA54C3E8FC4F841E7B2ABFD54FCC62
Factory C/SSV_C_FA/SSV_HV_1/sdb/00000003/link/00000003.DBF,414,CD0E66052CB651BE969A5B1842F476EFFE1EF9DD96256FD9A6C2587656C2277B
Factory C/SSV_C_FA/SSV_HV_1/sdb/00000003/list/00000003.DBF,2685,B7DCD1279199867FC4B8D824A2193E5701DD1BA96F8548960B7D743C826FEAB2
Factory C/SSV_C_FA/SSV_HV_1/sdb/00000003/list/00000003.MDX,4096,190CCEC569BF32757771A9803CE0371B7778882C88CB2FD143B3EF116E0CA3F3
Factory C/SSV_C_FA/SSV_HV_1/sdb/00000004/00000001.PG,370,AA516CAA502B966B8CA059761D6F1A547F5F6CFB0EF9627B607D57E755A76AEA
Factory C/SSV_C_FA/SSV_HV_1/sdb/00000004/00000002.PG,152,A1D0DE769EC055A084561C28131118408034E990013D663F974941B2AEF4AC39
Factory C/SSV_C_FA/SSV_HV_1/sdb/00000004/00000003.PG,650,FA632DAD746E8A83BF74A8FA615604371B46CDC5664D9AEF11E9545C6136E408
Factory C/SSV_C_FA/SSV_HV_1/sdb/00000004/00000004.PG,306,2EA572E9A493E670A44CDBB8B16F69E57CF40DD20033F680A0067168094EC804
Factory C/SSV_C_FA/SSV_HV_1/sdb/00000004/00000005.PG,238,968EE1BBD263E68AFC590337D96F8AB8D95D78B676E15EF2738348BE7B26DF9C
Factory C/SSV_C_FA/SSV_HV_1/sdb/00000004/00000006.PG,138,BA060B5D6C08B9290D6F08A88C77D789AD7D4B3D5521C7DFC9CBB889C95ECD9B
Factory C/SSV_C_FA/SSV_HV_1/sdb/00000004/00000007.PG,650,15063223BE705FA1266B5122F9ECDE31C2C720E8D45BB14C5F643866FF59AA7B
Factory C/SSV_C_FA/SSV_HV_1/sdb/00000004/00000008.PG,756,F9855DCDAE57B6BFDD8228C84F64C44F00E3F7EE62FE7338F9A11EF76ABE00A6
Factory C/SSV_C_FA/SSV_HV_1/sdb/00000004/00000009.PG,338,7A9420A6798F2785791219BE1735F2A5229829AAC2388F6784FC6089CDC9F43E
Factory C/SSV_C_FA/SSV_HV_1/sdb/00000004/0000000a.PG,106,72D1EDA2B65FB5DA4289962F9930F89D8FF46DE9CA88E60E7605D49356F11AED
Factory C/SSV_C_FA/SSV_HV_1/sdb/00000004/0000000b.PG,106,198484BF2AA2D246C36DE9A68702305BB9D6FF1CA4E982C4C54603A1131AB471
Factory C/SSV_C_FA/SSV_HV_1/sdb/00000004/0000000c.PG,106,0C729B72EA3F15956E7AC9062241F290CC1AB59C9AD05916D7537D120C2ED03E
Factory C/SSV_C_FA/SSV_HV_1/sdb/00000004/0000000d.PG,106,390D28924A706066B178A6B275A6E1BDCE334EFDE1C2BE7E7DFB17C7E53DA4B3
Factory C/SSV_C_FA/SSV_HV_1/sdb/00000004/0000000e.PG,106,DC82570BF31841B451EDE5970932583E96FFC5356D7C472381237B3E3ABA7B2D
Factory C/SSV_C_FA/SSV_HV_1/sdb/00000004/0000000f.PG,106,D5E2547F23FFCA1032EB1BE9B7318984DDF8421DAD14A5D77223610EB47F7140
Factory C/SSV_C_FA/SSV_HV_1/sdb/00000004/00000010.PG,106,FB87A8FE8E88EA07C83A27FE3283D685660BA4CEAEEFE2518FD3C3EE522FC919
Factory C/SSV_C_FA/SSV_HV_1/sdb/00000004/00000011.PG,246,72E23B6126A1E170449C845977B4274186899BA9166A1575BA8F878C7D27A9DC
Factory C/SSV_C_FA/SSV_HV_1/sdb/00000004/00000012.PG,762,BC0512D9095E160CAA90950E03135EBACE781B27E80204270AE9A8C9D5C605C3
Factory C/SSV_C_FA/SSV_HV_1/sdb/00000004/00000013.PG,696,3C5F3EE3556F56C941DBFA12344F04BAD4F1F725A2A640B2CB8B76D589FD70D9
Factory C/SSV_C_FA/SSV_HV_1/sdb/00000004/00000014.PG,2276,430EC421E2416141D21E79299D8A4A90822EA53979E095720E28D302CAC988B7
Factory C/SSV_C_FA/SSV_HV_1/sdb/00000004/00000015.PG,142,195818F3970882121088EFC798E78F41E9D1AC9C5D553C3FB7F7D37B9568A45A
Factory C/SSV_C_FA/SSV_HV_1/sdb/00000004/link/00000004.DBF,414,9C38D7CC72CE2FE66FF6777941FF048DAC0250151F76F9C646D4271DCB092537
Factory C/SSV_C_FA/SSV_HV_1/sdb/00000004/list/00000004.DBF,2685,816131DD9A84099DACDE497D7B6E3FA57C994E17121F26224F251E32CC675310
Factory C/SSV_C_FA/SSV_HV_1/sdb/00000004/list/00000004.MDX,4096,AFB9FF531422341D065FBDB1A6813B7EEFF82C5771A6E69EC35FB552F721EDB3
Factory C/SSV_C_FA/SSV_HV_1/sdb/00000005/00000003.PG,650,FA632DAD746E8A83BF74A8FA615604371B46CDC5664D9AEF11E9545C6136E408
Factory C/SSV_C_FA/SSV_HV_1/sdb/00000005/00000009.PG,338,E8013FB2EE88DA0BF9E0B91520A847C18247B101EC809630CA613E5724852F99
Factory C/SSV_C_FA/SSV_HV_1/sdb/00000005/0000000a.PG,106,E2095C307300053E305BB6C2D251229CF8B11CBDA62673E0871B0405D507C104
Factory C/SSV_C_FA/SSV_HV_1/sdb/00000005/0000000b.PG,106,9D51DCBE62F63A73D5D5DC59E69636B3E2BA45DF87BEA36CEF00B8B7B81A08DB
Factory C/SSV_C_FA/SSV_HV_1/sdb/00000005/0000000c.PG,106,CB189B89437C22B02CEC5F9E069555FE7D36E657CAF77E47159ED58B2AD01EA8
Factory C/SSV_C_FA/SSV_HV_1/sdb/00000005/0000000d.PG,106,3A8176CFD133B7F486E84B05E22E875704686AE340DBACA85A84DA4629C82C82
Factory C/SSV_C_FA/SSV_HV_1/sdb/00000005/0000000e.PG,106,CC354830A295854E5F57502AD267BB297434FC0A1B1C9E334FAECF3BC436BBB9
Factory C/SSV_C_FA/SSV_HV_1/sdb/00000005/0000000f.PG,106,8EE8CF35440328E985986CA2AA94E563D122D122BF0255486B2052527CCB1331
Factory C/SSV_C_FA/SSV_HV_1/sdb/00000005/00000010.PG,106,538F98ADF312D412A85E34A955929DD3B293ABE2078B6A44A6D0E2295CC540F1
Factory C/SSV_C_FA/SSV_HV_1/sdb/00000005/00000016.PG,764,CA878D73C54396816915D1F0D3F0481A43B1D384D10C7664466F3CF1C917E35A
Factory C/SSV_C_FA/SSV_HV_1/sdb/00000005/00000017.PG,598,81FC06142D8B94CE926981D62CAFE9C361C4C1164A9CECBBC93E719BF13A6DE7
Factory C/SSV_C_FA/SSV_HV_1/sdb/00000005/00000018.PG,138,22C0AFF11C6FAD981471CCD2288F3CB978632A22F591414C11887165934B1687
Factory C/SSV_C_FA/SSV_HV_1/sdb/00000005/00000019.PG,306,9DC733519A143BFD26D62497398FDA1B487FA84E3F4F4084C600A5E063F3350C
Factory C/SSV_C_FA/SSV_HV_1/sdb/00000005/0000001a.PG,152,A4EC1C21C1758AA5D12FD185CEB25D16AD96F6D9A6F816C6019DCB266B09BC25
Factory C/SSV_C_FA/SSV_HV_1/sdb/00000005/0000001b.PG,554,8FF2E61D8C6F240B90E082DB576E8FF1F4DE7C38947BF3E4449E8406BA2C8556
Factory C/SSV_C_FA/SSV_HV_1/sdb/00000005/0000001c.PG,142,A51094A37EB7EED9A14B5D605896048D20034A3A7B8631C2E649EA42EB260FD7
Factory C/SSV_C_FA/SSV_HV_1/sdb/00000005/0000001d.PG,2024,FBEEEBFA70685A1113BAAA94FA2539AB30AFC558A487942E23C3B3FF4A35960A
Factory C/SSV_C_FA/SSV_HV_1/sdb/00000005/0000001e.PG,696,1027DB2C1868BADF261500F0194D6C8B4ABF32DC7FDE2E735B349448CAFA842E
Factory C/SSV_C_FA/SSV_HV_1/sdb/00000005/0000001f.PG,806,F21AFCBB66666C3B913AD00D4A7FCF62D4A2586583F4CE51A543C6434B1F1C8A
Factory C/SSV_C_FA/SSV_HV_1/sdb/00000005/00000020.PG,246,C42475842E1A7B76ED3FD1FEAFCD090B98AF7A3D11C24EB4BBAFF31F0A48F191
Factory C/SSV_C_FA/SSV_HV_1/sdb/00000005/00000021.PG,238,33B696F979D664438014BADB8C333D5F7875E9E46B0C1DDC9524D7181B342218
Factory C/SSV_C_FA/SSV_HV_1/sdb/00000005/link/00000005.DBF,414,7536915D50ED9F131EF65FFCF20337E661DC606CF92855281F193527D52DB894
Factory C/SSV_C_FA/SSV_HV_1/sdb/00000005/list/00000005.DBF,4017,E12BACF8763C1035AEA45891A72E3B7D5958C39CF2C5346330B251C8B0764C48
Factory C/SSV_C_FA/SSV_HV_1/sdb/00000005/list/00000005.MDX,4096,4B6E32E3336E943771DDA6C2EF9430862A288CECB5EA88C0A8AA579D6BFC4D23
Factory C/SSV_C_FA/SSV_HV_1/sdb/00000006/00000001.PG,370,F2BC0D3AEB88E439EEE9E5605F44E17AE21F2F718F59FDED30457A71A2BCFD12
Factory C/SSV_C_FA/SSV_HV_1/sdb/00000006/00000002.PG,152,7BC91EC9A40D19417F7F8915CA14EFF0BAE1C25C495647E51AB4CCEA5136BEF2
Factory C/SSV_C_FA/SSV_HV_1/sdb/00000006/00000003.PG,650,04AEE2846144C0FFAF0D241C041195618E005001D5F3EC7158350DAD72C8106F
Factory C/SSV_C_FA/SSV_HV_1/sdb/00000006/00000004.PG,306,EC16CB6DD16B909EE426F2C6E47DC34B90C5FC6A3C10DF1CE3142C5BB03C627E
Factory C/SSV_C_FA/SSV_HV_1/sdb/00000006/00000005.PG,238,35A3313E929A23CE1CE8B046634965FB67159DB9DE335F032C5B4D82246366F3
Factory C/SSV_C_FA/SSV_HV_1/sdb/00000006/00000006.PG,138,614FAA5D721965F99DC18284A5B632DAF59F6F94DCA72A027D1587A2CEAC1D6E
Factory C/SSV_C_FA/SSV_HV_1/sdb/00000006/00000007.PG,650,EF4570B0CF8F1F23B2FD2AC1CD101A30E5789B1C4B4891B969E8767F2B742EF7
Factory C/SSV_C_FA/SSV_HV_1/sdb/00000006/00000008.PG,756,76A912A6FFA6A8DE8405978C784B916DD5BDE6C55CA0B9D09197006CF7C9AC88
Factory C/SSV_C_FA/SSV_HV_1/sdb/00000006/00000009.PG,338,0CF6531EE1A96EC524DFA7D2F9F2F4F8E158D98F0FA37F95B519BD313259B0D8
Factory C/SSV_C_FA/SSV_HV_1/sdb/00000006/0000000a.PG,106,875384D056376D735A113AEEA25254A083B3FC41D3BC53362BC800AB9F087D07
Factory C/SSV_C_FA/SSV_HV_1/sdb/00000006/0000000b.PG,106,2DC8B29AF722AE2DA187833024796A5C99EED2DB41D939291A39D8FAAFE4E176
Factory C/SSV_C_FA/SSV_HV_1/sdb/00000006/0000000c.PG,106,325B6E4B11E98EDCFFB07B180A1DF171916296A20E48835CFF4D8F0EB884BAD1
Factory C/SSV_C_FA/SSV_HV_1/sdb/00000006/0000000d.PG,106,EB4275FF25745B88187A9261753BB2FE62A0D8184A9DDAEA331B181C6D1FA120
Factory C/SSV_C_FA/SSV_HV_1/sdb/00000006/0000000e.PG,106,E34E01A215FE2A63FEBF1D1C600C9C2C09FEDF3E2087C14D15BDCB7588506E1A
Factory C/SSV_C_FA/SSV_HV_1/sdb/00000006/0000000f.PG,106,5BD8A07FBB171B42EE110B3A1E46650040E6C2FBC8B5D2BD8BB1AF7DF559609C
Factory C/SSV_C_FA/SSV_HV_1/sdb/00000006/00000010.PG,106,0E4B3D019EBF5214030E47A94A0F24F70B64D5FFB4C893BD2E53864642DA30CF
Factory C/SSV_C_FA/SSV_HV_1/sdb/00000006/00000011.PG,246,A5E5D97A3FABBA359AC33B0927DFBAAB5466DD7FEDD5CB5F74ABFFD03BE58733
Factory C/SSV_C_FA/SSV_HV_1/sdb/00000006/00000012.PG,762,E2471258C5D95EF8C11AACD92A0424A048F9D8595CB60B29D7C1C3A7105A3E8D
Factory C/SSV_C_FA/SSV_HV_1/sdb/00000006/00000013.PG,696,F8DC51C45BDBF14CF94BB58A37387AB6F7216BC0D00E7C2938BD68CEEA1CFBD2
Factory C/SSV_C_FA/SSV_HV_1/sdb/00000006/00000014.PG,2276,B0B0F0EC81208443D274A9C5B9AED23A1CE26B13ABB29AFDD95A670B994774E6
Factory C/SSV_C_FA/SSV_HV_1/sdb/00000006/00000015.PG,142,19BE8335B9F8D807800DACBB487AAD8F4A1AAA08DCA545698970D05147F30FF4
Factory C/SSV_C_FA/SSV_HV_1/sdb/00000006/link/00000006.DBF,414,7D24D588EE713B13E24143CCBFCD6034A4CE7647E259BB6A1DE3F1A5655CCC3E
Factory C/SSV_C_FA/SSV_HV_1/sdb/00000006/list/00000006.DBF,2685,8238F57B017E604C47932F4EDB5388B81263EBF08AACD21CAE45B51D0534A87D
Factory C/SSV_C_FA/SSV_HV_1/sdb/00000006/list/00000006.MDX,4096,5866FBD645789B3FF42B4F75D345CF414A69BF9B3167E23249242D5E5BEADC8F
Factory C/SSV_C_FA/SSV_HV_1/sdb/00000007/00000003.PG,650,04AEE2846144C0FFAF0D241C041195618E005001D5F3EC7158350DAD72C8106F
Factory C/SSV_C_FA/SSV_HV_1/sdb/00000007/00000009.PG,338,628F5B1BD945A87CC8BD7080E6DD6D5CB0591CC71964D168F45DE8BD4E218EA3
Factory C/SSV_C_FA/SSV_HV_1/sdb/00000007/0000000a.PG,106,135F275D11BA7E9FF0E8D735DD1FEA5E3DA422DDAA8CC04C74155D9005ED8BFF
Factory C/SSV_C_FA/SSV_HV_1/sdb/00000007/0000000b.PG,106,A59D3CC8E6F6E7F372318CD2277D5CA4A72CC6638D58E30E019D6035F920F399
Factory C/SSV_C_FA/SSV_HV_1/sdb/00000007/0000000c.PG,106,4C9528E015F0ECE609EFC800C7FA18826C90D508E556B462FD2D0585B5FB4340
Factory C/SSV_C_FA/SSV_HV_1/sdb/00000007/0000000d.PG,106,70AE28EB13573C9218896158CBEFE77EFBAE10C0509F2A448C96593111083947
Factory C/SSV_C_FA/SSV_HV_1/sdb/00000007/0000000e.PG,106,E150A3FE1125AAFD6B4C71BDE1DA31AFF302233DC9B895973E1D94CC7B1C528A
Factory C/SSV_C_FA/SSV_HV_1/sdb/00000007/0000000f.PG,106,0379045A870B7A20108E566F85C43A778B04AAAD8BD30BE7C607829D1291A167
Factory C/SSV_C_FA/SSV_HV_1/sdb/00000007/00000010.PG,106,D1210DDE007EA5517A5F44B0A8F57087E440EFEE9941B4240E71F6CF2526F39E
Factory C/SSV_C_FA/SSV_HV_1/sdb/00000007/00000022.PG,806,CEF3677D6E8EB7C1294A8F214A11A077200F0D66B27DB4289A74FDB6DE4475FB
Factory C/SSV_C_FA/SSV_HV_1/sdb/00000007/00000023.PG,696,3ED1FCC14AEE65711035B25179E1FA075ED729BAE6960AA72CC629944F8BCA17
Factory C/SSV_C_FA/SSV_HV_1/sdb/00000007/00000024.PG,2164,8997C71D96501BD32006BF388566058A9E662C412627090388CCAF87900DB127
Factory C/SSV_C_FA/SSV_HV_1/sdb/00000007/00000025.PG,142,5DDF6FF0A0E5BF97E7794C1B9B8A6A80ABC4D4C3155ADF99687051E169C70687
Factory C/SSV_C_FA/SSV_HV_1/sdb/00000007/00000026.PG,554,E561FC1B06F69D5ADC627825AC2FCF4E30F44B12901667D82D02FFB4F64FEB43
Factory C/SSV_C_FA/SSV_HV_1/sdb/00000007/00000027.PG,152,E9B8423988BD6F29B217543C410191C520F1241C5672BE9C080586F4C182041F
Factory C/SSV_C_FA/SSV_HV_1/sdb/00000007/00000028.PG,306,AA04413A5871D7733C2A22D4D463F5FEEEF5422EB6E5F7DB6EF604C7C22AA66C
Factory C/SSV_C_FA/SSV_HV_1/sdb/00000007/00000029.PG,138,DD121FCB66A02E39914FF4D2139781D9B36FA4FAAAC437593C32001E2A6CD056
Factory C/SSV_C_FA/SSV_HV_1/sdb/00000007/0000002a.PG,598,BEE5E5CECB5EAC4F26FE282A1E21073429CFDE6262B40B03C9C44EE8C7066E86
Factory C/SSV_C_FA/SSV_HV_1/sdb/00000007/0000002b.PG,676,34B4CEA7C86443FFE09381F573534BAD60745B0281C4F91E79F2D3B188CE5273
Factory C/SSV_C_FA/SSV_HV_1/sdb/00000007/0000002c.PG,246,38F0AE038FDD0EF0DC6EF5FB7C8FA9440B53A059AF36C9BC8A0ABBE3DEBD7008
Factory C/SSV_C_FA/SSV_HV_1/sdb/00000007/0000002d.PG,238,27FEC08FF0447B7B4F4A192D470D5D957FEF337BCD5E74E05323A03532770EB9
Factory C/SSV_C_FA/SSV_HV_1/sdb/00000007/link/00000007.DBF,414,FDBA5A81BCC9B092438D2894AA9EC23C9A321DD0127105BAFBFDD66E155CF928
Factory C/SSV_C_FA/SSV_HV_1/sdb/00000007/list/00000007.DBF,5349,B65AE4E713957754BDBDB63E8AC7C4ADD9B5F6D300D40C8861745B277ED70090
Factory C/SSV_C_FA/SSV_HV_1/sdb/00000007/list/00000007.MDX,4096,589148DCF76DE7272D7041CE7A711D6AE8A5F9C397210F347E7E1BE5B58E0835
Factory C/SSV_C_FA/SSV_HV_1/sdb/00000008/00000003.PG,650,FA632DAD746E8A83BF74A8FA615604371B46CDC5664D9AEF11E9545C6136E408
Factory C/SSV_C_FA/SSV_HV_1/sdb/00000008/00000009.PG,338,CD31604FCE239F43AC187A08C8FC028ED0C42BB2EFCE80D63536008D66303944
Factory C/SSV_C_FA/SSV_HV_1/sdb/00000008/0000000a.PG,106,AB95586E862CB2EC95A0950C0C681ADFFF290B9BCF899FEB3D250CB302253F57
Factory C/SSV_C_FA/SSV_HV_1/sdb/00000008/0000000b.PG,106,EC682B053E8632BDDC745BB58BA402D7D35EBBF1FD023070EAE84D8382DCBDEC
Factory C/SSV_C_FA/SSV_HV_1/sdb/00000008/0000000c.PG,106,54E0CC4F5A1A6703B4DE74B78C099F46E95FF6F2D942B9400AADCA6278D09CF3
Factory C/SSV_C_FA/SSV_HV_1/sdb/00000008/0000000d.PG,106,42FDE4D86C012FE0597048B6D0DBFCA2F3C8EBC26786D7EA8ECA73F9C76D562A
Factory C/SSV_C_FA/SSV_HV_1/sdb/00000008/0000000e.PG,106,29B01A1E415B154C958DA62FF10DB9F6165C47A6A36A6427DD8C7CEA9BD1D1D9
Factory C/SSV_C_FA/SSV_HV_1/sdb/00000008/0000000f.PG,106,78CEDB3F5F107BD862E34ABF0FC1D131B0FB702DEC898867282698E8961BD50B
Factory C/SSV_C_FA/SSV_HV_1/sdb/00000008/00000010.PG,106,AFC72F601229BBCC75F266D0F10B3F6CC73B6E72479AD3EB6EF3F66DD2AB5264
Factory C/SSV_C_FA/SSV_HV_1/sdb/00000008/0000002e.PG,246,C201BA1DD7F07470C1BCB188346625E111593863A3846488CE605C0D0A27927A
Factory C/SSV_C_FA/SSV_HV_1/sdb/00000008/0000002f.PG,740,33F3DF70B10F3911CA3D0FAD2BE7977B9681E28BBC167DC9E0E166D269663720
Factory C/SSV_C_FA/SSV_HV_1/sdb/00000008/00000030.PG,650,03F00D4A356DE1DCC1A60313B886F5B846FBFD1BD331037B9FD19BAE15D4A112
Factory C/SSV_C_FA/SSV_HV_1/sdb/00000008/00000031.PG,138,089B04B7842ED62CE7C41FAAD717976B383769BA42D4E74FA372A7DA6C08FB93
Factory C/SSV_C_FA/SSV_HV_1/sdb/00000008/00000032.PG,306,3A19DF0B69C9B061352F28049A8F9ACC23E31CEE2B71287D6452A5F699C90361
Factory C/SSV_C_FA/SSV_HV_1/sdb/00000008/00000033.PG,152,5EC6BC612751736F5D2A12F96F12DDFC4EEE547E5C87C3C6E3B8F61443D51F4B
Factory C/SSV_C_FA/SSV_HV_1/sdb/00000008/00000034.PG,554,070F409DEE806F3FA70655FB4913A25719E33182545DF61A0516A8495334F06A
Factory C/SSV_C_FA/SSV_HV_1/sdb/00000008/00000035.PG,142,35E12E36A6FC50A3C8691428138F5C33E6A0B16DBA9380CB2F0DD27A5D61FA64
Factory C/SSV_C_FA/SSV_HV_1/sdb/00000008/00000036.PG,2192,59DFB07DE9DD59B0968074D6C7F61CE9DA40C743AE11036563C8D2C3C5A97395
Factory C/SSV_C_FA/SSV_HV_1/sdb/00000008/00000037.PG,696,F2412026F056D0088E2A0B24303FD4D0EAF4ABFF6885969E45C0CFA9BFEEB8AC
Factory C/SSV_C_FA/SSV_HV_1/sdb/00000008/00000038.PG,808,03A162671655BBA7C9D62246856C2E9DA961986B23D8822E0D44904970A45489
Factory C/SSV_C_FA/SSV_HV_1/sdb/00000008/00000039.PG,238,432579EBDA1D7C3037E8CA4CB044D1F37C867C0800A228BC69C7A3ED4E564AD1
Factory C/SSV_C_FA/SSV_HV_1/sdb/00000008/link/00000008.DBF,414,2FD5A83289B49864CBFFBA3F769C7BAF2059EDC602211E8DFB930690D160EF35
Factory C/SSV_C_FA/SSV_HV_1/sdb/00000008/list/00000008.DBF,6681,48A4B01FE72843FA46235C9B71D8B46EE1DA452BFD3BE5290927C7E59D667ED4
Factory C/SSV_C_FA/SSV_HV_1/sdb/00000008/list/00000008.MDX,4096,EB9B0700C17EA2E5341067885A045AF1C19F3A55376F72A6A2E09A80F292F933
Factory C/SSV_C_FA/SSV_HV_1/sdb/00000009/00000006.PG,106,0E4B3D019EBF5214030E47A94A0F24F70B64D5FFB4C893BD2E53864642DA30CF
Factory C/SSV_C_FA/SSV_HV_1/sdb/00000009/00000007.PG,106,5BD8A07FBB171B42EE110B3A1E46650040E6C2FBC8B5D2BD8BB1AF7DF559609C
Factory C/SSV_C_FA/SSV_HV_1/sdb/00000009/00000008.PG,106,E34E01A215FE2A63FEBF1D1C600C9C2C09FEDF3E2087C14D15BDCB7588506E1A
Factory C/SSV_C_FA/SSV_HV_1/sdb/00000009/00000009.PG,106,EB4275FF25745B88187A9261753BB2FE62A0D8184A9DDAEA331B181C6D1FA120
Factory C/SSV_C_FA/SSV_HV_1/sdb/00000009/0000000a.PG,106,325B6E4B11E98EDCFFB07B180A1DF171916296A20E48835CFF4D8F0EB884BAD1
Factory C/SSV_C_FA/SSV_HV_1/sdb/00000009/0000000b.PG,106,2DC8B29AF722AE2DA187833024796A5C99EED2DB41D939291A39D8FAAFE4E176
Factory C/SSV_C_FA/SSV_HV_1/sdb/00000009/0000000c.PG,106,875384D056376D735A113AEEA25254A083B3FC41D3BC53362BC800AB9F087D07
Factory C/SSV_C_FA/SSV_HV_1/sdb/00000009/0000000d.PG,338,0CF6531EE1A96EC524DFA7D2F9F2F4F8E158D98F0FA37F95B519BD313259B0D8
Factory C/SSV_C_FA/SSV_HV_1/sdb/00000009/00000013.PG,650,04AEE2846144C0FFAF0D241C041195618E005001D5F3EC7158350DAD72C8106F
Factory C/SSV_C_FA/SSV_HV_1/sdb/00000009/000000d6.PG,266,D8253D0F0E3EF637B42CEF5DFE41E888E0D4180F4F2857DEA7241B639B1FA16C
Factory C/SSV_C_FA/SSV_HV_1/sdb/00000009/000000d7.PG,806,814E613C13DE3AE54DA897741FFD36BDFA13B4A5D0E38FF8235AEC6D8050C82A
Factory C/SSV_C_FA/SSV_HV_1/sdb/00000009/000000d8.PG,696,11A67782A380F5F47B32B46124164A6929FCA0D3E287CAAC6E4CBF2443BDABB3
Factory C/SSV_C_FA/SSV_HV_1/sdb/00000009/000000d9.PG,2198,97BC483720EAA954DDD4C0931F56796D3AECA49F23A70DBD7D8F88B11FBA25DC
Factory C/SSV_C_FA/SSV_HV_1/sdb/00000009/000000da.PG,142,5C9F5BEE31EAACA5779F69D2243602FC1EBA89806D8C2529652038EBBB3CA023
Factory C/SSV_C_FA/SSV_HV_1/sdb/00000009/000000db.PG,554,080A060FB9E3D24D288BCCFF6D2E71BA9F09E20802479E041B9CF5F8A394A028
Factory C/SSV_C_FA/SSV_HV_1/sdb/00000009/000000dc.PG,152,0B1DE03D2D793E0D3E4677C27765180AE011E52AD0A8990A089BD8CD1AF8B089
Factory C/SSV_C_FA/SSV_HV_1/sdb/00000009/000000dd.PG,306,5F128F081DCD3600BF5CFDF4684C3E78275D87E5CF1D69254543F44F2B707C67
Factory C/SSV_C_FA/SSV_HV_1/sdb/00000009/000000de.PG,138,365EEEA62B23E20DA810F52A610AE94B8E46C0ECD8897B83C56747C193AE0313
Factory C/SSV_C_FA/SSV_HV_1/sdb/00000009/000000df.PG,598,F066E0DE31CCED86288B671C78ABB1797BDBECAA27498701D6B53C0DDFC4120A
Factory C/SSV_C_FA/SSV_HV_1/sdb/00000009/000000e0.PG,352,BD99650299CEBCA59B6E53FA1C70D2AF14A4BF4B5E0AF0DB6846AF6DB562FC1F
Factory C/SSV_C_FA/SSV_HV_1/sdb/00000009/000000e1.PG,238,43E7127975261E4F24C101DE8E657904040FAAF75D9C9558719DA739B4588257
Factory C/SSV_C_FA/SSV_HV_1/sdb/00000009/link/00000009.DBF,414,B0207F6B96B7F0E54FB8F3E6DADFB1C19F09290626B04DC68AE470580BB655E3
Factory C/SSV_C_FA/SSV_HV_1/sdb/00000009/list/00000009.DBF,25329,9511CD788675F8754A2850C7BDE3F21FCE377E90D2BAD40A4EFE4D4E0612075D
Factory C/SSV_C_FA/SSV_HV_1/sdb/00000009/list/00000009.MDX,4096,5A003E159018865AB34229A4BDE71C7CD929A8EA66C8B1909CAF4BFAE3B72853
Factory C/SSV_C_FA/SSV_HV_1/sdb/0000000a/00000001.PG,238,857D552192615CA824473E07EE3121749CC245EDC7AA3AD40F248CC9E8591C3D
Factory C/SSV_C_FA/SSV_HV_1/sdb/0000000a/00000002.PG,138,65A54E9BFA5988C16DB6E69A1F6C0B006C469D6D90DFEEF1C53F5C5B9A2C481E
Factory C/SSV_C_FA/SSV_HV_1/sdb/0000000a/00000003.PG,106,048509D4B770B1CE44378457BA6EC6CDB63B89261336B4B58EE2FA925863C725
Factory C/SSV_C_FA/SSV_HV_1/sdb/0000000a/00000004.PG,142,2F98188219F03E4A1BF18617C084546A4DC937994E8C8D2B71262CB3F90F6481
Factory C/SSV_C_FA/SSV_HV_1/sdb/0000000a/00000005.PG,346,C7DC3377D58CD26A5973EE0CB558911F581544594233208B74FE09D80E58C28B
Factory C/SSV_C_FA/SSV_HV_1/sdb/0000000a/00000006.PG,152,ABA57D9347CE8E13FC47ECA169531FDF036006417E24F453218FC304CDC7B81C
Factory C/SSV_C_FA/SSV_HV_1/sdb/0000000a/00000007.PG,204,6721BF5BFECBAA7CA83CC4796314BE58F9A02C450996F7D48461E66CC8E1F141
Factory C/SSV_C_FA/SSV_HV_1/sdb/0000000a/00000008.PG,2836,7221D775455B8B06F68881B2A56E653ED614E9E4D970944F9E31459672E8A85E
Factory C/SSV_C_FA/SSV_HV_1/sdb/0000000a/00000009.PG,878,74F87557A6D4042D42985BE71B1E9DF2AA291BEF5DA9F0FCD7FB7E1E94DBCF44
Factory C/SSV_C_FA/SSV_HV_1/sdb/0000000a/0000000a.PG,696,44A994B24B18C84A94C549043132506D384075CA014EE1092AF76A1A742B5003
Factory C/SSV_C_FA/SSV_HV_1/sdb/0000000a/0000000b.PG,306,501637E51874A277CFB7289BCBDE45D54107C19A7AF5278170A23FEEFD1264FB
Factory C/SSV_C_FA/SSV_HV_1/sdb/0000000a/0000000c.PG,820,AA430E9A92900FBFEC09B510B9D572ADF3929CD1B215F2F76899724483D087E1
Factory C/SSV_C_FA/SSV_HV_1/sdb/0000000a/link/0000000A.DBF,414,0C57FD7C7AE4D70DFAB979D9EA04DD3F55524994D0384EF05945E27CE8D36695
Factory C/SSV_C_FA/SSV_HV_1/sdb/0000000a/list/0000000A.DBF,1686,60A805BFD9CB90BE778ED910DE7EF3968011F31360F6A3607D00923A5F220769
Factory C/SSV_C_FA/SSV_HV_1/sdb/0000000a/list/0000000A.MDX,4096,026212BAFDF1771A378DC35AD30C22E28CB5CB7FE4C1CC55B05B5F9A73DE1B3C
Factory C/SSV_C_FA/SSV_HV_1/sdb/0000000b/00000001.PG,238,27FEC08FF0447B7B4F4A192D470D5D957FEF337BCD5E74E05323A03532770EB9
Factory C/SSV_C_FA/SSV_HV_1/sdb/0000000b/00000002.PG,246,38F0AE038FDD0EF0DC6EF5FB7C8FA9440B53A059AF36C9BC8A0ABBE3DEBD7008
Factory C/SSV_C_FA/SSV_HV_1/sdb/0000000b/00000003.PG,676,34B4CEA7C86443FFE09381F573534BAD60745B0281C4F91E79F2D3B188CE5273
Factory C/SSV_C_FA/SSV_HV_1/sdb/0000000b/00000004.PG,598,BEE5E5CECB5EAC4F26FE282A1E21073429CFDE6262B40B03C9C44EE8C7066E86
Factory C/SSV_C_FA/SSV_HV_1/sdb/0000000b/00000005.PG,138,DD121FCB66A02E39914FF4D2139781D9B36FA4FAAAC437593C32001E2A6CD056
Factory C/SSV_C_FA/SSV_HV_1/sdb/0000000b/00000006.PG,306,AA04413A5871D7733C2A22D4D463F5FEEEF5422EB6E5F7DB6EF604C7C22AA66C
Factory C/SSV_C_FA/SSV_HV_1/sdb/0000000b/00000007.PG,152,E9B8423988BD6F29B217543C410191C520F1241C5672BE9C080586F4C182041F
Factory C/SSV_C_FA/SSV_HV_1/sdb/0000000b/00000008.PG,554,E561FC1B06F69D5ADC627825AC2FCF4E30F44B12901667D82D02FFB4F64FEB43
Factory C/SSV_C_FA/SSV_HV_1/sdb/0000000b/00000009.PG,142,5DDF6FF0A0E5BF97E7794C1B9B8A6A80ABC4D4C3155ADF99687051E169C70687
Factory C/SSV_C_FA/SSV_HV_1/sdb/0000000b/0000000a.PG,2164,8997C71D96501BD32006BF388566058A9E662C412627090388CCAF87900DB127
Factory C/SSV_C_FA/SSV_HV_1/sdb/0000000b/0000000b.PG,696,3ED1FCC14AEE65711035B25179E1FA075ED729BAE6960AA72CC629944F8BCA17
Factory C/SSV_C_FA/SSV_HV_1/sdb/0000000b/0000000c.PG,806,CEF3677D6E8EB7C1294A8F214A11A077200F0D66B27DB4289A74FDB6DE4475FB
Factory C/SSV_C_FA/SSV_HV_1/sdb/0000000b/0000000d.PG,106,D1210DDE007EA5517A5F44B0A8F57087E440EFEE9941B4240E71F6CF2526F39E
Factory C/SSV_C_FA/SSV_HV_1/sdb/0000000b/0000000e.PG,106,0379045A870B7A20108E566F85C43A778B04AAAD8BD30BE7C607829D1291A167
Factory C/SSV_C_FA/SSV_HV_1/sdb/0000000b/0000000f.PG,106,E150A3FE1125AAFD6B4C71BDE1DA31AFF302233DC9B895973E1D94CC7B1C528A
Factory C/SSV_C_FA/SSV_HV_1/sdb/0000000b/00000010.PG,106,70AE28EB13573C9218896158CBEFE77EFBAE10C0509F2A448C96593111083947
Factory C/SSV_C_FA/SSV_HV_1/sdb/0000000b/00000011.PG,106,4C9528E015F0ECE609EFC800C7FA18826C90D508E556B462FD2D0585B5FB4340
Factory C/SSV_C_FA/SSV_HV_1/sdb/0000000b/00000012.PG,106,A59D3CC8E6F6E7F372318CD2277D5CA4A72CC6638D58E30E019D6035F920F399
Factory C/SSV_C_FA/SSV_HV_1/sdb/0000000b/00000013.PG,106,135F275D11BA7E9FF0E8D735DD1FEA5E3DA422DDAA8CC04C74155D9005ED8BFF
Factory C/SSV_C_FA/SSV_HV_1/sdb/0000000b/00000014.PG,338,628F5B1BD945A87CC8BD7080E6DD6D5CB0591CC71964D168F45DE8BD4E218EA3
Factory C/SSV_C_FA/SSV_HV_1/sdb/0000000b/00000015.PG,650,04AEE2846144C0FFAF0D241C041195618E005001D5F3EC7158350DAD72C8106F
Factory C/SSV_C_FA/SSV_HV_1/sdb/0000000b/link/0000000B.DBF,414,F991CCF7D6C29AB5D494BEE5827F1EDDD1B935C6188D09362E7A41A074536B59
Factory C/SSV_C_FA/SSV_HV_1/sdb/0000000b/list/0000000B.DBF,2685,EA3A2BA9A8D6727351091256A47F0A809922054804373ACB2E5CE5D63DA044F9
Factory C/SSV_C_FA/SSV_HV_1/sdb/0000000b/list/0000000B.MDX,4096,360CCC3A921E1BA8859653947DCCA91D954B4AF671C90174D909574A754FE1F6
Factory C/SSV_C_FA/SSV_HV_1/sdb/S0112001.DBF,899,8CBD2E39F32A8CDF1F901166F818C197121443B917C58A1382A0426CC687E2BE
Factory C/SSV_C_FA/SSV_HV_1/sdb/S0112001.MDX,4096,DE8B4B4E6E3247964B963E1ACBC84043588466917790034DBD8A5828591B2FCC
Factory C/SSV_C_FA/SSV_HV_1/sdb/sdblast.id,8,5FD1B79EBDEF9619A57916A3BFC264B54D37A792659B3693F8AB36EC3EBCE448
Factory C/SSV_C_FA/SSV_HV_1/sdb/sdblock.lck,0,E3B0C44298FC1C149AFBF4C8996FB92427AE41E4649B934CA495991B7852B855
Factory C/SSV_C_FA/SSV_HV_1/SSV_HVAC.s7p,103,B43CE0958119B17E287CE53C0AE6BC666C936A802015EF63DF606553552988CE
Factory C/SSV_C_FA/SSV_HV_1/SSV_HVAC.S7S,0,E3B0C44298FC1C149AFBF4C8996FB92427AE41E4649B934CA495991B7852B855
Factory C/SSV_C_FA/SSV_HV_1/XUTILS/BS000002.lck,0,E3B0C44298FC1C149AFBF4C8996FB92427AE41E4649B934CA495991B7852B855
Factory C/SSV_C_FA/SSV_HV_1/XUTILS/BS000003.lck,0,E3B0C44298FC1C149AFBF4C8996FB92427AE41E4649B934CA495991B7852B855
Factory C/SSV_C_FA/SSV_HV_1/XUTILS/BS000004.lck,0,E3B0C44298FC1C149AFBF4C8996FB92427AE41E4649B934CA495991B7852B855
Factory C/SSV_C_FA/SSV_HV_1/XUTILS/BS000005.lck,0,E3B0C44298FC1C149AFBF4C8996FB92427AE41E4649B934CA495991B7852B855
Factory C/SSV_C_FA/SSV_HV_1/XUTILS/BS000006.lck,0,E3B0C44298FC1C149AFBF4C8996FB92427AE41E4649B934CA495991B7852B855
Factory C/SSV_C_FA/SSV_HV_1/XUTILS/BS112001.DBF,743,EE92AC844E4DCE004286BBEED937E79A22DEEF50E24A8667F6874828E317361E
Factory C/SSV_C_FA/SSV_HV_1/XUTILS/BS112001.MDX,4096,C6578473933FA1FA40B4BBAC37E856FCDABEB9A3949355EE6FD5753818E344B9
Factory C/SSV_C_FA/SSV_HV_1/XUTILS/BSlstlck.lck,0,E3B0C44298FC1C149AFBF4C8996FB92427AE41E4649B934CA495991B7852B855
Factory C/SSV_C_FA/SSV_HV_1/XUTILS/BstlID.ubs,4,7AA8CA4A02506DA9133D8F889678B76F716CE45D02E22FDB7B70A15E56A0EFF8
Factory C/SSV_C_FA/SSV_HV_1/XUTILS/CT112001.DBF,706,A6AF915BA950D81178034E35D88670AD472D67AD35E79B9E6BA3F10B9D91D730
Factory C/SSV_C_FA/SSV_HV_1/XUTILS/CT112001.MDX,4096,4390DA5DED2FCB1DD02BAC82FDF8EA54777326443236969FE919D0FD9198D3A8
Factory C/SSV_C_FA/SSV_HV_1/XUTILS/CtlistID.uct,4,7AA8CA4A02506DA9133D8F889678B76F716CE45D02E22FDB7B70A15E56A0EFF8
Factory C/SSV_C_FA/SSV_HV_1/XUTILS/CTlstlck.lck,0,E3B0C44298FC1C149AFBF4C8996FB92427AE41E4649B934CA495991B7852B855
Factory C/SSV_C_FA/SSV_HV_1/XUTILS/links/BSL00002.DBF,414,1FF36B793116586392071BAF98C814D5F9BD74603DA745C9564BEB09CA8A5847
Factory C/SSV_C_FA/SSV_HV_1/XUTILS/links/BSL00003.DBF,414,2EA0F656F125C0903AA9544F5E75032C942CB08AB6F81350B950C86F75E65F4D
Factory C/SSV_C_FA/SSV_HV_1/XUTILS/links/BSL00004.DBF,414,758F897610845186F21C078E2C9D8D97D19CF8AD245D29CC31C07C42D07CC005
Factory C/SSV_C_FA/SSV_HV_1/XUTILS/links/BSL00005.DBF,414,6641261C1FAC7111EE45A6B1DE895AD821326D3DC20AEF3D836EBB15A794AB0D
Factory C/SSV_C_FA/SSV_HV_1/XUTILS/links/BSL00006.DBF,414,CD0859E82D863E9B5564D3BBBDBBD97034526A2AA6024DFCCC54A2A520DC6CC4
Factory C/SSV_C_FA/SSV_HV_1/XUTILS/links/CTL00002.DBF,414,E0D333FD98CEFCD4FDB0F12D488B6DBF430A5726CA338B12327DF1F4C23CDF7B
Factory C/SSV_C_FA/SSV_HV_1/XUTILS/links/CTL00003.DBF,414,56FBE93728E1EF4D06F12382F15BCF2A08748D58B67812C0BD8EB39B6F2AE75C
Factory C/SSV_C_FA/SSV_HV_1/XUTILS/links/CTL00004.DBF,414,A9DE23A107EB7B25A1D9DECFEDFF03D920BD36BFA651204BC4C8B6E44518E16B
Factory C/SSV_C_FA/SSV_HV_1/XUTILS/links/CTL00005.DBF,414,E01048DC0B1E8772CAB729B26AE5DE59C116D3EBF2FD1D9D06AC988EA6B15E7A
Factory C/SSV_C_FA/SSV_HV_1/XUTILS/links/CTL00006.DBF,414,D5F0F6B0A086EB9B204A172B731B26CFE00456C9C7E4DC837A3C14C2CF2B06C8
Factory C/SSV_C_FA/SSV_HV_1/XUTILS/links/XRL00002.DBF,414,A6A23A253A7C2992CECBBB835D29E3FE06F8EC4352949EAF33CC9FE95CB930CA
Factory C/SSV_C_FA/SSV_HV_1/XUTILS/links/XRL00003.DBF,414,FCBDBB057E43D3FA2A36F059D5467B7C05D3BA68386CB61A2C2C7EAE0CD98C82
Factory C/SSV_C_FA/SSV_HV_1/XUTILS/links/XRL00004.DBF,414,A98488AAF2984648CBA7CB832E61AC8C4885088821F82FE3924F8DF4F5ACAA9E
Factory C/SSV_C_FA/SSV_HV_1/XUTILS/links/XRL00005.DBF,414,D5D0FC433FB0086ED8544B1CB4112CD7907A216570DB239BA9F81B4BC81CC4A1
Factory C/SSV_C_FA/SSV_HV_1/XUTILS/links/XRL00006.DBF,414,2DBCDC75C4EE6850610FD9027D3B359728E4F00D375CA1C86940DF2EE3739443
Factory C/SSV_C_FA/SSV_HV_1/XUTILS/listen/BS000002.DBF,2240,2AF5C38FD1658E5899F9DF9B91C02A10472022D4F75B2944FEE9C5F01F046AE4
Factory C/SSV_C_FA/SSV_HV_1/XUTILS/listen/BS000002.MDX,6144,6663F6EF13409A1CB6D9E65E68A696BA7348AFD2993C7A7F1F49CB6BC0105358
Factory C/SSV_C_FA/SSV_HV_1/XUTILS/listen/BS000003.DBF,340,DAF41D98C41D984113FA24415DF74C5C6F0FF5001949C88EBEDE4D0BC70DF220
Factory C/SSV_C_FA/SSV_HV_1/XUTILS/listen/BS000003.MDX,6144,265A585EC96D1AE24B50186688D7B67582B509DA7BAA65DC06DADA6ED2AA2600
Factory C/SSV_C_FA/SSV_HV_1/XUTILS/listen/BS000004.DBF,640,2E8E4DC997B1D4324449E5ED7968B83C033FBEA8F13894DC05F79782B3AC2BE7
Factory C/SSV_C_FA/SSV_HV_1/XUTILS/listen/BS000004.MDX,6144,092258CC0512096A74A1EE1192367D7B88A33A4AEB1C4F017BD99BFC75F26991
Factory C/SSV_C_FA/SSV_HV_1/XUTILS/listen/BS000005.DBF,740,CCA9C170D197CF0965818B4C2A62793EFC142BCBC0502E48D36EBF46D3D9134E
Factory C/SSV_C_FA/SSV_HV_1/XUTILS/listen/BS000005.MDX,6144,DC1B10C65B47F6B2358E7C886CE38898294B433B56008A2C21BF26DAF6E3C689
Factory C/SSV_C_FA/SSV_HV_1/XUTILS/listen/BS000006.DBF,2240,E472F27B2D3F3474BA8D586F62C62C4694DD6821692CB6842182DD081F6F6548
Factory C/SSV_C_FA/SSV_HV_1/XUTILS/listen/BS000006.MDX,6144,6663F6EF13409A1CB6D9E65E68A696BA7348AFD2993C7A7F1F49CB6BC0105358
Factory C/SSV_C_FA/SSV_HV_1/XUTILS/listen/CT000002.DBF,24844,BB4124738E99030ABAC720EB33C40D1F7E6B304545C24D99DAC9481C9C75C81B
Factory C/SSV_C_FA/SSV_HV_1/XUTILS/listen/CT000002.MDX,28672,B8798DF0D51BE670B6B76D5E808BE6DDE0E92474869FE828F528EC321A033E39
Factory C/SSV_C_FA/SSV_HV_1/XUTILS/listen/CT000003.DBF,4075,35D3ED85E92483E43022EAA5474AB509EC75CDE1786BD5191E513860C84F443E
Factory C/SSV_C_FA/SSV_HV_1/XUTILS/listen/CT000003.MDX,8192,F60B7A7E6F4E8C2D3D2011D6F30F5CB846F7DD72EF600F0C40B535E0E9FCE253
Factory C/SSV_C_FA/SSV_HV_1/XUTILS/listen/CT000004.DBF,18496,FC7574D3FF53E41F36FDA83C740A1153D67550CF3EA69A45CFB16B39A4867DDC
Factory C/SSV_C_FA/SSV_HV_1/XUTILS/listen/CT000004.MDX,24576,A3751737A4355A0ED5D0CCEADB1BA0F47FB5443544947B40437D5AF9EEB8A491
Factory C/SSV_C_FA/SSV_HV_1/XUTILS/listen/CT000005.DBF,11320,8F96478DA0061CC0067C3F1AB098F55CC8B62E3C974F4FF835533957F1CD7182
Factory C/SSV_C_FA/SSV_HV_1/XUTILS/listen/CT000005.MDX,16384,D0D68369CA411235388367BCD9F6A2619C6CC2EC1CA3437BFCEB01C853909BD7
Factory C/SSV_C_FA/SSV_HV_1/XUTILS/listen/CT000006.DBF,24844,73FCF16218AE666F1A6F5802EC50A72A89EE0DB3692D1CA96AE37C627A25471E
Factory C/SSV_C_FA/SSV_HV_1/XUTILS/listen/CT000006.MDX,28672,B8798DF0D51BE670B6B76D5E808BE6DDE0E92474869FE828F528EC321A033E39
Factory C/SSV_C_FA/SSV_HV_1/XUTILS/listen/XR000002.DBF,384106,8C431F68FD99D5D23F84DE3AE9728BC28F6911B42094AF943BF284903E8DA808
Factory C/SSV_C_FA/SSV_HV_1/XUTILS/listen/XR000002.DBT,24,B75BFA0E5FEDBBDA78BAAC9E634C8FE02AFEA17C672538A96ACFD087ABA10789
Factory C/SSV_C_FA/SSV_HV_1/XUTILS/listen/XR000002.MDX,505856,16C98504E7824A7106663B665E556E16B575162766B900D7E19DDB795881E524
Factory C/SSV_C_FA/SSV_HV_1/XUTILS/listen/XR000003.DBF,29614,1A767888EC38C1A8A19ED9075370C67598480A9D1320EB24F65AEC165D70C3B8
Factory C/SSV_C_FA/SSV_HV_1/XUTILS/listen/XR000003.DBT,24,A4991F62B9347FF6078B64EC6F36E6EF6710D06F980A83ED78D62BF6B3267BFF
Factory C/SSV_C_FA/SSV_HV_1/XUTILS/listen/XR000003.MDX,51200,D322A5AA9DBE421F15EF256D7252231D6F696B5FBA893758010CA245250DB31D
Factory C/SSV_C_FA/SSV_HV_1/XUTILS/listen/XR000004.DBF,268092,499249BD2F7A9A514D6DF724E13CECB76735723108353304F1FC808946583E8C
Factory C/SSV_C_FA/SSV_HV_1/XUTILS/listen/XR000004.DBT,24,954B071258DEBDA5419A8D8DE66D15FE44B58DC21D1ADA5467A0B8861CAA986B
Factory C/SSV_C_FA/SSV_HV_1/XUTILS/listen/XR000004.MDX,410624,DC3D2F5E9EF24D2FF054874B29E9C519579D07A0E57886BC43046A44DB2DBB33
Factory C/SSV_C_FA/SSV_HV_1/XUTILS/listen/XR000005.DBF,220104,B10A3AE21E241793800835CB83CFFEA90BE1C143884DD26C57E1034D6A0E42D2
Factory C/SSV_C_FA/SSV_HV_1/XUTILS/listen/XR000005.DBT,24,833CDA8B659C4223A3FA222D636039E48717360D0CD980AA164ECB6C075C5D44
Factory C/SSV_C_FA/SSV_HV_1/XUTILS/listen/XR000005.MDX,297984,EE30E360E79B26A7BD53D2BAC004BD513815758C26E2FFE8D123E6BB74D81701
Factory C/SSV_C_FA/SSV_HV_1/XUTILS/listen/XR000006.DBF,384278,5A17C75CC738CF32AE34E535B27B544651FE5261E34F96C24AF6C6E5CA3867D7
Factory C/SSV_C_FA/SSV_HV_1/XUTILS/listen/XR000006.DBT,5632,DD661256041DC4B459E00FBE77C0B2F7DA61EA639E5795F827CE46E2825672D8
Factory C/SSV_C_FA/SSV_HV_1/XUTILS/listen/XR000006.MDX,563200,D9031FE6D1A90AD77C302703BDB9A7B6A9701A29BA80A573E502634D47A0D811
Factory C/SSV_C_FA/SSV_HV_1/XUTILS/XR112001.DBF,706,7E1969B39A5EF1147E9CA6F76CF0E39BE64C926635F73D3FBEAF0B7671CB28C3
Factory C/SSV_C_FA/SSV_HV_1/XUTILS/XR112001.MDX,4096,CDF73061813F55B82D839804B879C960466D2D298E8CF510DF3BB67E22CBDE22
Factory C/SSV_C_FA/SSV_HV_1/XUTILS/XRlistID.uxt,4,7AA8CA4A02506DA9133D8F889678B76F716CE45D02E22FDB7B70A15E56A0EFF8
Factory C/SSV_C_FA/SSV_HV_1/XUTILS/XRlstlck.lck,0,E3B0C44298FC1C149AFBF4C8996FB92427AE41E4649B934CA495991B7852B855
Factory C/SSV_C_FA/SSV_HV_1/YDBs/13190/SYMLIST.DBF,15988,D583275D9FBC43A59F55908CAE92AE9514138EC9D9417CF02EF6A1BC1146587C
Factory C/SSV_C_FA/SSV_HV_1/YDBs/13190/Symlist.id,4,85DD751867E3155C7F2E23E8446546906F5BF617D4D985ED474822613764D69E
Factory C/SSV_C_FA/SSV_HV_1/YDBs/13190/SYMLIST.MDX,16384,07B45CE9A9E91D9B27D1849A4D8ABC12E17FE7D977DF16658DF42177689E1BB7
Factory C/SSV_C_FA/SSV_HV_1/YDBs/2751/SYMLIST.DBF,16598,97489848FF16D03CE449CAC7E1F0F3AFF98EA2B6E013BFA9F4C2EA7F2292ABBC
Factory C/SSV_C_FA/SSV_HV_1/YDBs/2751/Symlist.id,4,77F906B94309DC84A1D71649EEAC2D708182919F62D74580340943D6D8014BF9
Factory C/SSV_C_FA/SSV_HV_1/YDBs/2751/SYMLIST.MDX,16384,279A26F797E58702B719C3EA7B09E72589DB629F77668889DC45693C5153593B
Factory C/SSV_C_FA/SSV_HV_1/YDBs/3673/SYMLIST.DBF,24833,9206EABD86D6ED8C8B017AF92AE6A2A51A4DFBECDA99C5402DC862C3F5EF9DE7
Factory C/SSV_C_FA/SSV_HV_1/YDBs/3673/Symlist.id,4,CFF611E6FECB2649FE363C0DCF79CB556A59D01303808EB1F8C0D30B102CBE3C
Factory C/SSV_C_FA/SSV_HV_1/YDBs/3673/SYMLIST.MDX,24576,CAA90A056BD08F7CDFEB9945C027A62DF375B7091B32A9BCA0811C030F230F32
Factory C/SSV_C_FA/SSV_HV_1/YDBs/3790/SYMLIST.DBF,23918,93BBEBACF837F85F69DC3B6F768FAFFE983B94D41DDDD8092619DD6B8DB9B224
Factory C/SSV_C_FA/SSV_HV_1/YDBs/3790/Symlist.id,4,33149FF2DC4209E1A1EF29589FE8A3E5D59CB05F0D75531C5D4E17CF72EB6882
Factory C/SSV_C_FA/SSV_HV_1/YDBs/3790/SYMLIST.MDX,24576,4EE424198AF385EE9476C2B9E57427EBAD0E9CA8ED148EB48282E044755020CF
Factory C/SSV_C_FA/SSV_HV_1/YDBs/3836/SYMLIST.DBF,15683,ED13B634B7FFBB2BD9D3BC991B33A86E26C5F2850E6B403124522B059C730174
Factory C/SSV_C_FA/SSV_HV_1/YDBs/3836/Symlist.id,4,60864AAE264519399C7A7379382E411D40A3BD0F1641E669FB73183D223F6BD0
Factory C/SSV_C_FA/SSV_HV_1/YDBs/3836/SYMLIST.MDX,16384,C54B002D06FEB2C18099D7AE59373D6B9A7F23F7B222A8A9877AA4DCCB002B86
Factory C/SSV_C_FA/SSV_HV_1/YDBs/4081/SYMLIST.DBF,15378,21014B752D79E83B8A74CDD313500805ECF52392737BE45EB3EB017F7BF207BF
Factory C/SSV_C_FA/SSV_HV_1/YDBs/4081/Symlist.id,4,4F8320D91E97D546DC799848E8D218E18050AF7A7964E0414DE9E5479006D7E3
Factory C/SSV_C_FA/SSV_HV_1/YDBs/4081/SYMLIST.MDX,16384,D64AB48DF90C2311850A92EB949DDADF477C2256F08A919AAAE4C97A88653E40
Factory C/SSV_C_FA/SSV_HV_1/YDBs/4114/SYMLIST.DBF,16293,3212B2273810488FB2F7876A8DF1CCBD06D02822EE0CCC4C0A455B274FAA9736
Factory C/SSV_C_FA/SSV_HV_1/YDBs/4114/Symlist.id,4,40D95A7C7F1655A0070DDF3CE81EB83C0E88AB92766B85E6A0BB98503896E036
Factory C/SSV_C_FA/SSV_HV_1/YDBs/4114/SYMLIST.MDX,16384,22C0B22D24436963A3129C268F97CEB483915C99BEAA0ABE682F8E337B64399A
Factory C/SSV_C_FA/SSV_HV_1/YDBs/4153/SYMLIST.DBF,17208,3EDC00204349A15B266931268ABA6B5299FF0E7631A93308D10770DB928E1912
Factory C/SSV_C_FA/SSV_HV_1/YDBs/4153/Symlist.id,4,6855B5C2B40B54D75FD440A0A03AA931FBDECC3CAD86BEEF3EB94653289CD3A5
Factory C/SSV_C_FA/SSV_HV_1/YDBs/4153/SYMLIST.MDX,16384,90D25401D70388DA8C0344EE150D542D319AEBDA8BE941F610A0732326C6C83D
Factory C/SSV_C_FA/SSV_HV_1/YDBs/4241/SYMLIST.DBF,15683,1FAD4893FD5D96C2C806111EE347208561BC5DD84137761B9EDBBF03853BC46E
Factory C/SSV_C_FA/SSV_HV_1/YDBs/4241/Symlist.id,4,60864AAE264519399C7A7379382E411D40A3BD0F1641E669FB73183D223F6BD0
Factory C/SSV_C_FA/SSV_HV_1/YDBs/4241/SYMLIST.MDX,16384,C17F5276DEED15B801571E374A6DF1566D556774502F86AD2F72128084130AD0
Factory C/SSV_C_FA/SSV_HV_1/YDBs/4277/SYMLIST.DBF,15683,53BAEBA3FD747073F4D0953C4B6339620BDF40E16E3FB81BF18E8B8E51088B6C
Factory C/SSV_C_FA/SSV_HV_1/YDBs/4277/Symlist.id,4,60864AAE264519399C7A7379382E411D40A3BD0F1641E669FB73183D223F6BD0
Factory C/SSV_C_FA/SSV_HV_1/YDBs/4277/SYMLIST.MDX,16384,16847EF82B67A02F535D723422D635314BEB5FC13C046D8B2D2A37EB4782C638
Factory C/SSV_C_FA/SSV_HV_1/YDBs/9633/SYMLIST.DBF,8668,507915FC77BD591E279E79A85FA921BA4B8A6B24A339F7E23287DB6A7CED8658
Factory C/SSV_C_FA/SSV_HV_1/YDBs/9633/Symlist.id,4,AD497F997EAD95DB601F7D7ED72A7A624BA52CE6F4145A6DC7EC10D1F03876A9
Factory C/SSV_C_FA/SSV_HV_1/YDBs/9633/SYMLIST.MDX,12288,D284E5129FA45E6C453C2A0FDC615126F0E5CAB2789E054099295054B13373F4
Factory C/SSV_C_FA/SSV_HV_1/YDBs/SYMLISTS.DBF,8339,5C90216081DD6C8D09AB20BDE967BA2888C733502F3A97A620D46321F60747F6
Factory C/SSV_C_FA/SSV_HV_1/YDBs/SYMLISTS.MDX,6144,961DD5601F07924EC133D45FEB6C48EFBCAEAC2FBCF3B4A48E15297BC6F30CA7
Factory C/SSV_C_FA/SSV_HV_1/YDBs/YLNKLIST.DBF,1896,83678D5F787A6AC1EAB99DCA6353DF57E84B2A478606703E84C337ACAF9F50DE
Factory C/SSV_C_FA/XUTILS/BS000005.lck,0,E3B0C44298FC1C149AFBF4C8996FB92427AE41E4649B934CA495991B7852B855
Factory C/SSV_C_FA/XUTILS/BS000009.lck,0,E3B0C44298FC1C149AFBF4C8996FB92427AE41E4649B934CA495991B7852B855
Factory C/SSV_C_FA/XUTILS/BS00000a.lck,0,E3B0C44298FC1C149AFBF4C8996FB92427AE41E4649B934CA495991B7852B855
Factory C/SSV_C_FA/XUTILS/BS00000b.lck,0,E3B0C44298FC1C149AFBF4C8996FB92427AE41E4649B934CA495991B7852B855
Factory C/SSV_C_FA/XUTILS/BS00000c.lck,0,E3B0C44298FC1C149AFBF4C8996FB92427AE41E4649B934CA495991B7852B855
Factory C/SSV_C_FA/XUTILS/BS112001.DBF,1325,0936ADB9DA66C412DDEFBBA044CCC74389FDC1E2AD72750CC79D1E9D754E5F85
Factory C/SSV_C_FA/XUTILS/BS112001.MDX,4096,F1DDEBB6CBA9B8C358266A16FE90BC019484D0C09825F826FEFDB17500CBB2F4
Factory C/SSV_C_FA/XUTILS/BSlstlck.lck,0,E3B0C44298FC1C149AFBF4C8996FB92427AE41E4649B934CA495991B7852B855
Factory C/SSV_C_FA/XUTILS/BstlID.ubs,4,42F4AEB81C1EF81F771F3DE8ABCA9DCF66901C575530E7672E4B1146474AE650
Factory C/SSV_C_FA/XUTILS/CT112001.DBF,1282,CF78FD2E0A908024ACC4D7731BD97E9C133679CDE2405038D89C3F811E206D21
Factory C/SSV_C_FA/XUTILS/CT112001.MDX,4096,D7650FB16A4FF8A79DAFBAA77362961D6895A356634C5E93E5FD520FE7569DF2
Factory C/SSV_C_FA/XUTILS/CtlistID.uct,4,42F4AEB81C1EF81F771F3DE8ABCA9DCF66901C575530E7672E4B1146474AE650
Factory C/SSV_C_FA/XUTILS/CTlstlck.lck,0,E3B0C44298FC1C149AFBF4C8996FB92427AE41E4649B934CA495991B7852B855
Factory C/SSV_C_FA/XUTILS/links/BSL00005.DBF,414,6641261C1FAC7111EE45A6B1DE895AD821326D3DC20AEF3D836EBB15A794AB0D
Factory C/SSV_C_FA/XUTILS/links/BSL00009.DBF,414,F8F459769093596E2D097ABACB88C8C7474B2F4D44E77832855F546825BF7CC1
Factory C/SSV_C_FA/XUTILS/links/BSL0000A.DBF,414,C6F9D76E8D339F0E584579C5BBAFF63AF0792E6358276F0F3C31745AF1702263
Factory C/SSV_C_FA/XUTILS/links/BSL0000B.DBF,414,B758C8997BBE053751F5C841D8784C63B9EBCC365D640DF093507BBB28F10420
Factory C/SSV_C_FA/XUTILS/links/BSL0000C.DBF,414,BD28C9609E97B7690E3AB47F9AFB0F941C33A2C753BC986E2D5A9BD1A6FCA2EE
Factory C/SSV_C_FA/XUTILS/links/CTL00005.DBF,414,E01048DC0B1E8772CAB729B26AE5DE59C116D3EBF2FD1D9D06AC988EA6B15E7A
Factory C/SSV_C_FA/XUTILS/links/CTL00009.DBF,414,B821AD09D7BCE98F87E342A277E85BAD91340B929CB121667DB762FED1071A9D
Factory C/SSV_C_FA/XUTILS/links/CTL0000A.DBF,414,ECA5696DCD1735CF83E6CF01C8E108115D4193CE221DA3A343095627AB1F04BC
Factory C/SSV_C_FA/XUTILS/links/CTL0000B.DBF,414,24057EA2BFD2C2595587AE9F4363DB196CC22C37A1C5219A222937B5329721C3
Factory C/SSV_C_FA/XUTILS/links/CTL0000C.DBF,414,0D05E45F500945B5C0584BF1FDC26C1CA0F079E16CB8E088E995D04793C56264
Factory C/SSV_C_FA/XUTILS/links/XRL00005.DBF,414,D5D0FC433FB0086ED8544B1CB4112CD7907A216570DB239BA9F81B4BC81CC4A1
Factory C/SSV_C_FA/XUTILS/links/XRL00009.DBF,414,89257FF88BDFC7EDAC559CB108429CE5E6197EF0F6383BD202DB125AD72C9AE5
Factory C/SSV_C_FA/XUTILS/links/XRL0000A.DBF,414,A006A892DE761ABB526CA261979A2FCC248E0455CDD4999D041A84EFB7F099AD
Factory C/SSV_C_FA/XUTILS/links/XRL0000B.DBF,414,B682D855C396568CE2082657E394D3020CB5B635E891910473DCB40B7644BFEC
Factory C/SSV_C_FA/XUTILS/links/XRL0000C.DBF,414,0ED78D88B05F304C3D082B341881CD732A7C8DA305516EAB8E87619D08CDE50E
Factory C/SSV_C_FA/XUTILS/listen/BS000005.DBF,2240,D16D332A875417FBA31479F318887648E769F0BAE8808CBAA10C35C5DFAEA914
Factory C/SSV_C_FA/XUTILS/listen/BS000005.MDX,6144,2926BF15C0B0BD9795FF81F121C33D6542D30D04D5034E88470FB8B7D9C726EE
Factory C/SSV_C_FA/XUTILS/listen/BS000009.DBF,1840,3C7A873D640ECA5A9D70F81188E56B3EB772DF6DA71EC0E4739CCC0F22D855BC
Factory C/SSV_C_FA/XUTILS/listen/BS000009.MDX,6144,478EE70B98A5E9EE40B6109BD94565EAF796010E1B6EF43F0DC8D24FBFAE82D4
Factory C/SSV_C_FA/XUTILS/listen/BS00000a.DBF,1790,787C4686CA1BA50C4A4F9740D80F55F71B4F0CEDC2FD6D7D164ABCE07BD6B4D1
Factory C/SSV_C_FA/XUTILS/listen/BS00000a.MDX,6144,0FC6E3F8440991D50EAF9DE7E4C0F7940234D482C50590DB5C32E39F788A56B8
Factory C/SSV_C_FA/XUTILS/listen/BS00000b.DBF,1340,9C502FA22E64C7B629B4317DA350D19AE250A430C1B85AEA97D6EAAD94C1E493
Factory C/SSV_C_FA/XUTILS/listen/BS00000b.MDX,6144,A03644323DC59EBB80AE781F8B57FA027C92BC4B0507FE8970D71F692CF89E2F
Factory C/SSV_C_FA/XUTILS/listen/BS00000c.DBF,940,732E1D8F7BA442759AA6CE0B09CEABF60996F0A7ACEB27C0708F422FAC1FFF51
Factory C/SSV_C_FA/XUTILS/listen/BS00000c.MDX,6144,114A53512E1036D4211BAB925C80F265AD0EB8AD87F2730D031F84606ADF1949
Factory C/SSV_C_FA/XUTILS/listen/CT000005.DBF,36574,55A3E0A968AC8430F1900917D4BB4DE279E6A1FCB283DD2025AEF2D4CA1A9381
Factory C/SSV_C_FA/XUTILS/listen/CT000005.MDX,39936,98983A43131E73C5F0C60E041DF68B928DA005BB23DF601DF312D9691012E96A
Factory C/SSV_C_FA/XUTILS/listen/CT000009.DBF,39058,2CBA1CD80CD3FC016A4B7FC3A3F91545A9B006C14E01FAFC08D86BF1A7FD593D
Factory C/SSV_C_FA/XUTILS/listen/CT000009.MDX,39936,67486E52249AC59901EACD87EC21FA6DD79D20E172F4C5278CA6FC350093D696
Factory C/SSV_C_FA/XUTILS/listen/CT00000a.DBF,37057,C6836D1FBB1E1865643E51D25E610B46B4AF5DBB9DF0404826A79D2F5B60AD95
Factory C/SSV_C_FA/XUTILS/listen/CT00000a.MDX,39936,6EC734ACC476F20AF7AEA1A49095B68E67281EC5236985F008DF4EDD5084D9DB
Factory C/SSV_C_FA/XUTILS/listen/CT00000b.DBF,34021,4EF4C26A0C56254E8982DA0BD1035EAA6CCC3305E627839A2D1CA1114414F27D
Factory C/SSV_C_FA/XUTILS/listen/CT00000b.MDX,43008,99D6CBF997F0DB07FFB18A64C2E2C27B5E55784749805A9AA2B4466F4EDA5F31
Factory C/SSV_C_FA/XUTILS/listen/CT00000c.DBF,25465,2B2A8807C6497978FD72B7EF3A1DF8107586F0EFE53A597815896E47EC4AB26D
Factory C/SSV_C_FA/XUTILS/listen/CT00000c.MDX,32768,55CAB08C807449F7F85314B34A248A94B9975034AA994558E3D0F89E26F49189
Factory C/SSV_C_FA/XUTILS/listen/XR000005.DBF,553870,EB75706F97C8FE965E654857B9CDCC8BA4C8DB7E4D65F3EEC2E93B2180424DD0
Factory C/SSV_C_FA/XUTILS/listen/XR000005.DBT,3584,D7B9CD61A95D408B28D81499DC5C4D7ED7485041622941C6C8F1ECC346E4D575
Factory C/SSV_C_FA/XUTILS/listen/XR000005.MDX,791552,EB2BAB8AC7C60658738E132A6D76F6A28BF3D039BA52663CABFB7BE00D43DD71
Factory C/SSV_C_FA/XUTILS/listen/XR000009.DBF,615446,FEFD9F8C1A3D403C2817C3CDD9BD111D26729E5BD6A1931FB09A5DB053500125
Factory C/SSV_C_FA/XUTILS/listen/XR000009.DBT,3584,83FC6AB84894CC1A76DA98F86CBC50A18C8870BDA6F6E57556A4DB43D67197BD
Factory C/SSV_C_FA/XUTILS/listen/XR000009.MDX,806912,96F4A7B81038D8B101A1A1B420931E163BEE1F41764EB97E0DE9CA39F6D8BAF6
Factory C/SSV_C_FA/XUTILS/listen/XR00000a.DBF,569264,DDF87571845D45ABEC5F7BB83BAB7E1C6423911A785AFB4123194B0063C19153
Factory C/SSV_C_FA/XUTILS/listen/XR00000a.DBT,3584,83FC6AB84894CC1A76DA98F86CBC50A18C8870BDA6F6E57556A4DB43D67197BD
Factory C/SSV_C_FA/XUTILS/listen/XR00000a.MDX,801792,6C5309247843F348EA460B155FB0E232EA6E7A0921D11EF3F22FFF30229314C3
Factory C/SSV_C_FA/XUTILS/listen/XR00000b.DBF,628260,71D6482818A0D14B10D290FC60ED40FE91735DBB7ADC0F99998D2004ABE604CF
Factory C/SSV_C_FA/XUTILS/listen/XR00000b.DBT,24,47AF5F82ABE5531D8353F2AE8B45E39DC6680F475DA4605BAA3FEE0751601A76
Factory C/SSV_C_FA/XUTILS/listen/XR00000b.MDX,869376,8A267A9F12BF559FFC36F626C57D9CDD79EF4232FFF6058FE86699C636B7FC71
Factory C/SSV_C_FA/XUTILS/listen/XR00000c.DBF,484640,9AAFD6AE04D5771FAA602648DCD2327BCEB5CB2874D4E67A491C2C9613A3185A
Factory C/SSV_C_FA/XUTILS/listen/XR00000c.DBT,24,DFABDC6F1BDF6D6965F89E17F33B3B472188D7A1BCEE336DB8FD7F245BB7CF43
Factory C/SSV_C_FA/XUTILS/listen/XR00000c.MDX,733184,A799B0AC14DE605EC122792840BC63F973AC6262786392DFCAABDC7C61BFEA18
Factory C/SSV_C_FA/XUTILS/XR112001.DBF,1282,8B5194BA1F95CF5C0E080A8AAF530C28B855943A873F70C9EE097340F25F500B
Factory C/SSV_C_FA/XUTILS/XR112001.MDX,4096,34B186C21B3970753B9316E9574C676ADCCBBB1C2D749C9B07F7C6B4DEC02583
Factory C/SSV_C_FA/XUTILS/XRlistID.uxt,4,42F4AEB81C1EF81F771F3DE8ABCA9DCF66901C575530E7672E4B1146474AE650
Factory C/SSV_C_FA/XUTILS/XRlstlck.lck,0,E3B0C44298FC1C149AFBF4C8996FB92427AE41E4649B934CA495991B7852B855
Factory C/SSV_C_FA/YDBs/12084/SYMLIST.DBF,15988,BB30D751F9CB2B608F1CC601435C83ABE7D718B30AF9642467E3C5A640053238
Factory C/SSV_C_FA/YDBs/12084/Symlist.id,4,40D95A7C7F1655A0070DDF3CE81EB83C0E88AB92766B85E6A0BB98503896E036
Factory C/SSV_C_FA/YDBs/12084/SYMLIST.MDX,16384,46C16256C11815F5E2FF05495D6A0E217B6B45452E8C188F534BE850C9C237C3
Factory C/SSV_C_FA/YDBs/18877/SYMLIST.DBF,16598,4D3CF91AA93D207004F2FD31701A01B9CC9EA2BFAF21E58FCB94CB77958ACF93
Factory C/SSV_C_FA/YDBs/18877/Symlist.id,4,E3F69F6C094FFB4E3B3A0BA41D7996137E03EBDF85952D227D04B9E161A06C5B
Factory C/SSV_C_FA/YDBs/18877/SYMLIST.MDX,16384,9A87290C9BD1DF715FB152F7ABAA575A6442038298D780825C720EFEF56EFEB1
Factory C/SSV_C_FA/YDBs/19969/SYMLIST.DBF,15073,F92EC4DB1393131C3C2076640951BA9783627DA12F66A190F1CB5AC76CA13BDA
Factory C/SSV_C_FA/YDBs/19969/Symlist.id,4,BCE941D196C26696F1F5D701D21A8A9E414E81D6E15A48F3663313E3CD7CC4B9
Factory C/SSV_C_FA/YDBs/19969/SYMLIST.MDX,16384,CCED8AD63600F399E07066AA623E0579F820E71F7954EFFBAE92D4452FABCE4A
Factory C/SSV_C_FA/YDBs/4294/SYMLIST.DBF,19343,0D6B82E0C4C5730ABBD9742395895AF66AF119C7C047CA67CC9787E3E5579E14
Factory C/SSV_C_FA/YDBs/4294/Symlist.id,4,DAAF62DE76F04E09A55D751F98B97C440BD2DBA3F4D9D55A6E93CE8446266F92
Factory C/SSV_C_FA/YDBs/4294/SYMLIST.MDX,16384,C2902582E147EBA3081C95D17AAD2F2F0C9577C02C36222F9333A3C71824131F
Factory C/SSV_C_FA/YDBs/9633/SYMLIST.DBF,24833,A6B78AF4BCBAFA6E4306FB0A6D631B336E8129A4A3D5F4615DAF2F6D850164CC
Factory C/SSV_C_FA/YDBs/9633/Symlist.id,4,9855CDA098DCAC49935C7CEA75D9960EF8FD001B8FAC4D21DB934116F50E33C0
Factory C/SSV_C_FA/YDBs/9633/SYMLIST.MDX,22528,D1A1394107C135E84CB646DC5738DAF8EED0873CE69BC971B50DEDADC31016DD
Factory C/SSV_C_FA/YDBs/SYMLISTS.DBF,4001,012DADD4F47B58EE5769D6DF700EA7D08F49653B2EEDDDAECE266CAADADD0E24
Factory C/SSV_C_FA/YDBs/SYMLISTS.MDX,6144,E75B4A43294FD641187B89FB4F667668FFE7591B84FBBE42E69854BCD0EEB645
Factory C/SSV_C_FA/YDBs/YLNKLIST.DBF,2676,28EF204F47ADF6DE853FE40C4DBC166BA70372EE55177A78D87AB2B8ACE8248D
LA.opf,401705,488DC237FF2456C8C88428F0E823E5044763CAF0C5D0D0FE717C95FF22A5074D
OPC_2021_10_02.csv,1635,DDEA89A874C098CF9EAF8AC124BD6D5D6B42F1381ECC6F0FBE7FE21F8A930595
PLC Backup F.A.zip,17090544,52669A9C08AB7B87DCA169B102E9836AF10BEC50A8DBAC2CCFCC4B37BF7E9FC8
PLC Backup F.A/PLC Backup F.A/PLC_H/Analog_A_M.SRC,1154384,730280DB782C24B44E7639428EA6B629D094F022737393388919087993352FF1
PLC Backup F.A/PLC Backup F.A/PLC_H/Analog_Alarm.SRC,1849360,DE63F7FB4A889FCD3C6FA05C0091949C3E0524FE8F7EFC2CB24834ADB9271843
PLC Backup F.A/PLC Backup F.A/PLC_H/Analog_In.SRC,381536,42BB5A6125CF8E65F0C0950A29A79FD0908D7683091E7DCBA0D5A0E178D6244F
PLC Backup F.A/PLC Backup F.A/PLC_H/Analog_Out.SRC,287648,A36287A61E9434A2A6250AF6F97293CF58E938FEBF14D9189E467E4BC3FF562E
PLC Backup F.A/PLC Backup F.A/PLC_H/Auto_AHU101.SRC,104384,94DDD21772CA10BDB4DC0B072EA3C08199CA85C4C08F9F5385E86B1D3E4A2EB0
PLC Backup F.A/PLC Backup F.A/PLC_H/Auto_AHU102.SRC,104384,86EB2276F06C3C0D36E780319246F1C081F4EDA64ECB47CCAA6C6E1DEFBA7CC9
PLC Backup F.A/PLC Backup F.A/PLC_H/Auto_AHU103.SRC,104384,74997E066E963890BA7D5299A5C910706F2F007D201463D6306A468BE19E0245
PLC Backup F.A/PLC Backup F.A/PLC_H/Auto_AHU104.SRC,96128,C28015F96ADDFF413AFA5F7A4DFBE2EE6A99F4106305A013F2DC6C4E0895C811
PLC Backup F.A/PLC Backup F.A/PLC_H/Auto_AHU105.SRC,96128,071358B80E880359BA056A169C472D69C311FB7B47D44B0348DAECE92966A5C7
PLC Backup F.A/PLC Backup F.A/PLC_H/Auto_AHU106.SRC,104384,A7A009C3E2A6C876541018F388A67AD065EEDFAEAF2D70518716D61038E9407C
PLC Backup F.A/PLC Backup F.A/PLC_H/BAK/INFO/PLC_H_20241227183928S.FBI,265328,4D219C0C7D824EDF60FC2AFF79DB098B127F2AD74ACC1B36240B5807F185BC94
PLC Backup F.A/PLC Backup F.A/PLC_H/BAK/INFO/PLC_H_20250609192631S.FBI,265328,4D219C0C7D824EDF60FC2AFF79DB098B127F2AD74ACC1B36240B5807F185BC94
PLC Backup F.A/PLC Backup F.A/PLC_H/BAK/INFO/PLC_H_20250609193620S.FBI,265328,4D219C0C7D824EDF60FC2AFF79DB098B127F2AD74ACC1B36240B5807F185BC94
PLC Backup F.A/PLC Backup F.A/PLC_H/BAK/INFO/PLC_H_20250609204250S.FBI,265328,4D219C0C7D824EDF60FC2AFF79DB098B127F2AD74ACC1B36240B5807F185BC94
PLC Backup F.A/PLC Backup F.A/PLC_H/BAK/INFO/PLC_H_20250610130424S.FBI,265328,4D219C0C7D824EDF60FC2AFF79DB098B127F2AD74ACC1B36240B5807F185BC94
PLC Backup F.A/PLC Backup F.A/PLC_H/BAK/INFO/PLC_H_20250610131506S.FBI,265328,4D219C0C7D824EDF60FC2AFF79DB098B127F2AD74ACC1B36240B5807F185BC94
PLC Backup F.A/PLC Backup F.A/PLC_H/BAK/INFO/PLC_H_20250610221255S.FBI,265328,4D219C0C7D824EDF60FC2AFF79DB098B127F2AD74ACC1B36240B5807F185BC94
PLC Backup F.A/PLC Backup F.A/PLC_H/BAK/INFO/PLC_H_20250610221614S.FBI,265328,4D219C0C7D824EDF60FC2AFF79DB098B127F2AD74ACC1B36240B5807F185BC94
PLC Backup F.A/PLC Backup F.A/PLC_H/CMTPGM000.SRC,64102,767A4A84B6A8B3F12BF9BB02717185FEC18CD9B1E2E5EFC11B10887C4221AFE1
PLC Backup F.A/PLC Backup F.A/PLC_H/CMTPGM001.SRC,64146,09F0355318C62B5B23680430FF9AB073BF6446E0BA6B40009A28DE2350432AC9
PLC Backup F.A/PLC Backup F.A/PLC_H/CMTPGM002.SRC,22062,4FCC3708BE3DC49ACBACFD801231C69BDE41411AE555A46ED3B4199AB142A985
PLC Backup F.A/PLC Backup F.A/PLC_H/CMTPGM003.SRC,134,C5BBDF2A17E07EDD5CCFF435EA36C1009F72452E23C3F51A1704B8E92100383F
PLC Backup F.A/PLC Backup F.A/PLC_H/CMTPGM004.SRC,134,65331388C7336756F28F5F0D479B3D04259776696165798AE10FF8A3B4A841EF
PLC Backup F.A/PLC Backup F.A/PLC_H/Digital_A_M.SRC,747312,CFD6A2E3D456F3C11377FDFA9D7F64BA9C0E3CBCA83BBD9C38B83967BB5373E4
PLC Backup F.A/PLC Backup F.A/PLC_H/Digital_In.SRC,102464,4106FE8F8FB56AEA25690560477F6E3999E8EAEA55AAAA1DD6D99B2A386F1C7F
PLC Backup F.A/PLC Backup F.A/PLC_H/Digital_Out.SRC,34704,95EC7F7257F562FE07020F2E416CE155FD6A1B96DAF924A1991BFBD943ADAFA5
PLC Backup F.A/PLC Backup F.A/PLC_H/DO_AO_Map.SRC,8624,F4267E150CFE29F16C5168A3743BFFCDA2DC63753049D95F598E6617DF714E37
PLC Backup F.A/PLC Backup F.A/PLC_H/Init.SRC,67008,2CA59D900F80CBC4FF0DCAD7876C21CBC9B6A889E672DEA76A107211BD3A05F3
PLC Backup F.A/PLC Backup F.A/PLC_H/PLC_H.CLG,8306,354DDE0EBB2B2B16353FEA25A4A5EC7DAF9E80780EC21921B4F7B3C4AC5809C9
PLC Backup F.A/PLC Backup F.A/PLC_H/PLC_H.DAM,6077,1B6C364445650A27A276EE4920A347A422678E12D783A755455D6A3A55684F9C
PLC Backup F.A/PLC Backup F.A/PLC_H/PLC_H.FBI,265328,4D219C0C7D824EDF60FC2AFF79DB098B127F2AD74ACC1B36240B5807F185BC94
PLC Backup F.A/PLC Backup F.A/PLC_H/PLC_H.FBIBUFF,265328,F96A1B4C1F2186F1D113D318C64731FC850B5DC289E5DAFBD2CA35BF93FADC7B
PLC Backup F.A/PLC Backup F.A/PLC_H/PLC_H.PAR,12352,BE3648FBA5EB69FF02AAFDF2E7AA82E62E7A5D7C3C052F6B38CF21674D5AF841
PLC Backup F.A/PLC Backup F.A/PLC_H/PLC_H.PLC,2416,2621E7F996788B21C87DC381B78E9097C4F5DFD71E78CAF97057854B90E7BCBA
PLC Backup F.A/PLC Backup F.A/PLC_H/PLC_H.PPI,160,85C0AFA78DE77EAB3FFC1A9385539F6F65D1D63C57B660D380CD9FBE41765944
PLC Backup F.A/PLC Backup F.A/PLC_H/PLC_H.VAR,172496,F21C0D3D1F4BE21BEF6F7472916545631D07605A8BC3EC405950D19B5F0F5DF3
PLC Backup F.A/PLC Backup F.A/PLC_H/PLC_H/PLC_H.CLG,706,2547FF01F2AD9727647543F534127FDAE3EA39755B6BEC95A8D6477BFDEED3D2
PLC Backup F.A/PLC Backup F.A/PLC_H/Upload/Pbt072.Up,64,00F0F05DB49026695EE8ED8243630994BF0DCFB3E73F75FC2FB4C2A95A3EE8EB
PLC Backup F.A/PLC Backup F.A/PLC_H/Valve_PID.SRC,252336,6CE79C9337556BDC7C4877F018D9B2553F7362B6BD811D4676F66D57C17D3117
PLC Backup F.A/PLC Backup F.A/PLC_M/Analog_A_M.SRC,864,2B152AC5D2B1DFB382897F61884C83D5B8BFB267A1E6BE033DCE548F560F6F71
PLC Backup F.A/PLC Backup F.A/PLC_M/Analog_Alarm.SRC,193264,72EA87A9CBBEF0D2060F4CDF66C7228DD66ECB34553E5CC8D8D3D72DBE94A2BD
PLC Backup F.A/PLC Backup F.A/PLC_M/Analog_In.SRC,54096,38486E068181388A46FD92AA1377FB3333CDED752AD6731A39E5DD15BDDEA5F3
PLC Backup F.A/PLC Backup F.A/PLC_M/Analog_Out.SRC,19040,4643C902CB106D36C996651CBFA6D7D89722C01992793A801EEBE628B592E9D4
PLC Backup F.A/PLC Backup F.A/PLC_M/BAK/INFO/PLC_M2_20241227190029S.FBI,265328,B31452B912E3F6E4F733470D2C167715E76DE96D9714805AE342A9711B8A3170
PLC Backup F.A/PLC Backup F.A/PLC_M/CMTPGM000.SRC,12762,D39C8908BFCBE7E8E67E2608B2F632303AE51CB29E4396AE400AA6F4CFABD7E9
PLC Backup F.A/PLC Backup F.A/PLC_M/Init.SRC,70368,E945FBBEE34601279C9AD40E3BA4EB05CCF0848FBEB98FF02A024F52A700C996
PLC Backup F.A/PLC Backup F.A/PLC_M/Pgm005.SPC,208,B452EDEF477BFA510178AA735130C72F5F68E614C64E69606B7525E31A10D139
PLC Backup F.A/PLC Backup F.A/PLC_M/PLC_M2.CLG,1884,D90295645DC46667BAEA8AA93E7C5EBE473A641F91B26197290785581441F0D2
PLC Backup F.A/PLC Backup F.A/PLC_M/PLC_M2.DAM,6077,1B6C364445650A27A276EE4920A347A422678E12D783A755455D6A3A55684F9C
PLC Backup F.A/PLC Backup F.A/PLC_M/PLC_M2.FBI,265328,1FDC32AD0BA0EF75546A08C0F94CD29B715B8CC141475178C61A3A19E2A3C629
PLC Backup F.A/PLC Backup F.A/PLC_M/PLC_M2.PAR,12352,ECE8E5290F5FDC0C10F339BCCB59F3F3EE30EF44A67E5F78238EDCE005D9B10F
PLC Backup F.A/PLC Backup F.A/PLC_M/PLC_M2.PLC,1888,AECCF01A81DF3FC31B20BA6579A4B1B1E41F325D54765AF408324DB439B0E34A
PLC Backup F.A/PLC Backup F.A/PLC_M/PLC_M2.PPI,92,687317602547E5887B5FAB8815E5E5CCD2F8408C4A2FF525D8CF65B9FC252489
PLC Backup F.A/PLC Backup F.A/PLC_M/PLC_M2.VAR,240,42F85B75431DA0CE53AE301BC136C6CE07FE4633C4142F9E5D9101AA5E4408B2
PLC Backup F.A/PLC Backup F.A/PLC_M/Upload/Pbt005.Up,64,B7FB1B30B71ABCA1F61010F3C1C69E3954DB1884B4A4A16EA90842D929842535
PLC Backup F.A/PLC Backup F.A/PLC_U/Analog_A_M.SRC,186432,C4178EA47CF352E58E726497BDDD572C3769AECC75BDFFFD1F31B075E1394F00
PLC Backup F.A/PLC Backup F.A/PLC_U/Analog_Alarm.SRC,652928,B17CF28DFC8AC41EDC3FC2F575A718A33EA96376E54AE5E5D252E3ED32E3DA3C
PLC Backup F.A/PLC Backup F.A/PLC_U/Analog_In.SRC,172560,1CC6DED95D60D767B6AE2C3A41697670179C4BE7E48D2B8F7D3045577F6C5A99
PLC Backup F.A/PLC Backup F.A/PLC_U/Analog_Out.SRC,54640,FF7C6FABC46845FE0FDCD1866AD2AF8C9EE1A72A81B2A2001EE3A0E58C59B035
PLC Backup F.A/PLC Backup F.A/PLC_U/Auto_AC_Heat.SRC,1680,351B18798754E012E0039F7D70CDE2FFE5FE22F6E3EC6E14DA8A4310FFD5DF1A
PLC Backup F.A/PLC Backup F.A/PLC_U/Auto_Chiller.SRC,40528,7F70944F8F3909A14EA6345C37CC84E45E3637F7E03B9B73205DB85E4CC1B966
PLC Backup F.A/PLC Backup F.A/PLC_U/Auto_Comp.SRC,19056,FD72183B8FBAB9D11C91193EB9DFD632BFE27AA1BAAFA1E57C5045F8C7FBF193
PLC Backup F.A/PLC Backup F.A/PLC_U/Auto_Heating.SRC,17888,80C017B720943CF6F2F99E9A8CDE352F44AD924CFCCA340850C539EF2987A83F
PLC Backup F.A/PLC Backup F.A/PLC_U/Auto_PCW.SRC,224208,6E197D27D885A01966472462CF86F2F3B897F1FE1D347F4978C87A16AADFB0C5
PLC Backup F.A/PLC Backup F.A/PLC_U/Auto_Vacuum.SRC,19056,261E4A128C830F2B99EE5EE304159B2E153EBECC6764633747E90EB793199DFB
PLC Backup F.A/PLC Backup F.A/PLC_U/BAK/INFO/PLC_U_20241227184334S.FBI,265328,BF13C728A359244B454719DB562594C6DC4DDD7EB18B75ABDC87B850496A1245
PLC Backup F.A/PLC Backup F.A/PLC_U/BAK/INFO/PLC_U_20250505145130S.FBI,265328,391BD47079E1A119EE746A386E3922230B0FEA82112DAF51248C24A29A4F90CB
PLC Backup F.A/PLC Backup F.A/PLC_U/BAK/INFO/PLC_U_20250505154249S.FBI,265328,4D219C0C7D824EDF60FC2AFF79DB098B127F2AD74ACC1B36240B5807F185BC94
PLC Backup F.A/PLC Backup F.A/PLC_U/BAK/INFO/PLC_U_20250505191641S.FBI,265328,4D219C0C7D824EDF60FC2AFF79DB098B127F2AD74ACC1B36240B5807F185BC94
PLC Backup F.A/PLC Backup F.A/PLC_U/BAK/INFO/PLC_U_20250505205644S.FBI,265328,4D219C0C7D824EDF60FC2AFF79DB098B127F2AD74ACC1B36240B5807F185BC94
PLC Backup F.A/PLC Backup F.A/PLC_U/BAK/INFO/PLC_U_20250511124554S.FBI,265328,4D219C0C7D824EDF60FC2AFF79DB098B127F2AD74ACC1B36240B5807F185BC94
PLC Backup F.A/PLC Backup F.A/PLC_U/BAK/INFO/PLC_U_20250511131124S.FBI,265328,4D219C0C7D824EDF60FC2AFF79DB098B127F2AD74ACC1B36240B5807F185BC94
PLC Backup F.A/PLC Backup F.A/PLC_U/BAK/INFO/PLC_U_20250511134235S.FBI,265328,4D219C0C7D824EDF60FC2AFF79DB098B127F2AD74ACC1B36240B5807F185BC94
PLC Backup F.A/PLC Backup F.A/PLC_U/BAK/INFO/PLC_U_20250511141328S.FBI,265328,4D219C0C7D824EDF60FC2AFF79DB098B127F2AD74ACC1B36240B5807F185BC94
PLC Backup F.A/PLC Backup F.A/PLC_U/BAK/INFO/PLC_U_20250604092015S.FBI,265328,4D219C0C7D824EDF60FC2AFF79DB098B127F2AD74ACC1B36240B5807F185BC94
PLC Backup F.A/PLC Backup F.A/PLC_U/CDA.SRC,6016,FC72438766D9D6594374DE4B7DBCE2468D80631BBD96A1A19E5A8CD96410505E
PLC Backup F.A/PLC Backup F.A/PLC_U/CH_Alarm.SRC,1849904,F88EEBAB60810785E36F045681F3ABC0060D4A2AECEA457EA1CE517FF5756A3B
PLC Backup F.A/PLC Backup F.A/PLC_U/CMTPGM000.SRC,64058,E3E05FFCB7D75236B38D95526572DFF0B4CFF0867A6FFC31F30C681B97BF0288
PLC Backup F.A/PLC Backup F.A/PLC_U/CMTPGM001.SRC,39930,BF6A0EBA64C373F4A5073BE3DB0469778875E250FBA1126D9CE2B8C94D329CFF
PLC Backup F.A/PLC Backup F.A/PLC_U/CMTPGM002.SRC,134,5BAA09C60BB742FE25B773D5FCDA6A65348CD21A6667E175A325AF53D28A4D9C
PLC Backup F.A/PLC Backup F.A/PLC_U/CMTPGM003.SRC,134,3C19345F3B343CA1A1A30253CC05D1F66C1638F36970EE017B5327D64A0B05BB
PLC Backup F.A/PLC Backup F.A/PLC_U/CMTPGM004.SRC,134,4D60E0791096C6639FB4ADDE7F2B501BEC36DDE29645FF91EC110D4B1CDA78C9
PLC Backup F.A/PLC Backup F.A/PLC_U/COMP_ALARM.SRC,570896,5E7BA476A2FEA25E67FB037C90FFA340201175B69948597BDA0BD90D80826C2C
PLC Backup F.A/PLC Backup F.A/PLC_U/Digital_A_M.SRC,924272,B829BB91B407C034AA65CA5326A2473640B684160CE38335FA3237D0B73383FD
PLC Backup F.A/PLC Backup F.A/PLC_U/Digital_In.SRC,173120,37552519D79D9011CBFA9D6DC99603D39013F45891AC5C3A3A289A7DF3E055DD
PLC Backup F.A/PLC Backup F.A/PLC_U/Digital_Out.SRC,73616,CF9AD4216B5238B974DDFC91914EDB4664C9211E17DE5DCCC9CD5036C5FE50F7
PLC Backup F.A/PLC Backup F.A/PLC_U/DO_AO_MAP.SRC,10320,9A4429C7E62E466E0D6D45C0D087C2D7E27D820AA5858DDAD78D344DA2D5F4C4
PLC Backup F.A/PLC Backup F.A/PLC_U/Flow_Total.SRC,864,0E3EADCBFF294C8142823E36808938B1F5C275CFDF2B15AF36A0B360234BABD0
PLC Backup F.A/PLC Backup F.A/PLC_U/Init.SRC,73280,906AC6AEA28DB224D0354C99CE539BA5EB05B578384EF4186881895AAA153F90
PLC Backup F.A/PLC Backup F.A/PLC_U/Monitor/Loop0_MV.PML,1080,DF70D6617351F545DB5A8A043F43DC28FE02DB40BDBA26042DC0C80BF6AA9895
PLC Backup F.A/PLC Backup F.A/PLC_U/Monitor/Loop0_PV.PML,1080,747837EF8A5F75014F82EDEACC2DB88FE20A44E187E0E51481DACF41561BF47E
PLC Backup F.A/PLC Backup F.A/PLC_U/Monitor/Loop0_SV.PML,1080,75434F9B475EAD374477B5070A7E65589A05FB065460CF946D8818A189B4877F
PLC Backup F.A/PLC Backup F.A/PLC_U/Monitor/Loop1_MV.PML,1080,D20D5D685A1FDB28A974551A0C8C0EED3F75410CF9055957B7A3A9790FC2E06A
PLC Backup F.A/PLC Backup F.A/PLC_U/Monitor/Loop1_PV.PML,1080,D20D5D685A1FDB28A974551A0C8C0EED3F75410CF9055957B7A3A9790FC2E06A
PLC Backup F.A/PLC Backup F.A/PLC_U/Monitor/Loop1_SV.PML,1080,D20D5D685A1FDB28A974551A0C8C0EED3F75410CF9055957B7A3A9790FC2E06A
PLC Backup F.A/PLC Backup F.A/PLC_U/Monitor/Loop10_MV.PML,1080,D20D5D685A1FDB28A974551A0C8C0EED3F75410CF9055957B7A3A9790FC2E06A
PLC Backup F.A/PLC Backup F.A/PLC_U/Monitor/Loop10_PV.PML,1080,D20D5D685A1FDB28A974551A0C8C0EED3F75410CF9055957B7A3A9790FC2E06A
PLC Backup F.A/PLC Backup F.A/PLC_U/Monitor/Loop10_SV.PML,1080,D20D5D685A1FDB28A974551A0C8C0EED3F75410CF9055957B7A3A9790FC2E06A
PLC Backup F.A/PLC Backup F.A/PLC_U/Monitor/Loop11_MV.PML,1080,D20D5D685A1FDB28A974551A0C8C0EED3F75410CF9055957B7A3A9790FC2E06A
PLC Backup F.A/PLC Backup F.A/PLC_U/Monitor/Loop11_PV.PML,1080,D20D5D685A1FDB28A974551A0C8C0EED3F75410CF9055957B7A3A9790FC2E06A
PLC Backup F.A/PLC Backup F.A/PLC_U/Monitor/Loop11_SV.PML,1080,D20D5D685A1FDB28A974551A0C8C0EED3F75410CF9055957B7A3A9790FC2E06A
PLC Backup F.A/PLC Backup F.A/PLC_U/Monitor/Loop12_MV.PML,1080,D20D5D685A1FDB28A974551A0C8C0EED3F75410CF9055957B7A3A9790FC2E06A
PLC Backup F.A/PLC Backup F.A/PLC_U/Monitor/Loop12_PV.PML,1080,D20D5D685A1FDB28A974551A0C8C0EED3F75410CF9055957B7A3A9790FC2E06A
PLC Backup F.A/PLC Backup F.A/PLC_U/Monitor/Loop12_SV.PML,1080,D20D5D685A1FDB28A974551A0C8C0EED3F75410CF9055957B7A3A9790FC2E06A
PLC Backup F.A/PLC Backup F.A/PLC_U/Monitor/Loop13_MV.PML,1080,D20D5D685A1FDB28A974551A0C8C0EED3F75410CF9055957B7A3A9790FC2E06A
PLC Backup F.A/PLC Backup F.A/PLC_U/Monitor/Loop13_PV.PML,1080,D20D5D685A1FDB28A974551A0C8C0EED3F75410CF9055957B7A3A9790FC2E06A
PLC Backup F.A/PLC Backup F.A/PLC_U/Monitor/Loop13_SV.PML,1080,D20D5D685A1FDB28A974551A0C8C0EED3F75410CF9055957B7A3A9790FC2E06A
PLC Backup F.A/PLC Backup F.A/PLC_U/Monitor/Loop14_MV.PML,1080,D20D5D685A1FDB28A974551A0C8C0EED3F75410CF9055957B7A3A9790FC2E06A
PLC Backup F.A/PLC Backup F.A/PLC_U/Monitor/Loop14_PV.PML,1080,D20D5D685A1FDB28A974551A0C8C0EED3F75410CF9055957B7A3A9790FC2E06A
PLC Backup F.A/PLC Backup F.A/PLC_U/Monitor/Loop14_SV.PML,1080,D20D5D685A1FDB28A974551A0C8C0EED3F75410CF9055957B7A3A9790FC2E06A
PLC Backup F.A/PLC Backup F.A/PLC_U/Monitor/Loop15_MV.PML,1080,D20D5D685A1FDB28A974551A0C8C0EED3F75410CF9055957B7A3A9790FC2E06A
PLC Backup F.A/PLC Backup F.A/PLC_U/Monitor/Loop15_PV.PML,1080,D20D5D685A1FDB28A974551A0C8C0EED3F75410CF9055957B7A3A9790FC2E06A
PLC Backup F.A/PLC Backup F.A/PLC_U/Monitor/Loop15_SV.PML,1080,D20D5D685A1FDB28A974551A0C8C0EED3F75410CF9055957B7A3A9790FC2E06A
PLC Backup F.A/PLC Backup F.A/PLC_U/Monitor/Loop16_MV.PML,1080,D20D5D685A1FDB28A974551A0C8C0EED3F75410CF9055957B7A3A9790FC2E06A
PLC Backup F.A/PLC Backup F.A/PLC_U/Monitor/Loop16_PV.PML,1080,D20D5D685A1FDB28A974551A0C8C0EED3F75410CF9055957B7A3A9790FC2E06A
PLC Backup F.A/PLC Backup F.A/PLC_U/Monitor/Loop16_SV.PML,1080,D20D5D685A1FDB28A974551A0C8C0EED3F75410CF9055957B7A3A9790FC2E06A
PLC Backup F.A/PLC Backup F.A/PLC_U/Monitor/Loop17_MV.PML,1080,D20D5D685A1FDB28A974551A0C8C0EED3F75410CF9055957B7A3A9790FC2E06A
PLC Backup F.A/PLC Backup F.A/PLC_U/Monitor/Loop17_PV.PML,1080,D20D5D685A1FDB28A974551A0C8C0EED3F75410CF9055957B7A3A9790FC2E06A
PLC Backup F.A/PLC Backup F.A/PLC_U/Monitor/Loop17_SV.PML,1080,D20D5D685A1FDB28A974551A0C8C0EED3F75410CF9055957B7A3A9790FC2E06A
PLC Backup F.A/PLC Backup F.A/PLC_U/Monitor/Loop18_MV.PML,1080,D20D5D685A1FDB28A974551A0C8C0EED3F75410CF9055957B7A3A9790FC2E06A
PLC Backup F.A/PLC Backup F.A/PLC_U/Monitor/Loop18_PV.PML,1080,D20D5D685A1FDB28A974551A0C8C0EED3F75410CF9055957B7A3A9790FC2E06A
PLC Backup F.A/PLC Backup F.A/PLC_U/Monitor/Loop18_SV.PML,1080,D20D5D685A1FDB28A974551A0C8C0EED3F75410CF9055957B7A3A9790FC2E06A
PLC Backup F.A/PLC Backup F.A/PLC_U/Monitor/Loop19_MV.PML,1080,D20D5D685A1FDB28A974551A0C8C0EED3F75410CF9055957B7A3A9790FC2E06A
PLC Backup F.A/PLC Backup F.A/PLC_U/Monitor/Loop19_PV.PML,1080,D20D5D685A1FDB28A974551A0C8C0EED3F75410CF9055957B7A3A9790FC2E06A
PLC Backup F.A/PLC Backup F.A/PLC_U/Monitor/Loop19_SV.PML,1080,D20D5D685A1FDB28A974551A0C8C0EED3F75410CF9055957B7A3A9790FC2E06A
PLC Backup F.A/PLC Backup F.A/PLC_U/Monitor/Loop2_MV.PML,1080,D20D5D685A1FDB28A974551A0C8C0EED3F75410CF9055957B7A3A9790FC2E06A
PLC Backup F.A/PLC Backup F.A/PLC_U/Monitor/Loop2_PV.PML,1080,747837EF8A5F75014F82EDEACC2DB88FE20A44E187E0E51481DACF41561BF47E
PLC Backup F.A/PLC Backup F.A/PLC_U/Monitor/Loop2_SV.PML,1080,F89468D8656282E076E78408EA6354C67B17FDD90ADB72D009B37B9373C06EAA
PLC Backup F.A/PLC Backup F.A/PLC_U/Monitor/Loop3_MV.PML,1080,0D7E2FEE87CE32C1D4E081FD4FD754A4F9EE7776F4A664333613854F8C2E3A68
PLC Backup F.A/PLC Backup F.A/PLC_U/Monitor/Loop3_PV.PML,1080,848179560549CB988EA85351FCF1F5E3693A728B4F946BACAB2227C704C86542
PLC Backup F.A/PLC Backup F.A/PLC_U/Monitor/Loop3_SV.PML,1080,8096572E6074229C4839542B54098E56442CA6ADF0021AB417F16432C1B9E563
PLC Backup F.A/PLC Backup F.A/PLC_U/Monitor/Loop4_MV.PML,1080,467B15A63A1015F8258F80AE892C8A82F918CD87915FA9C666BE18E9ABB9DA35
PLC Backup F.A/PLC Backup F.A/PLC_U/Monitor/Loop4_PV.PML,1080,2ADA6A3DECD88470E99F5AE8B1B9BD06F02C44DA5C4B93D82706DAE795B03360
PLC Backup F.A/PLC Backup F.A/PLC_U/Monitor/Loop4_SV.PML,1080,8096572E6074229C4839542B54098E56442CA6ADF0021AB417F16432C1B9E563
PLC Backup F.A/PLC Backup F.A/PLC_U/Monitor/Loop5_MV.PML,1080,72DB5372213938F5BA1B1ADAE7E1D89630A7A4F64E9EFDE1588510B986FFC041
PLC Backup F.A/PLC Backup F.A/PLC_U/Monitor/Loop5_PV.PML,1080,15042D960E2E3F6504C039D2A8D0953475DF2CD00A3844C1E4F038084592AC1E
PLC Backup F.A/PLC Backup F.A/PLC_U/Monitor/Loop5_SV.PML,1080,DF70D6617351F545DB5A8A043F43DC28FE02DB40BDBA26042DC0C80BF6AA9895
PLC Backup F.A/PLC Backup F.A/PLC_U/Monitor/Loop6_MV.PML,1080,72DB5372213938F5BA1B1ADAE7E1D89630A7A4F64E9EFDE1588510B986FFC041
PLC Backup F.A/PLC Backup F.A/PLC_U/Monitor/Loop6_PV.PML,1080,971876EC0611B222F0BBAC107C748A803266AAF3A97556AC517925A1B4239A6E
PLC Backup F.A/PLC Backup F.A/PLC_U/Monitor/Loop6_SV.PML,1080,DF70D6617351F545DB5A8A043F43DC28FE02DB40BDBA26042DC0C80BF6AA9895
PLC Backup F.A/PLC Backup F.A/PLC_U/Monitor/Loop7_MV.PML,1080,C84D3DDE6493174F04C8EEE7089D99114B2DDAC0DA1444DD515582FF62588E76
PLC Backup F.A/PLC Backup F.A/PLC_U/Monitor/Loop7_PV.PML,1080,0EA0C3E360FD56B23067AAA5AE3B01BCB84EEAC09668D9B35D09F967BC1FB4FD
PLC Backup F.A/PLC Backup F.A/PLC_U/Monitor/Loop7_SV.PML,1080,AEED4C2F0B74BA70966F89A84F6A2115A09C3F3047C03903159E0BD5C5053FDB
PLC Backup F.A/PLC Backup F.A/PLC_U/Monitor/Loop8_MV.PML,1080,A6BAD61588E6CAF9FD8F67359FB090C02298796519D2199E523944DDC4CE2053
PLC Backup F.A/PLC Backup F.A/PLC_U/Monitor/Loop8_PV.PML,1080,D20D5D685A1FDB28A974551A0C8C0EED3F75410CF9055957B7A3A9790FC2E06A
PLC Backup F.A/PLC Backup F.A/PLC_U/Monitor/Loop8_SV.PML,1080,D20D5D685A1FDB28A974551A0C8C0EED3F75410CF9055957B7A3A9790FC2E06A
PLC Backup F.A/PLC Backup F.A/PLC_U/Monitor/Loop9_MV.PML,1080,D20D5D685A1FDB28A974551A0C8C0EED3F75410CF9055957B7A3A9790FC2E06A
PLC Backup F.A/PLC Backup F.A/PLC_U/Monitor/Loop9_PV.PML,1080,D20D5D685A1FDB28A974551A0C8C0EED3F75410CF9055957B7A3A9790FC2E06A
PLC Backup F.A/PLC Backup F.A/PLC_U/Monitor/Loop9_SV.PML,1080,D20D5D685A1FDB28A974551A0C8C0EED3F75410CF9055957B7A3A9790FC2E06A
PLC Backup F.A/PLC Backup F.A/PLC_U/PID_Valve.SRC,169808,7D5ED9D9DFC24E19F0E38F2A8A06AADA940133EE4DCF393DE9F2AA564454970D
PLC Backup F.A/PLC Backup F.A/PLC_U/PLC_U.CLG,11476,B6549E779D244F15197B1E80CE155E22D1337FC0999D6E7DCEE0BF56775A4FCA
PLC Backup F.A/PLC Backup F.A/PLC_U/PLC_U.DAM,6077,1B6C364445650A27A276EE4920A347A422678E12D783A755455D6A3A55684F9C
PLC Backup F.A/PLC Backup F.A/PLC_U/PLC_U.FBI,265328,4D219C0C7D824EDF60FC2AFF79DB098B127F2AD74ACC1B36240B5807F185BC94
PLC Backup F.A/PLC Backup F.A/PLC_U/PLC_U.FBIBUFF,265328,F96A1B4C1F2186F1D113D318C64731FC850B5DC289E5DAFBD2CA35BF93FADC7B
PLC Backup F.A/PLC Backup F.A/PLC_U/PLC_U.PAR,12352,63C392310B185C8ADDDC1FD20109FC5EC73B022272197EBA36CCCAE774414927
PLC Backup F.A/PLC Backup F.A/PLC_U/PLC_U.PLC,2800,C527C534C904EB51A618F25309C812EC502E02B0C8D88643960AAE92EAE8C6C5
PLC Backup F.A/PLC Backup F.A/PLC_U/PLC_U.PPI,432,047006E1CB4B3F1EA1A555649D7F640637794B2D8A5C5BEE2EE88E8623439731
PLC Backup F.A/PLC Backup F.A/PLC_U/PLC_U.VAR,480,870086794E407D59971CB42A47AF5314AD8CED907AFFE303FF9F2B9D48DE31D9
PLC Backup F.A/PLC Backup F.A/PLC_U/RS485_01.SPC,1520,2D421BF9D96BB63D1311DF2EDAE85297CC6E6FDAD2D934012748C76F5AC46F06
PLC Backup F.A/PLC Backup F.A/PLC_U/RS485_02.SPC,1520,7DA0B2C3533FD091A70529FE940BEFEE4C9858D8DD403B21047E4E64628A2DD9
PLC Backup F.A/PLC Backup F.A/PLC_U/RS485_CH.SRC,40528,AE9F230F89D2C47648A3175EB102C1E2CCFA934BDA7E64FD939DA957FC7AFA41
PLC Backup F.A/PLC Backup F.A/PLC_U/RS485_COMP.SRC,38256,BA8E5AFB586D6A863DDC8096EE3980B701324CE39DBC01F29F384BEAE852450D
PLC Backup F.A/PLC Backup F.A/PLC_U/Upload/Pbt100.Up,64,E09BB620D5CDE35078B08BDAD57DE411078931E130B0EE4758212011BBA17143
PLC Backup F.A/PLC Backup F.A/PLC_W/Analog_Alarm.SRC,176736,18FE844A6C5B840EBB919E1E638F12456380ED93B4EB4630C2A7E1F0BA6BEEA0
PLC Backup F.A/PLC Backup F.A/PLC_W/Analog_In.SRC,38848,0728A52F72B91244EFEAFBA03492ACA73AC32933A987F5F19F56C12CF827B823
PLC Backup F.A/PLC Backup F.A/PLC_W/Auto_1st.SRC,65312,98BA6A6F152CCBB6F9040526C9FE7A3CF4CC8AF1583E6996F976661BE01CD58B
PLC Backup F.A/PLC Backup F.A/PLC_W/Auto_2nd.SRC,147488,8422C5B7E80BDECE1D6B284B2B38B2C49B5F34DE72C5FDC1D7BF112229A89B39
PLC Backup F.A/PLC Backup F.A/PLC_W/Auto_3nd.SRC,152048,130131E9984C35E18809AC9D47CD564A21FE2DA06873FAAA7CA171FA954F87C4
PLC Backup F.A/PLC Backup F.A/PLC_W/BAK/FBD/BACK_UPLOAD_FBPGM/20241227_184428/Pbt000.Up,64,1F5A321301A4817A1367BF1F0399F9C7379AF8CCE71491E165CB786E43F9BBF3
PLC Backup F.A/PLC Backup F.A/PLC_W/BAK/FBD/BACK_UPLOAD_FBPGM/20241227_184428/Pbt001.Up,64,439461618EC82F10E7192664AA0DEF1F475415ADF839162A8D1384083AE54F31
PLC Backup F.A/PLC Backup F.A/PLC_W/BAK/FBD/BACK_UPLOAD_FBPGM/20241227_184428/Pbt002.Up,64,5F99B2F83F172150CDBCE15BD33A07176B5FF57E8679582229D0F65279A5CD66
PLC Backup F.A/PLC Backup F.A/PLC_W/BAK/FBD/BACK_UPLOAD_FBPGM/20241227_184428/Pbt003.Up,64,D8BBEC2306A20BB48971E5AE82E7EADDA102995954C4F3D6E195EDD6E3FB3678
PLC Backup F.A/PLC Backup F.A/PLC_W/BAK/FBD/BACK_UPLOAD_FBPGM/20241227_184428/Pbt004.Up,64,6D15D1A17458394F3831B668D0E634BBA9D20C36A23BFEBCE2252DF8B4320DF1
PLC Backup F.A/PLC Backup F.A/PLC_W/BAK/FBD/BACK_UPLOAD_FBPGM/20241227_184428/Pbt005.Up,64,58A248E18EDAC84652B516F9CBAE1A7192306D62EFEC120D5A54CE3EBDB25851
PLC Backup F.A/PLC Backup F.A/PLC_W/BAK/FBD/BACK_UPLOAD_FBPGM/20241227_184428/Pbt006.Up,64,9C94C8D5452D05C04876BB99D8CAD50F63654CAC3E42AC7F68DED30D642E4942
PLC Backup F.A/PLC Backup F.A/PLC_W/BAK/FBD/BACK_UPLOAD_FBPGM/20241227_184428/Pbt007.Up,64,58BF7667F908899454CA2BFC7A2002E85284646AF2B225424AF7A122E68CAA30
PLC Backup F.A/PLC Backup F.A/PLC_W/BAK/FBD/BACK_UPLOAD_FBPGM/20241227_184428/Pbt008.Up,64,B1215883844F6CEAAFAD851F76FB243D42E3D84E5A24D6456FA031BA18229E97
PLC Backup F.A/PLC Backup F.A/PLC_W/BAK/FBD/BACK_UPLOAD_FBPGM/20241227_184428/Pbt009.Up,64,261F9A4F96E52CAEFE8C01F21BF50F9DDA31391A73C284E7C0F72FA78F043053
PLC Backup F.A/PLC Backup F.A/PLC_W/BAK/FBD/BACK_UPLOAD_FBPGM/20241227_184428/Pbt010.Up,64,9311D9958028AD11A21630EF4BDDD6776C56A450DBACA2EC537D0A63854BA5E1
PLC Backup F.A/PLC Backup F.A/PLC_W/BAK/FBD/BACK_UPLOAD_FBPGM/20241227_184428/Pbt011.Up,64,96BF87D5563DF369912FF8D19A8BC8E5ED483F7479C87A4C58F88CDBE1000401
PLC Backup F.A/PLC Backup F.A/PLC_W/BAK/FBD/BACK_UPLOAD_FBPGM/20241227_184428/Pbt021.Up,64,89D1E5D56B80B0440CE9677EE0C0E2F8BE145B6CF7A89E604DA17D7CEDB7A616
PLC Backup F.A/PLC Backup F.A/PLC_W/BAK/FBD/BACK_UPLOAD_FBPGM/20241227_184428/Pbt022.Up,64,29082371D12362B4078F2D07E9F9CEC76F3D7E23F87D6EC4D04CDE4989B26774
PLC Backup F.A/PLC Backup F.A/PLC_W/BAK/FBD/BACK_UPLOAD_FBPGM/20241227_184428/Pbt071.Up,64,1F4586D2D03B6DBFEBA9B5D19E107E19F7F12FAA9F0C1F4D6FC212271784665A
PLC Backup F.A/PLC Backup F.A/PLC_W/BAK/FBD/BACK_UPLOAD_FBPGM/20241227_184428/Pbt091.Up,64,43AF77D4AE5D9F309E24EEF8B66229E97414CF6E4A0630377B07429CDA4D75A0
PLC Backup F.A/PLC Backup F.A/PLC_W/BAK/FBD/BACK_UPLOAD_FBPGM/20241227_184428/Pbt127.Up,64,ED10E1B66DDB2C552D60E9AABED8E5282B97442130E8F7E2F3D00D2194F1ED30
PLC Backup F.A/PLC Backup F.A/PLC_W/BAK/FBD/BACK_UPLOAD_FBPGM/20241227_184428/Pgm000.Up,1780,9C787283C1350B63990C49C477A339ACC688CD5424AF07D9BF5E14001EC64CFC
PLC Backup F.A/PLC Backup F.A/PLC_W/BAK/FBD/BACK_UPLOAD_FBPGM/20241227_184428/Pgm001.Up,2440,57CF5B4ECB88B4DD976DBCD211CA014829FC8656459F9DC29FE5FBC465A57079
PLC Backup F.A/PLC Backup F.A/PLC_W/BAK/FBD/BACK_UPLOAD_FBPGM/20241227_184428/Pgm002.Up,1468,E6A3C91C505DA8DBF1EF1F1BC4E9F62F8CC86AF688933C063EB31A29BBC14014
PLC Backup F.A/PLC Backup F.A/PLC_W/BAK/FBD/BACK_UPLOAD_FBPGM/20241227_184428/Pgm003.Up,3364,73CFA727A2681201801CFEF0F22B4A8DB68A0D1676833A45F87D623FB985D342
PLC Backup F.A/PLC Backup F.A/PLC_W/BAK/FBD/BACK_UPLOAD_FBPGM/20241227_184428/Pgm004.Up,2680,23AA5BCE5B86AD95CADB67F928C9B0C5947E7809C2312A3A15EE0257C793A167
PLC Backup F.A/PLC Backup F.A/PLC_W/BAK/FBD/BACK_UPLOAD_FBPGM/20241227_184428/Pgm005.Up,164,2F890BD53AE9218E4259D50F42F02AA72481425058206512BE1D6B1C7CFEF70E
PLC Backup F.A/PLC Backup F.A/PLC_W/BAK/FBD/BACK_UPLOAD_FBPGM/20241227_184428/Pgm006.Up,188,317FD522BFA353E81D83E2858013484110C87823BEA130AE83FB719B33ED2BA8
PLC Backup F.A/PLC Backup F.A/PLC_W/BAK/FBD/BACK_UPLOAD_FBPGM/20241227_184428/Pgm007.Up,39192,A331D7BEE9186EA29B9D1DD7CD6905BD719C470EB156586CE7755B6ACA433AE4
PLC Backup F.A/PLC Backup F.A/PLC_W/BAK/FBD/BACK_UPLOAD_FBPGM/20241227_184428/Pgm008.Up,48,4BCA412A7F288C090E155E425F6EE43633736F57962EE6F5C2880D9FFB252CB5
PLC Backup F.A/PLC Backup F.A/PLC_W/BAK/FBD/BACK_UPLOAD_FBPGM/20241227_184428/Pgm009.Up,48,4BCA412A7F288C090E155E425F6EE43633736F57962EE6F5C2880D9FFB252CB5
PLC Backup F.A/PLC Backup F.A/PLC_W/BAK/FBD/BACK_UPLOAD_FBPGM/20241227_184428/Pgm010.Up,48,4BCA412A7F288C090E155E425F6EE43633736F57962EE6F5C2880D9FFB252CB5
PLC Backup F.A/PLC Backup F.A/PLC_W/BAK/FBD/BACK_UPLOAD_FBPGM/20241227_184428/Pgm011.Up,48,4BCA412A7F288C090E155E425F6EE43633736F57962EE6F5C2880D9FFB252CB5
PLC Backup F.A/PLC Backup F.A/PLC_W/BAK/FBD/BACK_UPLOAD_FBPGM/20241227_184428/Pgm021.Up,808,5837F4BA97EA6DDA66EDD7ADC5A6333E28150B25CF371E3CB1AE643AAFE43069
PLC Backup F.A/PLC Backup F.A/PLC_W/BAK/FBD/BACK_UPLOAD_FBPGM/20241227_184428/Pgm022.Up,2488,8AFCB12B8D9CBA491C377501D95A2E08E3AD25DF0FE41D1209301ABC6803777C
PLC Backup F.A/PLC Backup F.A/PLC_W/BAK/FBD/BACK_UPLOAD_FBPGM/20241227_184428/Pgm071.Up,11860,ABF2C93FE9F106F0C4E446C043B725630D8D777F8418E1C419FC279578407FD3
PLC Backup F.A/PLC Backup F.A/PLC_W/BAK/FBD/BACK_UPLOAD_FBPGM/20241227_184428/Pgm091.Up,1112,C4555DF643EEF8F4843FF501BAC2702D9C215BD6EFF0F1FD474C07C3F16CE947
PLC Backup F.A/PLC Backup F.A/PLC_W/BAK/FBD/BACK_UPLOAD_FBPGM/20241227_184428/Pgm127.Up,836,1E65B65C16934DD6714B29F3E8DC40EC520598E27DAFAA61406E6F70D8291D76
PLC Backup F.A/PLC Backup F.A/PLC_W/BAK/INFO/PLC_W_20160831182531S.FBI,265440,2C43AA0819F51A1E0932D5C4CC460F79026C94E18DA456BB14B90F9324E9AC73
PLC Backup F.A/PLC Backup F.A/PLC_W/BAK/INFO/PLC_W_20160831182813S.FBI,265440,1746CDBC9FB61F11BD87C7A125139B88831FC68A63866ED4EC7EEF8E56D30AC9
PLC Backup F.A/PLC Backup F.A/PLC_W/BAK/INFO/PLC_W_20160831184954S.FBI,265440,CB78C781B7600A498EF9157BB49460B5B45E8C2504D2775D3A1461F0CA1271C1
PLC Backup F.A/PLC Backup F.A/PLC_W/BAK/INFO/PLC_W_20160831185056S.FBI,265440,CB78C781B7600A498EF9157BB49460B5B45E8C2504D2775D3A1461F0CA1271C1
PLC Backup F.A/PLC Backup F.A/PLC_W/BAK/INFO/PLC_W_20160909181924S.FBI,265440,CB78C781B7600A498EF9157BB49460B5B45E8C2504D2775D3A1461F0CA1271C1
PLC Backup F.A/PLC Backup F.A/PLC_W/BAK/INFO/PLC_W_20241227184446S.FBI,265440,3652F2088FED177AFF74F38EFD413BFC52343FA1EB71FD0D4A127CF197DC8B6E
PLC Backup F.A/PLC Backup F.A/PLC_W/BAK/INFO/PLC_W_20241227184540S.FBI,265440,8540C6E726F1FF41DF5F6A970462CE46355568226C03FFA6CFD6492BE3E890EA
PLC Backup F.A/PLC Backup F.A/PLC_W/BAK/PGM/PLC_W.1722590069S.VAR,3424,0D539FB678A5F84CFAAAFAAA5F706BD50E57191AB91D17A16A8BE6D03312AA0D
PLC Backup F.A/PLC Backup F.A/PLC_W/CMTPGM000.SRC,39278,9F5862A6FE42F9EFD1FCD944FB4E860055C562BE56EE3CD3970CD8A8A7402C2B
PLC Backup F.A/PLC Backup F.A/PLC_W/CMTPGM001.SRC,134,C5BBDF2A17E07EDD5CCFF435EA36C1009F72452E23C3F51A1704B8E92100383F
PLC Backup F.A/PLC Backup F.A/PLC_W/CMTPGM002.SRC,134,65331388C7336756F28F5F0D479B3D04259776696165798AE10FF8A3B4A841EF
PLC Backup F.A/PLC Backup F.A/PLC_W/CMTPGM003.SRC,134,9DF0AC0F8B03DB23E3A240CBEEDCE35D2BB2EC6319F94384D8C5C5B03358795B
PLC Backup F.A/PLC Backup F.A/PLC_W/CMTPGM004.SRC,134,63D965042FED0A1097C075831A0FC0F9111186E39C77BAD6EC27169A3105D1BF
PLC Backup F.A/PLC Backup F.A/PLC_W/Digital_A_M.SRC,926944,3A720516FEFFFC8910EA897D367A9C7A6309C398246F8FC79718C1979A0174DE
PLC Backup F.A/PLC Backup F.A/PLC_W/Digital_In.SRC,206656,EC80826AEF307BB3AEB8EDED5B97F61AF83FA107A4DDE86031EE4FA9FD3E0566
PLC Backup F.A/PLC Backup F.A/PLC_W/Digital_Out.SRC,93952,83F1A393A2E487959ED08F4947033ABA6DE586B67A30A0F20D643A86DF9520E7
PLC Backup F.A/PLC Backup F.A/PLC_W/Flow_Total.SRC,8624,D3B2C8D74714ADA255C08BF295B3A31BA0A2B1CDF51A12AB2363811D5FA6C970
PLC Backup F.A/PLC Backup F.A/PLC_W/Init.SRC,73248,4237E34E4984B3DA2F5E558215B6B9E42034040B406B1CE20359A987469986E6
PLC Backup F.A/PLC Backup F.A/PLC_W/PgmFbBackGnd.SRC,5568,68E6F08D44732E02A4EBD0BAAF73A5FEDF515AB215370157769AA6CAD143B885
PLC Backup F.A/PLC Backup F.A/PLC_W/PLC_W.CLG,5966,9473828077F0CAF06FF1CA77517F61DA2A2A692132CA27931A9D4C95783EA1B7
PLC Backup F.A/PLC Backup F.A/PLC_W/PLC_W.DAM,6081,58965FA17A422ECC4304492FB3918BC6DC5C4ED6B89E214A44851F296808C942
PLC Backup F.A/PLC Backup F.A/PLC_W/PLC_W.FBI,265440,CB78C781B7600A498EF9157BB49460B5B45E8C2504D2775D3A1461F0CA1271C1
PLC Backup F.A/PLC Backup F.A/PLC_W/PLC_W.PAR,12352,66E5C16876D37FE6FDE087CD71AB42A02C5AE72C61C8F053CC019DAFB07EFC05
PLC Backup F.A/PLC Backup F.A/PLC_W/PLC_W.PDM,0,E3B0C44298FC1C149AFBF4C8996FB92427AE41E4649B934CA495991B7852B855
PLC Backup F.A/PLC Backup F.A/PLC_W/PLC_W.PLC,2096,A91B9CABA94796F6EE134CFA703FC89EF57CB1953E2B9F881212B5C814445162
PLC Backup F.A/PLC Backup F.A/PLC_W/PLC_W.PPI,330,6E298D954FBB19D6ED5A49C9FC68962FC886EB27A0A465148A2308DFC5B0622B
PLC Backup F.A/PLC Backup F.A/PLC_W/PLC_W.VAR,3408,86FD331FA09C4015707E7461262EF98F8F5F0801B822AAF16394E478339EC46A
PLC Backup F.A/PLC Backup F.A/PLC_W/PLC_W/PLC_W.CLG,1060,9F89EAD450DD7434B3807F5CC208461D9D6643C7B9201856ACBC51CA7D635059
PLC Backup F.A/PLC Backup F.A/PLC_W/Upload/Pbt000.Up,64,1F5A321301A4817A1367BF1F0399F9C7379AF8CCE71491E165CB786E43F9BBF3
PLC Backup.zip,6402220,7D9136E16CD84BC86D6C882EC725A8B36C091D3BE69BA5BE0320F4AAF4824FE9
S7_reference/V1_HVAC_/ApiLog/lock,0,E3B0C44298FC1C149AFBF4C8996FB92427AE41E4649B934CA495991B7852B855
S7_reference/V1_HVAC_/ApiLog/LogIDs,8,C7419C59B6602B611F50BFECE568810D71534140EC17CA285067F26FC5DBC00C
S7_reference/V1_HVAC_/ApiLog/Step7Bas.ver,9073,A0F3EE810257C009D9D84A88615304F3FA43F7C2019E49C04B90EA43EA6A8B4B
S7_reference/V1_HVAC_/ApiLog/Types,2506,76A5B9712F9F5427E9AA0AD90F7ACE0F8922E8EDC849D8449D384AB968063DA2
S7_reference/V1_HVAC_/CONN/CO_1/VerbHomo.dat,12,BD0DB4691E4A0B388A976D148CDE39DCAD8A6DB3DE16CA7DF23A42511B049F91
S7_reference/V1_HVAC_/CONN/CO_10/VerbHomo.dat,12,BD0DB4691E4A0B388A976D148CDE39DCAD8A6DB3DE16CA7DF23A42511B049F91
S7_reference/V1_HVAC_/CONN/CO_11/VerbHomo.dat,12,BD0DB4691E4A0B388A976D148CDE39DCAD8A6DB3DE16CA7DF23A42511B049F91
S7_reference/V1_HVAC_/CONN/CO_12/VerbHomo.dat,12,BD0DB4691E4A0B388A976D148CDE39DCAD8A6DB3DE16CA7DF23A42511B049F91
S7_reference/V1_HVAC_/CONN/CO_13/VerbHomo.dat,12,BD0DB4691E4A0B388A976D148CDE39DCAD8A6DB3DE16CA7DF23A42511B049F91
S7_reference/V1_HVAC_/CONN/CO_14/VerbHomo.dat,12,BD0DB4691E4A0B388A976D148CDE39DCAD8A6DB3DE16CA7DF23A42511B049F91
S7_reference/V1_HVAC_/CONN/CO_15/VerbHomo.dat,12,BD0DB4691E4A0B388A976D148CDE39DCAD8A6DB3DE16CA7DF23A42511B049F91
S7_reference/V1_HVAC_/CONN/CO_16/VerbHomo.dat,12,BD0DB4691E4A0B388A976D148CDE39DCAD8A6DB3DE16CA7DF23A42511B049F91
S7_reference/V1_HVAC_/CONN/CO_17/VerbHomo.dat,12,BD0DB4691E4A0B388A976D148CDE39DCAD8A6DB3DE16CA7DF23A42511B049F91
S7_reference/V1_HVAC_/CONN/CO_18/VerbHomo.dat,12,BD0DB4691E4A0B388A976D148CDE39DCAD8A6DB3DE16CA7DF23A42511B049F91
S7_reference/V1_HVAC_/CONN/CO_19/VerbHomo.dat,12,BD0DB4691E4A0B388A976D148CDE39DCAD8A6DB3DE16CA7DF23A42511B049F91
S7_reference/V1_HVAC_/CONN/CO_2/VerbHomo.dat,12,BD0DB4691E4A0B388A976D148CDE39DCAD8A6DB3DE16CA7DF23A42511B049F91
S7_reference/V1_HVAC_/CONN/CO_3/VerbHomo.dat,12,BD0DB4691E4A0B388A976D148CDE39DCAD8A6DB3DE16CA7DF23A42511B049F91
S7_reference/V1_HVAC_/CONN/CO_4/VerbHomo.dat,12,BD0DB4691E4A0B388A976D148CDE39DCAD8A6DB3DE16CA7DF23A42511B049F91
S7_reference/V1_HVAC_/CONN/CO_5/VerbHomo.dat,12,BD0DB4691E4A0B388A976D148CDE39DCAD8A6DB3DE16CA7DF23A42511B049F91
S7_reference/V1_HVAC_/CONN/CO_6/VerbHomo.dat,12,BD0DB4691E4A0B388A976D148CDE39DCAD8A6DB3DE16CA7DF23A42511B049F91
S7_reference/V1_HVAC_/CONN/CO_7/VerbHomo.dat,12,BD0DB4691E4A0B388A976D148CDE39DCAD8A6DB3DE16CA7DF23A42511B049F91
S7_reference/V1_HVAC_/CONN/CO_8/VerbHomo.dat,12,BD0DB4691E4A0B388A976D148CDE39DCAD8A6DB3DE16CA7DF23A42511B049F91
S7_reference/V1_HVAC_/CONN/CO_9/VerbHomo.dat,12,BD0DB4691E4A0B388A976D148CDE39DCAD8A6DB3DE16CA7DF23A42511B049F91
S7_reference/V1_HVAC_/CONN/LINKVL.dbf,7168,50E18BCD813321FA125DCF2F0EA028B52BBF4B26D4484C3A88C1D7A3CD988FE7
S7_reference/V1_HVAC_/CONN/LOCKVL.LCK,0,E3B0C44298FC1C149AFBF4C8996FB92427AE41E4649B934CA495991B7852B855
S7_reference/V1_HVAC_/CONN/VERBLIST.PRO,4,EBA09F2F48F209CFA2DFBF19FC678D755D05559671ECEDA0164F3E080CB49765
S7_reference/V1_HVAC_/CONN/VERBTAB.DBF,9134,281E7F3E3AE5A0093C5A9383BC6143756A3CF4AC7ECE546C0694F852FE80DEAC
S7_reference/V1_HVAC_/CONN/VERBTAB.MDX,4096,3AF5E9D844A60B7633116F5564EB1C95E0427E31FCCC412E7F0D61D49301E25B
S7_reference/V1_HVAC_/CONN/VLTAB53.DBF,6409,54D405EC19E41BC034E6C3C599ACB53798D70350330A279FC01A11D29E518A59
S7_reference/V1_HVAC_/CONN/VLTAB53.MDX,4096,A73A868CB60E5276E5DC51BAE7580D287A14A292A709E51213704361CD110183
S7_reference/V1_HVAC_/Global/141342_3_dp_asi.txt,0,E3B0C44298FC1C149AFBF4C8996FB92427AE41E4649B934CA495991B7852B855
S7_reference/V1_HVAC_/Global/141342_3.txt,5412,C548B105EA47120F1E6B7502BC4AC565B668DACECCA6824B355FEA6A79B33575
S7_reference/V1_HVAC_/Global/addinfo/installedcomponents.csv,1922,75ACD83F6E978CE342162F7724EEACAE3B7FE99E9E6BD33F71FF2EBCA2E88C24
S7_reference/V1_HVAC_/Global/addinfo/installedhsps.xml,53484,0AB236BA0F8F910F3E5CBAEA854CB928E42604FA7A13F496D8367DEC6027919C
S7_reference/V1_HVAC_/Global/addinfo/installedproducts.csv,521,C5F1727BAE1D59E753BEF68085853132254C6DCDA217F9AEB4630706D5F84262
S7_reference/V1_HVAC_/Global/addinfo/suppliedhsps.xml,552731,0DC3EA3AD7B60215D06F03D2D785E5883AAFBCF9038FC77359681290CE868991
S7_reference/V1_HVAC_/Global/colorder.dat,96,87C8393140C1F3747804C2F6F87087B87DE4B851E5E62922D551DBC1FCC66AE1
S7_reference/V1_HVAC_/Global/colwidth.dat,96,876C25A482215F9E82E104E35B156EE9C9A9960DDDCA6B69A42CD547554DBAE7
S7_reference/V1_HVAC_/Global/Font_1,35,8AC41431DE91C21BD11B8176F524B86F69BB738F11008295048EA15D85FE3D6F
S7_reference/V1_HVAC_/Global/Font_2,33,92215880675BE1B97BFDA87BAB71808CAE4D9B2F7F7E8A5DD4A36FDFC01B535D
S7_reference/V1_HVAC_/Global/Language,42,75EA0C9D76FA2888108361471BD8991EB0A402E232C1B5B7A3BFEB24E1BD638B
S7_reference/V1_HVAC_/Global/MkProfil/SEONGMIN-PC/Seongmin/s7amkapx.dat,22,8F158322CCDFA6068FF28739566332A2DA1413DDC83F320BD397E65E1013B559
S7_reference/V1_HVAC_/Global/MkProfil/SEONGMIN-PC/Seongmin/s7amkexx.dat,64,AF6B4A6D04A77FF0E12D6A16B796ED52AA799030A07BE86A7E55642F99B3C19C
S7_reference/V1_HVAC_/Global/S7hCompressedMetadata.cmf,901888,6F882044F9CA8B8181C5D164C20335E01350D593BB4B113D3570B5D0BBA1F7F9
S7_reference/V1_HVAC_/Global/S7hMetaData.umf,5843474,6B384F6B3CB2A99952FF03A7BCC1AC987B17E1E69FAB3F9D98501CCB306337F7
S7_reference/V1_HVAC_/Global/s7netpro.npa,928,13A9DB019E210B9D8BE368E547F33223C7F25E29D428544835A0CB71C250BABC
S7_reference/V1_HVAC_/Global/s7netpro.wnd,140,4BCCCD9FA13EACEF8EFC0368AB0BA025A70ACFE52172C5BCD7E9FDEF7AE8669A
S7_reference/V1_HVAC_/Global/s7prj/envext,560,2E8DB1DC0725A5FDF8E277FC8C50CB2EDD77A37AD8B31B0BB9BD1D2B13251036
S7_reference/V1_HVAC_/Global/sdbOnl/00000003/UP_OF/r00s03/sdb0.dat,818,BC3B99F097576B17911BEF2067581BEF9822BAC32C7B5096D6829E546ED02719
S7_reference/V1_HVAC_/Global/sdbOnl/00000003/UP_OF/r00s03/sdb1.dat,326,10DC605384F0954958CD5FAAB9DC66ECAE13D0C6A15AF6CCC3C2CF2D699AEC8B
S7_reference/V1_HVAC_/Global/sdbOnl/00000003/UP_OF/r00s03/sdb1000.dat,536,352E9CE4AF1FCAE092D23E5C3D4C0B86476C4CCB7DF6B54AC4F16872FF9147C0
S7_reference/V1_HVAC_/Global/sdbOnl/00000003/UP_OF/r00s03/sdb1001.dat,536,AB9E75FB950F029E867076571CFDCFF84748B5367658A5718C652D404E2F43A1
S7_reference/V1_HVAC_/Global/sdbOnl/00000003/UP_OF/r00s03/sdb1002.dat,500,02655D34E4A32002C00DBFCD6F4003C8315A5001C0FA43EE9E0BE9D54DFB6380
S7_reference/V1_HVAC_/Global/sdbOnl/00000003/UP_OF/r00s03/sdb1003.dat,500,3E58B9762586117CA703D22FB7BB8A88F869AAB4E04AC8558B7CB6DBE7AE97B8
S7_reference/V1_HVAC_/Global/sdbOnl/00000003/UP_OF/r00s03/sdb1004.dat,718,2E8E22FBCB1756B74108C5F0B21B670BA507BBE7CCA5C89AA5E0C7A593795500
S7_reference/V1_HVAC_/Global/sdbOnl/00000003/UP_OF/r00s03/sdb1005.dat,718,A986C7E164A85C0531CDCCDA6589EABAC156BC4CDA4CFB91C91C63C8D3454FCD
S7_reference/V1_HVAC_/Global/sdbOnl/00000003/UP_OF/r00s03/sdb1006.dat,922,005D6258C103C0BBC82B0497556FA2995FE9A7AC97077B66944FBFCC280CD733
S7_reference/V1_HVAC_/Global/sdbOnl/00000003/UP_OF/r00s03/sdb1007.dat,926,0D7ACFCF38CF95A4FDF535C502E9D8FCF3257DF373DE15F18E7BB1125792ECDF
S7_reference/V1_HVAC_/Global/sdbOnl/00000003/UP_OF/r00s03/sdb1008.dat,128,60F78289C7D928911BB523FD64F917FCB84C8661CCFAC2508D247380D0F1A60E
S7_reference/V1_HVAC_/Global/sdbOnl/00000003/UP_OF/r00s03/sdb1009.dat,128,BAF9B912667BD7AC95C1543F81D23EC8F057F27929CE185653E2615B137F76E2
S7_reference/V1_HVAC_/Global/sdbOnl/00000003/UP_OF/r00s03/sdb122.dat,3208,75A4051A3C060AE75C285CF3F832CB5F1000A19102155146F0E532254CB447F9
S7_reference/V1_HVAC_/Global/sdbOnl/00000003/UP_OF/r00s03/sdb142.dat,3208,D3B0DF154637901EF0E74FD2E863223CDA93D1B038D38AB3DE7C50453FB1190E
S7_reference/V1_HVAC_/Global/sdbOnl/00000003/UP_OF/r00s03/sdb2000.dat,10968,309FF6460E73E9786EA006B2AA60DB8132ECDF44E2B98A281271BBC59DE743AF
S7_reference/V1_HVAC_/Global/sdbOnl/00000003/UP_OF/r00s03/sdb2001.dat,508,F64B8CC175E87A7494FC953FC7AA837752F7393072EBE55C0BDDB7F4A6E9A6AD
S7_reference/V1_HVAC_/Global/sdbOnl/00000003/UP_OF/r00s03/sdb2002.dat,10968,67C310CC210F774621F39B96E4FBC574CBC54C2D45DBF9273640E9A6C2470079
S7_reference/V1_HVAC_/Global/sdbOnl/00000003/UP_OF/r00s03/sdb2003.dat,508,1CB16FD664A9AFFF82F6107176B6D09293140DAE6337CFA02D3B1DD72582C287
S7_reference/V1_HVAC_/Global/sdbOnl/00000003/UP_OF/r00s03/sdb22.dat,3526,918F6842D10F1F567282D6A2EC5AC1B5E20F02623C534E332270766180A9B1D1
S7_reference/V1_HVAC_/Global/sdbOnl/00000003/UP_OF/r00s03/sdb3.dat,1154,3B37E055511935546F1496B8D5D76421D2A7C29BD6FE46E4DD426190D3CED5C9
S7_reference/V1_HVAC_/Global/sdbOnl/00000003/UP_OF/r00s03/sdb4.dat,346,5A13B8CDD38F0D6D5BDF276FA6BA2183EDB6C35AA8FCDA874E732E2FA8CBD263
S7_reference/V1_HVAC_/Global/sdbOnl/00000003/UP_OF/r00s03/sdb42.dat,3526,5FE8A6F12E54977EB908407E19641629CD1E94D7B1F15852831049ADC9F17D7E
S7_reference/V1_HVAC_/Global/sdbOnl/00000003/UP_OF/r00s03/sdb7.dat,138,C99D1221A042BC55D875914C337127A7771383190FF00E1686D99A4C8D792018
S7_reference/V1_HVAC_/Global/sdbOnl/00000003/UP_OF/r00s03/sdb90.dat,242,1E46BD250DE8E54DF92D066EF92577234BE8F9BF7E7B76A4910739797B0CDDDB
S7_reference/V1_HVAC_/Global/sdbOnl/00000003/UP_OF/r00s03/sdb91.dat,94,79B05EDFA1EE1C98F8A8D637668FA0483742833F1C41355EF184D91059CA324F
S7_reference/V1_HVAC_/Global/sdbOnl/00000003/UP_OF/r00s03/sdb92.dat,84,B0B10DF4D22AFF46E87BBCBD7E0BF387E3D89E977935B44CEC73B7154E940F81
S7_reference/V1_HVAC_/Global/sdbOnl/00000003/UP_OF/r00s03/sdb93.dat,84,4A3C35E2B8AF6AB9375C5AB9E2AF86BBC938144A23A11AA83D89302EA8D93B67
S7_reference/V1_HVAC_/Global/sdbOnl/00000003/UP_OF/r00s03/sdb999.dat,1178,2B5DC59B80CF9107BC171CD2CFC4189489CD399403DB8135C02C3DF3E71141CA
S7_reference/V1_HVAC_/hOmSave7/s7h0074x/HATTARY1.DBF,689,194B8E26DF37E505147D9406C6D13016F39816F36FC3D04FC5AD733DFA13D83A
S7_reference/V1_HVAC_/hOmSave7/s7h0074x/HATTARY1.DBT,5120,B248283CC78119F29EA87A8B95B073288FA654C1CAA8A2223650B6604441AF0A
S7_reference/V1_HVAC_/hOmSave7/s7h0074x/HATTARY1.MDX,4096,4340E80E121340FBAA10C7A27A39989AB0D7D5D48A6EEC4289405E6FA8DDED4A
S7_reference/V1_HVAC_/hOmSave7/s7h0074x/HATTRIB1.DBF,11566,CE97B66EF5B3F15578C745DF54B385AD96D9183A310BF2A09330B87FD413DAD9
S7_reference/V1_HVAC_/hOmSave7/s7h0074x/HATTRIB1.MDX,6144,1BEA477B4408C361C8DF5A0EA7B2141F0BF5A4EFF597AC61C0B92BFB3C804120
S7_reference/V1_HVAC_/hOmSave7/s7h0074x/HATTRME1.DBF,2142,8AA0AD4C91F1CA7152BBB6D4E620818E3A8170ABAE4C5AC45828DE28A5D01218
S7_reference/V1_HVAC_/hOmSave7/s7h0074x/HATTRME1.DBT,23552,D19BF0336518DC448ED2D4EA41077B431788163368C570766C69C7267BE8D8B0
S7_reference/V1_HVAC_/hOmSave7/s7h0074x/HATTRME1.MDX,8192,D58611664603FED3B1B4272F413044063E7A92C33EE5D54429D377A8A8449F94
S7_reference/V1_HVAC_/hOmSave7/s7h0074x/HLASTID2.DBF,336,97493C8EB7C255F8574062D9CF1A61348E871BF6097E034BEBDB5F9ED16CF2C0
S7_reference/V1_HVAC_/hOmSave7/s7h0074x/hLockID1,0,E3B0C44298FC1C149AFBF4C8996FB92427AE41E4649B934CA495991B7852B855
S7_reference/V1_HVAC_/hOmSave7/s7h0074x/HOBJECT1.DBF,5155,26FCECE4E20BA9C10F3BE958738192DEEAB0AAB8B7FD146141FDE0AE87CE64EF
S7_reference/V1_HVAC_/hOmSave7/s7h0074x/HOBJECT1.MDX,4096,1571749E3EA358DA7225A139ED39A6566CD8CC8A2AF17A1B75AEED66513447F8
S7_reference/V1_HVAC_/hOmSave7/s7h0074x/HRELATI1.DBF,1662,1643E60F9D00A41AF05E45257325E703FD1D956C6E2C5BFC8669B4F5E5EE76FC
S7_reference/V1_HVAC_/hOmSave7/s7h0074x/HRELATI1.MDX,8192,D892DFDBACFC09B980A1A6B179CC3EB1FBFAB4190A8B66FCA5CC62BC2996A6DD
S7_reference/V1_HVAC_/hOmSave7/s7hdevnx/HATTARY1.DBF,634,3FCD1F3D2449DBE524D55107EF6C86BD28B1C787D91DEED42C5F5557D0C4687E
S7_reference/V1_HVAC_/hOmSave7/s7hdevnx/HATTARY1.DBT,4608,7C2E2FA6AFEC3F64D8F0182A910C1C1BB2FB7238243A292323BAE11D578B6670
S7_reference/V1_HVAC_/hOmSave7/s7hdevnx/HATTARY1.MDX,4096,20A8EDC4D2DF3D930262496C93166E39767AA948028190EBE8B695D3743B1EFE
S7_reference/V1_HVAC_/hOmSave7/s7hdevnx/HATTRIB1.DBF,20386,E7935C634C22B340F07B1A1796443311C890AECAB741BE41D6F75E09DD5F300F
S7_reference/V1_HVAC_/hOmSave7/s7hdevnx/HATTRIB1.MDX,10240,1F5B0DFEDA51630B1A73847593E47DD82C8F9F7F21BC67B72B88352A41DB98FC
S7_reference/V1_HVAC_/hOmSave7/s7hdevnx/HATTRME1.DBF,514,A7238E0D21960C1F4447A80212AF1C282E60566414C0C00CB61CA3C569ADEE51
S7_reference/V1_HVAC_/hOmSave7/s7hdevnx/HATTRME1.DBT,4608,2D8F5BB9C64B21BE2B725216765D30627F0A8DAD5F75DC72E489B424D22C509F
S7_reference/V1_HVAC_/hOmSave7/s7hdevnx/HATTRME1.MDX,6144,F59C4B31A0196A2AB83B48638FB3EB74139DAF1748CD874BD51534A68DB7C262
S7_reference/V1_HVAC_/hOmSave7/s7hdevnx/HLASTID2.DBF,336,3651FC0129EE324E7CE31893379C9FFB03349AA0B6A24B2ECCD11672E510E250
S7_reference/V1_HVAC_/hOmSave7/s7hdevnx/hLockID1,0,E3B0C44298FC1C149AFBF4C8996FB92427AE41E4649B934CA495991B7852B855
S7_reference/V1_HVAC_/hOmSave7/s7hdevnx/HOBJECT1.DBF,4650,51D54DCD5C0E7834D903342C0A2EDC4FD702B96F3F279B55DDE2C342CF1EEC0F
S7_reference/V1_HVAC_/hOmSave7/s7hdevnx/HOBJECT1.MDX,4096,C58F312A98033B0FC71CFDFB4EBF6FA946FFF01D1C2CBC1838EB3BE9F157E7B2
S7_reference/V1_HVAC_/hOmSave7/s7hdevnx/HRELATI1.DBF,2130,36D1728EE6A8B1A1D7C9621B384F2B84A19F0FAFCF7810D91E6DF64ABDF3FF9F
S7_reference/V1_HVAC_/hOmSave7/s7hdevnx/HRELATI1.MDX,8192,C97380759829BFEDA218D5AD00B898817D688B9925E28695C8BBB082BB6C7F1D
S7_reference/V1_HVAC_/hOmSave7/S7HDPSSX/HATTARY1.DBF,799,F1129827B708EB9AC15CB6FEC7FF7A2F94601BAB2CDD6C008D20E8E571879677
S7_reference/V1_HVAC_/hOmSave7/S7HDPSSX/HATTARY1.DBT,6144,5BAEB0D9F552816E6E00B5B00D7EE00AEB15C14A190651E5D4C30049E21E0CF9
S7_reference/V1_HVAC_/hOmSave7/S7HDPSSX/HATTARY1.MDX,4096,7557777BC894777DF7353520F7414E5BE17320382EE9DB7FBA10F039E64358BC
S7_reference/V1_HVAC_/hOmSave7/S7HDPSSX/HATTRIB1.DBF,48736,2583B91A079FAE1F0418B62881F6E231279EE670542032762D090E08976AFF6A
S7_reference/V1_HVAC_/hOmSave7/S7HDPSSX/HATTRIB1.MDX,18432,B5DD0732839D450681218B2949BBFEB87DE82BF02D25C7FDC1A91B2B27CA7675
S7_reference/V1_HVAC_/hOmSave7/S7HDPSSX/HATTRME1.DBF,162,F10EEE74E618402739008402B3DFCE4D258AE35C7D8C51D472A0B131F155795E
S7_reference/V1_HVAC_/hOmSave7/S7HDPSSX/HATTRME1.DBT,24,779D24AEA2F98181DE56336C7E1968E78A24602BE68CE6A02C3E7DAEAF9E4BC1
S7_reference/V1_HVAC_/hOmSave7/S7HDPSSX/HATTRME1.MDX,6144,40F1FFDB447AFA1D45FA8346ABDFBF04545BFF44EF390CBD3E176CE1215A34E1
S7_reference/V1_HVAC_/hOmSave7/S7HDPSSX/HLASTID2.DBF,336,BBA21E0ED581D1F5D34BCF1737C93A119E698067C93D246AA3E3F1FD05AA6157
S7_reference/V1_HVAC_/hOmSave7/S7HDPSSX/hLockID1,0,E3B0C44298FC1C149AFBF4C8996FB92427AE41E4649B934CA495991B7852B855
S7_reference/V1_HVAC_/hOmSave7/S7HDPSSX/HOBJECT1.DBF,6165,EA5FE58F293C47BFB05E60C7B0FB0B407A90603F8609B62EF74BE76CFA3FC2BC
S7_reference/V1_HVAC_/hOmSave7/S7HDPSSX/HOBJECT1.MDX,4096,9CCC96C4679D1E1935E0C7D81CEC4EAA3F454DEC0EDF3C51AFBF397B1259FA92
S7_reference/V1_HVAC_/hOmSave7/S7HDPSSX/HRELATI1.DBF,15234,30A9E8393993241CC9D9488A5FEC61AA86B078AFC797F2737079C5ED629CC1CD
S7_reference/V1_HVAC_/hOmSave7/S7HDPSSX/HRELATI1.MDX,32768,7DE8F67099FB46F0F96E0A2C8AAA3E04E73F70CE41B80D1A5BC398E5F28D1575
S7_reference/V1_HVAC_/hOmSave7/S7HK15AX/HATTARY1.DBF,1184,7D59A0DA131C517A230A12D24BE518A6B8042813796211331221456CC1413CBD
S7_reference/V1_HVAC_/hOmSave7/S7HK15AX/HATTARY1.DBT,9728,250D02277234EA2D1A90ECB63877CEDF808DC324B8ED82BF1A305AA32920AE1F
S7_reference/V1_HVAC_/hOmSave7/S7HK15AX/HATTARY1.MDX,4096,88622A6EC03825C28423369D3B76F3B73F318E0BB4379E5A9006389A3EA26091
S7_reference/V1_HVAC_/hOmSave7/S7HK15AX/HATTRIB1.DBF,28576,DE7BB126722C512204443B7C739529696F3F1B8634524126D1D9DF26D4C15B27
S7_reference/V1_HVAC_/hOmSave7/S7HK15AX/HATTRIB1.MDX,11264,EDDF238BB9195C9A449A4EADE82CEB6978439317470CA91E38532210595C9753
S7_reference/V1_HVAC_/hOmSave7/S7HK15AX/HATTRME1.DBF,2538,09ED8FFD8EDCD8A3B9C2ADC130CA146F0C5B8363CDDEDB9FC9EC66323F8BB460
S7_reference/V1_HVAC_/hOmSave7/S7HK15AX/HATTRME1.DBT,28160,E4266BB3C24A6F32FAF7DD6ADADE77A655C1269790CBC23EB8C86E4951BB70EC
S7_reference/V1_HVAC_/hOmSave7/S7HK15AX/HATTRME1.MDX,8192,4EE08068DFF569399E773499E68F46A3F0EF21C7A07D7BB5594ECCB8C35CEDC2
S7_reference/V1_HVAC_/hOmSave7/S7HK15AX/HLASTID2.DBF,336,796AEDB9BA1EC70B43DCE7D5D59D9D587E272E92FA0DE97C26AE22BD1F0FDF57
S7_reference/V1_HVAC_/hOmSave7/S7HK15AX/hLockID1,0,E3B0C44298FC1C149AFBF4C8996FB92427AE41E4649B934CA495991B7852B855
S7_reference/V1_HVAC_/hOmSave7/S7HK15AX/HOBJECT1.DBF,9700,A99769AB85A7DDE6ADD37603F2D6CA9753B38D0D65D1F1CF34B4F031F732E8E1
S7_reference/V1_HVAC_/hOmSave7/S7HK15AX/HOBJECT1.MDX,4096,C06F72F79C2F40E1CB3C4F129E877AABEE8C88371D31D5EF2B913CFA59E0ABF9
S7_reference/V1_HVAC_/hOmSave7/S7HK15AX/HRELATI1.DBF,8682,E764E7B042BF3F7B6D4AAE8CCD87173E23813E6036B386804466C1C018F2C3DE
S7_reference/V1_HVAC_/hOmSave7/S7HK15AX/HRELATI1.MDX,15360,A988C3D7A5F2C1B4201607B4C6EBC4B236F9BDE4927998F67F2C86FB8D72D1FC
S7_reference/V1_HVAC_/hOmSave7/s7hk32ax/HATTARY1.DBF,1954,9952C704534B2DC48B63C2E5A4AEB8FC8C05CEE85596E51DBE5FA7D59EF212DD
S7_reference/V1_HVAC_/hOmSave7/s7hk32ax/HATTARY1.DBT,16896,D39A4F3084924925F2AD6E9BD7DC640695C48BFBA73A04CED2592BDA00970107
S7_reference/V1_HVAC_/hOmSave7/s7hk32ax/HATTARY1.MDX,4096,75B3811995E2612245B926131387537CC599AD1ADDDFA952AC211910F8B34118
S7_reference/V1_HVAC_/hOmSave7/s7hk32ax/HATTRIB1.DBF,40546,90D2B9DBACF21D2D6E511C413865DA3ECEE87B6092A78607670C0552E68BC4F8
S7_reference/V1_HVAC_/hOmSave7/s7hk32ax/HATTRIB1.MDX,13312,D49D38E6BF984179F809140E2461F422D7B51AC3AD10511BA06FB6C97DA530DC
S7_reference/V1_HVAC_/hOmSave7/s7hk32ax/HATTRME1.DBF,5794,79DFB6C9E9333FF2229644644507AC3DB8D0E9ADF20B7B45C0B2A0FAE9F8EE46
S7_reference/V1_HVAC_/hOmSave7/s7hk32ax/HATTRME1.DBT,66048,B97BB0DAB7076335D21D7F350C3476A6D98352E87BBC1333F0176342D26B2C6A
S7_reference/V1_HVAC_/hOmSave7/s7hk32ax/HATTRME1.MDX,13312,4DE907321EE4E14D81ED1830D22CEEE4D56A42870421A29BF47D80C75218E7B7
S7_reference/V1_HVAC_/hOmSave7/s7hk32ax/HLASTID2.DBF,336,8BCAF2F8D230D26603846C5F8083A9D44E89DFB07D582954BCA8007094E2138F
S7_reference/V1_HVAC_/hOmSave7/s7hk32ax/hLockID1,0,E3B0C44298FC1C149AFBF4C8996FB92427AE41E4649B934CA495991B7852B855
S7_reference/V1_HVAC_/hOmSave7/s7hk32ax/HOBJECT1.DBF,16770,0939FA8CD291391460211D5687DFDFC02BDEB33C96C93200CF43C383785AF551
S7_reference/V1_HVAC_/hOmSave7/s7hk32ax/HOBJECT1.MDX,4096,15551CB4820886C5DAE84A7A7EF5B43F7EE0DBF14AA778205B3E0E2B7FFBFC0D
S7_reference/V1_HVAC_/hOmSave7/s7hk32ax/HRELATI1.DBF,5250,14732DA7EA01B3E56077A4F9660325A7BB8D718F37791500CB637FAA8311AC19
S7_reference/V1_HVAC_/hOmSave7/s7hk32ax/HRELATI1.MDX,12288,28977EE497D112A175476CA57EA1F61C9A4130CB39D4944855805AC3865FFD4D
S7_reference/V1_HVAC_/hOmSave7/s7hk32bx/HATTARY1.DBF,634,AAC56753AF8A59CCAE373C0EE551E993C1EF2A580DD4E937423EFC81D84C4416
S7_reference/V1_HVAC_/hOmSave7/s7hk32bx/HATTARY1.DBT,4608,E6D4A4B9F43FB03D8FCDA2535A4C7E59038D3C4034112DB9025E8A098B6400A3
S7_reference/V1_HVAC_/hOmSave7/s7hk32bx/HATTARY1.MDX,4096,0B9ACF21387EBF4B8FEC79D311ADF1FE56D4A7319522C5CAFFF6C9D27CD461D1
S7_reference/V1_HVAC_/hOmSave7/s7hk32bx/HATTRIB1.DBF,10306,1C029D8A34A605767B8208DB54418A6376994ECC19F0F8BD75A799F191A4DAD2
S7_reference/V1_HVAC_/hOmSave7/s7hk32bx/HATTRIB1.MDX,6144,F1AF20AF12B3CBA88E6B3D5D44C1B53AFBFC3EF609AD94426F8849C173F22235
S7_reference/V1_HVAC_/hOmSave7/s7hk32bx/HATTRME1.DBF,1570,67CA0BA2A2D9186BF6D147D6A973FF729B7999874575584019A2CC1732003AE6
S7_reference/V1_HVAC_/hOmSave7/s7hk32bx/HATTRME1.DBT,16896,68556B728D9D2C5C303A2E2205C42219DC621EE318896DC61D3791A9538D6B2B
S7_reference/V1_HVAC_/hOmSave7/s7hk32bx/HATTRME1.MDX,6144,74FEF6A2D5AE2C191C721C0E7F51972691FB6C80DB6A8B43CBEFB01A04B4B4EC
S7_reference/V1_HVAC_/hOmSave7/s7hk32bx/HLASTID2.DBF,336,F3CD1D201EA0278F2F400289F422B76DDB7FDC25BB1B1B5A9C36DA45CEF8E420
S7_reference/V1_HVAC_/hOmSave7/s7hk32bx/hLockID1,0,E3B0C44298FC1C149AFBF4C8996FB92427AE41E4649B934CA495991B7852B855
S7_reference/V1_HVAC_/hOmSave7/s7hk32bx/HOBJECT1.DBF,4650,FCFF686E86D6C060CB09D4E939A0E9CBA7916715C059C6E2C2CCE8F95EAFA6A9
S7_reference/V1_HVAC_/hOmSave7/s7hk32bx/HOBJECT1.MDX,4096,2D5A4CB87013CBD05EFEDD6498D14A2CD770A15A87ED83F0D80B18B46C55DE69
S7_reference/V1_HVAC_/hOmSave7/s7hk32bx/HRELATI1.DBF,1506,B3E1E0D3760DB45A51DBA0C436EF45F0484A41699F4B1ECE58EA5256485A3A96
S7_reference/V1_HVAC_/hOmSave7/s7hk32bx/HRELATI1.MDX,6144,4F3421C4CA4DD1DC874A3CD78E00BF47CF16559FD79D038D352944E6E178D912
S7_reference/V1_HVAC_/hOmSave7/s7hk33ax/HATTARY1.DBF,2229,89D3EC5532BE4048B5623E289F540759B61769B54274A6719D872B8041F97B7A
S7_reference/V1_HVAC_/hOmSave7/s7hk33ax/HATTARY1.DBT,19456,01D50AF7C8E299CBA5697519A57EF9A50736023BBB7046ACA4224FF4CC82FADA
S7_reference/V1_HVAC_/hOmSave7/s7hk33ax/HATTARY1.MDX,4096,8BB79E34B9D9692B86C6B7DEFFB89A3EF39D22E14D32380B02D116809B80D026
S7_reference/V1_HVAC_/hOmSave7/s7hk33ax/HATTRIB1.DBF,46846,9F1C60D23BD63784007DD28D42FFED9C4207F62B85073CA518691D74325B052C
S7_reference/V1_HVAC_/hOmSave7/s7hk33ax/HATTRIB1.MDX,14336,BF146BA76E5A900F791A8AD4BDF257BAEEA1500B06AE3C62FB151F491B0D7229
S7_reference/V1_HVAC_/hOmSave7/s7hk33ax/HATTRME1.DBF,8302,A16F3E00DC003E1B3A256EACF9A0D285F01A94BBB69C108A6E21C18D155184B4
S7_reference/V1_HVAC_/hOmSave7/s7hk33ax/HATTRME1.DBT,95232,F3495769C2EBA1E3952606CF5AD324398D84651E823B4F498465F5807B6BB52E
S7_reference/V1_HVAC_/hOmSave7/s7hk33ax/HATTRME1.MDX,15360,596E8D5BE6663CE5EB4740956164DD7F9ADA8CFF941E2E15D4FD93F4F95D38F9
S7_reference/V1_HVAC_/hOmSave7/s7hk33ax/HLASTID2.DBF,336,AC7E91055EE595109E3BC87A85CF661E69B6CE1E11A800F788CC25FA2217A7AA
S7_reference/V1_HVAC_/hOmSave7/s7hk33ax/hLockID1,0,E3B0C44298FC1C149AFBF4C8996FB92427AE41E4649B934CA495991B7852B855
S7_reference/V1_HVAC_/hOmSave7/s7hk33ax/HOBJECT1.DBF,19295,B231D52982937B1FD615818EA79753F4B1076E1C1A22DAF8B5BB4B27FE21EE4D
S7_reference/V1_HVAC_/hOmSave7/s7hk33ax/HOBJECT1.MDX,4096,6AD00D567F3BA53034BA7632122831B828B6EA6892D5D50BF3EF6750F057EDDC
S7_reference/V1_HVAC_/hOmSave7/s7hk33ax/HRELATI1.DBF,6030,9949B79F6A9CD0A159CEC34AC78B2A14594925458FEB7265ED730499048914EF
S7_reference/V1_HVAC_/hOmSave7/s7hk33ax/HRELATI1.MDX,13312,46FEEF005E2FEDF4566A919106380E8424BC75D0FF6D18B93001F149DF0C7B0D
S7_reference/V1_HVAC_/hOmSave7/s7hk33cx/HATTARY1.DBF,1184,DEB6BF15D34BC32F65745DDB3C3632324206ADED8E3EB7B6AFD04388ABE81345
S7_reference/V1_HVAC_/hOmSave7/s7hk33cx/HATTARY1.DBT,9728,3DD2514EFD01D4DDFDBA3B016250A44A7DC1F0A73CA4EE5BEEDA49E521801202
S7_reference/V1_HVAC_/hOmSave7/s7hk33cx/HATTARY1.MDX,4096,D6F781705A084E1EF8A930C33A1F2572A6CADDA1DD150532BDF9B99D17309E02
S7_reference/V1_HVAC_/hOmSave7/s7hk33cx/HATTRIB1.DBF,22906,DF016678F8C15FA04AFAA540EFD5DA69A2E889102C2E15B74936B1712A836C83
S7_reference/V1_HVAC_/hOmSave7/s7hk33cx/HATTRIB1.MDX,10240,B685B2A01E22BA8E6C08A01A6640445E5222DDB3D18A3958D67EE65ACF89059F
S7_reference/V1_HVAC_/hOmSave7/s7hk33cx/HATTRME1.DBF,4122,F6EBF759880072C7FB0843B1C53BA9E5B4FAA0090702B6604E81CD3F79D7C0E7
S7_reference/V1_HVAC_/hOmSave7/s7hk33cx/HATTRME1.DBT,46592,673E31FADB3F7E479D4C5CD8A9454AD8CF5A85B2F83FABFCB820565B093A3C04
S7_reference/V1_HVAC_/hOmSave7/s7hk33cx/HATTRME1.MDX,11264,FB17C051DFFF40E383B3A18FE5836196B51313871A662038A71C7AF224C2EBE5
S7_reference/V1_HVAC_/hOmSave7/s7hk33cx/HLASTID2.DBF,336,C72FE233AC45D27187FB17232DD60139487FB222E0391833FBACED115EB72906
S7_reference/V1_HVAC_/hOmSave7/s7hk33cx/hLockID1,0,E3B0C44298FC1C149AFBF4C8996FB92427AE41E4649B934CA495991B7852B855
S7_reference/V1_HVAC_/hOmSave7/s7hk33cx/HOBJECT1.DBF,9700,4185441277D0FA7CF137F57FCBEC168190E74FFD11287C5FBC290D8D477171FC
S7_reference/V1_HVAC_/hOmSave7/s7hk33cx/HOBJECT1.MDX,4096,22C761BD707293E7AECDCF7B4F0B87A25BD2042515970FECBEE0826400846BB5
S7_reference/V1_HVAC_/hOmSave7/s7hk33cx/HRELATI1.DBF,3066,3E5D50317AEA984A7D00E181B22414D8C2D57FDDC0F0EFAEA39D4EC8938FCFBE
S7_reference/V1_HVAC_/hOmSave7/s7hk33cx/HRELATI1.MDX,9216,C6301456F19F4EC396F4A21CF3BAF1CEB91BD31CF88CA52DF04B94D6DBB0A25E
S7_reference/V1_HVAC_/hOmSave7/S7HK40AX/HATTARY1.DBF,744,58314B3BEFC95F1B1B7C968FD225FC2063D9CD33B3872E5B096E8307014AB7E2
S7_reference/V1_HVAC_/hOmSave7/S7HK40AX/HATTARY1.DBT,5632,DEFF2F476678C34DA599C12AC5BB791A0A75DA18CB9BA211D8EF94081F4014B5
S7_reference/V1_HVAC_/hOmSave7/S7HK40AX/HATTARY1.MDX,4096,E6DB350DD494B26FB829A03638E66834B428C60E0F0DB4A465422F37B558A1CF
S7_reference/V1_HVAC_/hOmSave7/S7HK40AX/HATTRIB1.DBF,12826,034F50768CE46B66C840DE9A5C3C4E43E3FC2CF44AAB8AAAD2FECCE196024D0C
S7_reference/V1_HVAC_/hOmSave7/S7HK40AX/HATTRIB1.MDX,8192,2EEF482309D54F85FDFFD99337766A996688DEB3E5FBFAA79548697300428A46
S7_reference/V1_HVAC_/hOmSave7/S7HK40AX/HATTRME1.DBF,1922,09AA8D1D7D949A4419FB28C2969C1B5D8817E7380229D0CE98A2EB8FE66A2725
S7_reference/V1_HVAC_/hOmSave7/S7HK40AX/HATTRME1.DBT,20992,3DFC5C2E535EC11E8D2364DB0EA278C9386B2A0F13F69E4E41EA6F1517A12D9B
S7_reference/V1_HVAC_/hOmSave7/S7HK40AX/HATTRME1.MDX,8192,5B6C1DC280CF3324F594AFC1A88D8B8F914AD4BD5482260773E470DAE02963DD
S7_reference/V1_HVAC_/hOmSave7/S7HK40AX/HLASTID2.DBF,336,F68EAA859F98A1AC4987E7F4E626789D041D68B73604080CE0D2F1E4540A120D
S7_reference/V1_HVAC_/hOmSave7/S7HK40AX/hLockID1,0,E3B0C44298FC1C149AFBF4C8996FB92427AE41E4649B934CA495991B7852B855
S7_reference/V1_HVAC_/hOmSave7/S7HK40AX/HOBJECT1.DBF,5660,62265DB94B009846B0F0A31EA6D6C683D08A0F53E1451307E5B81216F504C0AD
S7_reference/V1_HVAC_/hOmSave7/S7HK40AX/HOBJECT1.MDX,4096,5C7440762AAEAD32BE60C9E5BBA62700CEE82FA2FD563875ACE3CA64B0357D1F
S7_reference/V1_HVAC_/hOmSave7/S7HK40AX/HRELATI1.DBF,1818,81D62B01523A91BEBD51C6F84CB461B619009AB3447975A34446EEBAE4A64C3F
S7_reference/V1_HVAC_/hOmSave7/S7HK40AX/HRELATI1.MDX,8192,6FAAAEA2ACA62C6E600CD0DF98C2707CB3FD9A32970C921335A1E3384806DEE2
S7_reference/V1_HVAC_/hOmSave7/S7HK41AX/HATTARY1.DBF,744,F72D811804B5F26BD2C8B7FBEE511527DA450D785466EADD2218A20E2E5B2353
S7_reference/V1_HVAC_/hOmSave7/S7HK41AX/HATTARY1.DBT,5632,0CE5DEBAE8F960F0E45B9F1893F49398EF9592B26DD14A39BAAC42A7F5E36282
S7_reference/V1_HVAC_/hOmSave7/S7HK41AX/HATTARY1.MDX,4096,E6DB350DD494B26FB829A03638E66834B428C60E0F0DB4A465422F37B558A1CF
S7_reference/V1_HVAC_/hOmSave7/S7HK41AX/HATTRIB1.DBF,22276,B58FB0FAB1899124073BA8998341B1F0332FAD059363CDA0F1AFEEEA8DD8F883
S7_reference/V1_HVAC_/hOmSave7/S7HK41AX/HATTRIB1.MDX,11264,154C6E0E3BC0CCE60DDA73F75093E2C2652E9A6016E9D221DB45340DAA3879CA
S7_reference/V1_HVAC_/hOmSave7/S7HK41AX/HATTRME1.DBF,3682,1E7D0596DD96AC3600C60F3E055EA510B8DEEF5B3F492040604F0CBB28A45CCF
S7_reference/V1_HVAC_/hOmSave7/S7HK41AX/HATTRME1.DBT,46592,23FEA365576673974C42AB757758ED9DF1FE98FC717534B0C50E9B8D2F8F2C9A
S7_reference/V1_HVAC_/hOmSave7/S7HK41AX/HATTRME1.MDX,12288,F7F1389ADA7D20D7E58323F174C0A27ADA3D87B2985E6EDA76D1F6677F5D1975
S7_reference/V1_HVAC_/hOmSave7/S7HK41AX/HLASTID2.DBF,336,F68EAA859F98A1AC4987E7F4E626789D041D68B73604080CE0D2F1E4540A120D
S7_reference/V1_HVAC_/hOmSave7/S7HK41AX/hLockID1,0,E3B0C44298FC1C149AFBF4C8996FB92427AE41E4649B934CA495991B7852B855
S7_reference/V1_HVAC_/hOmSave7/S7HK41AX/HOBJECT1.DBF,5660,3261C957F12E080B1217E264B909102F413160EF458A74DD285A9484318B4448
S7_reference/V1_HVAC_/hOmSave7/S7HK41AX/HOBJECT1.MDX,4096,5C7440762AAEAD32BE60C9E5BBA62700CEE82FA2FD563875ACE3CA64B0357D1F
S7_reference/V1_HVAC_/hOmSave7/S7HK41AX/HRELATI1.DBF,19056,CD255C7F42652F59FB8E6FA4FCD3D8EABB3D53911C922BFE0BB8FC3D7FC7FF77
S7_reference/V1_HVAC_/hOmSave7/S7HK41AX/HRELATI1.MDX,30720,92DB314AD1720242D005F512AAF71545C4FFDEFCA7ECAC72FD94C1D047BEFF70
S7_reference/V1_HVAC_/hOmSave7/s7hk96ax/HATTARY1.DBF,414,DE2623D4D90845A56EF6B4ADB4F34D825C62417D37AF2ACB057BC63ADB2C570A
S7_reference/V1_HVAC_/hOmSave7/s7hk96ax/HATTARY1.DBT,2560,08D96289B2D656A90DB75A7B74660ACB5C278DF37273DEB2DB6FD745032ECE48
S7_reference/V1_HVAC_/hOmSave7/s7hk96ax/HATTARY1.MDX,4096,C73B3A2C4C94674E823C05ED215E97AE663D42686DCD8DB40581F295784851D3
S7_reference/V1_HVAC_/hOmSave7/s7hk96ax/HATTRIB1.DBF,5266,39043920F078003728801534DF332CF9E0FECBD9D12117BEB4C3695FD97CC81F
S7_reference/V1_HVAC_/hOmSave7/s7hk96ax/HATTRIB1.MDX,6144,4FB9C5192B6AE4B4AD9FAC06FCB5BD7359FD8E87264B6A1AC7361342C554AC68
S7_reference/V1_HVAC_/hOmSave7/s7hk96ax/HATTRME1.DBF,866,B2A40C0781FA395329F7DBB2A59E96B92131ABA979FF3267EDE92F29DC5FBBAA
S7_reference/V1_HVAC_/hOmSave7/s7hk96ax/HATTRME1.DBT,8704,8D4474E672CED3F7818697479D378D97398124F46928C15C5BC6985C2B57FD3B
S7_reference/V1_HVAC_/hOmSave7/s7hk96ax/HATTRME1.MDX,6144,5C0D84637EA44689EB46F055F50FC78DCF4770CFECCE80326FF015ADBB50E109
S7_reference/V1_HVAC_/hOmSave7/s7hk96ax/HLASTID2.DBF,336,A97C82AFB55079F4D37C5FB83E51922938B8D4BEE45DD34CD255108609FD0FF7
S7_reference/V1_HVAC_/hOmSave7/s7hk96ax/hLockID1,0,E3B0C44298FC1C149AFBF4C8996FB92427AE41E4649B934CA495991B7852B855
S7_reference/V1_HVAC_/hOmSave7/s7hk96ax/HOBJECT1.DBF,2630,48DB92FB64248A1A6810D8DE7388B9B78CF7EFDFA644467780FE1F391CCB0E7F
S7_reference/V1_HVAC_/hOmSave7/s7hk96ax/HOBJECT1.MDX,4096,C97706121E3823D6CD6A2E3CBB7C5C48630454081610305B154A534EBF295724
S7_reference/V1_HVAC_/hOmSave7/s7hk96ax/HRELATI1.DBF,726,9B4CAF2E63F5D12E30FDE06A2AC73CFB8816C011E2FF0BAF09B4CF29DFFFBCD6
S7_reference/V1_HVAC_/hOmSave7/s7hk96ax/HRELATI1.MDX,6144,5CA1CE1D7E346F1C473CB7CF7AA2DCC859D67BA16DE5B9CD145C5AFD4B6BB2B7
S7_reference/V1_HVAC_/hOmSave7/s7hkdmax/HATTARY1.DBF,414,445E2D048EB9B68FFCAAE04A51E3A514794891EB2747983A02956327D549C04D
S7_reference/V1_HVAC_/hOmSave7/s7hkdmax/HATTARY1.DBT,2560,8428223A6B12828569390905BB8BFAF6B265FFB806123ABF27D7CA25191DF6C8
S7_reference/V1_HVAC_/hOmSave7/s7hkdmax/HATTARY1.MDX,4096,62E5FE3C1088301498448C08FFD9CF004004D24B8E3C32C0B43422466A114984
S7_reference/V1_HVAC_/hOmSave7/s7hkdmax/HATTRIB1.DBF,5266,B0041CDA583B27CDBD5AA041F5D0E2D27ECAF09B88ECA6545AE89394B4735830
S7_reference/V1_HVAC_/hOmSave7/s7hkdmax/HATTRIB1.MDX,6144,2082AFCC0D232CDEAAC79D9B7F25998319BC3802A2FEAFE9F86B0589B26C1179
S7_reference/V1_HVAC_/hOmSave7/s7hkdmax/HATTRME1.DBF,866,B2A40C0781FA395329F7DBB2A59E96B92131ABA979FF3267EDE92F29DC5FBBAA
S7_reference/V1_HVAC_/hOmSave7/s7hkdmax/HATTRME1.DBT,8704,E5D96FF62020A935AC76A2E891391783DCB7DC2083A5E399681EBEC652D60848
S7_reference/V1_HVAC_/hOmSave7/s7hkdmax/HATTRME1.MDX,6144,A79476F036531FE0E07CB2E492796B5C32E6328B1749C7748EE19AC6F2277A88
S7_reference/V1_HVAC_/hOmSave7/s7hkdmax/HLASTID2.DBF,336,EBED091818CB5F483C2F8C717554C60136A4B03B6DABEF2C1D31450F198F6F81
S7_reference/V1_HVAC_/hOmSave7/s7hkdmax/hLockID1,0,E3B0C44298FC1C149AFBF4C8996FB92427AE41E4649B934CA495991B7852B855
S7_reference/V1_HVAC_/hOmSave7/s7hkdmax/HOBJECT1.DBF,2630,9F40B565D272C248A2BC5F9654F94A7E2673E268A504CD7D94D000C8CB6FA4F8
S7_reference/V1_HVAC_/hOmSave7/s7hkdmax/HOBJECT1.MDX,4096,643D4F1E9FF9A1507975FC7361AAE38532C87510D7BF3108C85ECE41AF33DA95
S7_reference/V1_HVAC_/hOmSave7/s7hkdmax/HRELATI1.DBF,1350,DC3C3F1C1A2FFAD1A8FE2A24BBB7ED79CF7577F1A5E518E7732E187C84810F26
S7_reference/V1_HVAC_/hOmSave7/s7hkdmax/HRELATI1.MDX,6144,A34EE788983FD250A328AC41601BD878CFC98043306A33ACF21C2021832441FF
S7_reference/V1_HVAC_/hOmSave7/s7hsl7ax/HATTARY1.DBF,1184,3454E78B94BCEA7101A1E3DF30DC349411D41B74ED4E56CA67F3C64660F2F977
S7_reference/V1_HVAC_/hOmSave7/s7hsl7ax/HATTARY1.DBT,9728,00E20815D7734D3144CC324C7735C7321D5F73D36EF8603663D5EEE37D3B8FC9
S7_reference/V1_HVAC_/hOmSave7/s7hsl7ax/HATTARY1.MDX,4096,88622A6EC03825C28423369D3B76F3B73F318E0BB4379E5A9006389A3EA26091
S7_reference/V1_HVAC_/hOmSave7/s7hsl7ax/HATTRIB1.DBF,51256,4B61A9EBF5E0681E76E29787F9CD36FE700473C576BD60CABAB59C670D8A070D
S7_reference/V1_HVAC_/hOmSave7/s7hsl7ax/HATTRIB1.MDX,14336,9E32F01351AB6DEB1CD746FC14B6AB873FA212B783F424326C9F6A0D5E235036
S7_reference/V1_HVAC_/hOmSave7/s7hsl7ax/HATTRME1.DBF,3330,EDD0D92BEA99818BF2F4E6867F9D8A2FB0D5207DB3DD5C12B534F02CB56BF6E1
S7_reference/V1_HVAC_/hOmSave7/s7hsl7ax/HATTRME1.DBT,46592,AAA3936516DB01E79D151350680FF9148DE2D47A605CA6F1FACAFBCB54703152
S7_reference/V1_HVAC_/hOmSave7/s7hsl7ax/HATTRME1.MDX,10240,A173037424BB90DC5D498DE8A08B944FD7AA0466455A59BFDF1047BE5BD205A2
S7_reference/V1_HVAC_/hOmSave7/s7hsl7ax/HLASTID2.DBF,336,796AEDB9BA1EC70B43DCE7D5D59D9D587E272E92FA0DE97C26AE22BD1F0FDF57
S7_reference/V1_HVAC_/hOmSave7/s7hsl7ax/hLockID1,0,E3B0C44298FC1C149AFBF4C8996FB92427AE41E4649B934CA495991B7852B855
S7_reference/V1_HVAC_/hOmSave7/s7hsl7ax/HOBJECT1.DBF,9700,7FE2F71BD0EE14C11B62CD8CBC32AC09E93FE4C569960C1753C8C46CD96C647F
S7_reference/V1_HVAC_/hOmSave7/s7hsl7ax/HOBJECT1.MDX,4096,C06F72F79C2F40E1CB3C4F129E877AABEE8C88371D31D5EF2B913CFA59E0ABF9
S7_reference/V1_HVAC_/hOmSave7/s7hsl7ax/HRELATI1.DBF,13986,2F036F1C374A5D9EA2FC79DD8BE4E18D774D8FDB2EC776720FD7C8BCCAB6134E
S7_reference/V1_HVAC_/hOmSave7/s7hsl7ax/HRELATI1.MDX,20480,DBCFC9822F6987E0ED24A403F91212BEC84769BAC4A7EC4134660981DBAD6550
S7_reference/V1_HVAC_/hOmSave7/s7hss30x/HATTARY1.DBF,1404,CF9C4C09AF7577B805D03D713B786DA4B5ADA69AE5F0BA37B7FEC6E27C2BD353
S7_reference/V1_HVAC_/hOmSave7/s7hss30x/HATTARY1.DBT,11776,F1679D68D9A1EBA743A061311101ADA7387A24136DD71D5F079BF5FDD36CC759
S7_reference/V1_HVAC_/hOmSave7/s7hss30x/HATTARY1.MDX,4096,F7BACAF240E54258A8DC223D6B0E63C21205AC5FBE3A54F4836815A8F4737099
S7_reference/V1_HVAC_/hOmSave7/s7hss30x/HATTRIB1.DBF,21646,FB320E45ECAEFBD0DA776B308429859E4C2CCEE76C7ED0E998AD822772F0691D
S7_reference/V1_HVAC_/hOmSave7/s7hss30x/HATTRIB1.MDX,10240,DC0FADD260D8534370EE76A47295AA17D38C5BE86E1962FAD64F0DEA7C0B416F
S7_reference/V1_HVAC_/hOmSave7/s7hss30x/HATTRME1.DBF,250,09D6723BAC6F412D74E764D3292A5EBB0080E9DBD59EE22A17BB499A6E5B498A
S7_reference/V1_HVAC_/hOmSave7/s7hss30x/HATTRME1.DBT,1536,F1A7006DF2219BE931E44AD2680B06C9EED91544EC14175E83289DB16F9C08BC
S7_reference/V1_HVAC_/hOmSave7/s7hss30x/HATTRME1.MDX,6144,D148CBF6C766C65D89DFC23C68F53BE69EC693F19DE3509AAB661E6833D86AFF
S7_reference/V1_HVAC_/hOmSave7/s7hss30x/HLASTID2.DBF,336,1C59705D927F306E927474B8B047CE39F7ED5A56329073E3A2D999C7A86E554A
S7_reference/V1_HVAC_/hOmSave7/s7hss30x/hLockID1,0,E3B0C44298FC1C149AFBF4C8996FB92427AE41E4649B934CA495991B7852B855
S7_reference/V1_HVAC_/hOmSave7/s7hss30x/HOBJECT1.DBF,11720,30BB68535B6BB8A314286941623895BC6C5DB989B6620926776338F16A95A863
S7_reference/V1_HVAC_/hOmSave7/s7hss30x/HOBJECT1.MDX,4096,0DE823AB6E05E5D8718CA9E32251FD2E15AF0E55966074E36A333AD2CC15F562
S7_reference/V1_HVAC_/hOmSave7/s7hss30x/HRELATI1.DBF,15546,D13B5B3A198E024793F51DC7FB0FFD2BBE679FE95EB9C79A542AE41AF4D6218B
S7_reference/V1_HVAC_/hOmSave7/s7hss30x/HRELATI1.MDX,23552,D066B7EB565F3DF8B6A7DAF8FDAB386FE93876B5789CA17F880706BE035DBCC6
S7_reference/V1_HVAC_/hOmSave7/s7hssiox/HATTARY1.DBF,799,09E55E148E84F80323C3A40208896AE004C2E0F288235FA9BC80F25EE7856255
S7_reference/V1_HVAC_/hOmSave7/s7hssiox/HATTARY1.DBT,6144,7D21F844D9FB3A9F125B2E485624D24D968AEDEE58B7492EF98A71815F50D6A5
S7_reference/V1_HVAC_/hOmSave7/s7hssiox/HATTARY1.MDX,4096,7557777BC894777DF7353520F7414E5BE17320382EE9DB7FBA10F039E64358BC
S7_reference/V1_HVAC_/hOmSave7/s7hssiox/HATTRIB1.DBF,27946,676B22254E9020B45A1E82BAED739002549B33C2BC2144076DC7E0BFE8B73532
S7_reference/V1_HVAC_/hOmSave7/s7hssiox/HATTRIB1.MDX,12288,B95323CAE9EC8EF17C92D9DC9C6AF2C883A1BB7908052D7DC18347986261D1ED
S7_reference/V1_HVAC_/hOmSave7/s7hssiox/HATTRME1.DBF,1130,11B00CB26B88DC3F71097F0D50213A4CE2E0E8B3D14858FAA7EEDD7B07F3CD69
S7_reference/V1_HVAC_/hOmSave7/s7hssiox/HATTRME1.DBT,11776,9D30727F42C706E7E0407F1BDF35F4D260B1FFF9D82080A3456AB9AA9D1D85DB
S7_reference/V1_HVAC_/hOmSave7/s7hssiox/HATTRME1.MDX,6144,562BA44E592321359203698E4B1EC1A3EB2F0069E8B6E8A56110CD245F2E52DC
S7_reference/V1_HVAC_/hOmSave7/s7hssiox/HLASTID2.DBF,336,AAB4AB70A202D72F173B2ACAE3495E321939BFBE06CD8219F0ED6830FD256842
S7_reference/V1_HVAC_/hOmSave7/s7hssiox/hLockID1,0,E3B0C44298FC1C149AFBF4C8996FB92427AE41E4649B934CA495991B7852B855
S7_reference/V1_HVAC_/hOmSave7/s7hssiox/HOBJECT1.DBF,6165,343EDF94502762FD5A3D3B7EA3839208DEC1111809133670E9EC455165350233
S7_reference/V1_HVAC_/hOmSave7/s7hssiox/HOBJECT1.MDX,4096,9CCC96C4679D1E1935E0C7D81CEC4EAA3F454DEC0EDF3C51AFBF397B1259FA92
S7_reference/V1_HVAC_/hOmSave7/s7hssiox/HRELATI1.DBF,5406,8A3B825813AC0C14942AE9E2EF96379D316FA2A923B7BE492B78C70414D902D2
S7_reference/V1_HVAC_/hOmSave7/s7hssiox/HRELATI1.MDX,16384,1FF1ECF3BD4AD25663E7B385BC0792C7C3D284AA3564E1E0521B3CD790D8B64B
S7_reference/V1_HVAC_/hOmSave7/s7hstatx/13.s7h,3419,09F59D67B21C59E96D89370655F94BADBF04A5832584C1A36B57A4051CE08EBB
S7_reference/V1_HVAC_/hOmSave7/s7hstatx/17.s7h,22831,6E2BA3C4E70ECDF9FF75ED6A2B623B6208C1EE12E38167A37C8075D8B9F8FBAE
S7_reference/V1_HVAC_/hOmSave7/s7hstatx/1a.s7h,3419,5A667FADEA72A0C9128173CFCA917B19D306DAFA124A915E6ECD53A6513D798F
S7_reference/V1_HVAC_/hOmSave7/s7hstatx/1e.s7h,3351,C70DACE2B9824E0B6A2C6B8E1A66F693F1F55F1CEE5D3D2A24D1C059DB4A64DC
S7_reference/V1_HVAC_/hOmSave7/s7hstatx/2e.s7h,3409,0E85566E3B9DE9BE89576F0A0309429032AF56D94FBB3B1728009072A2C14853
S7_reference/V1_HVAC_/hOmSave7/s7hstatx/3.s7h,58840,72488384E585AEFF861ED627BB2DD34E3ED4083114FD25B849132B20EAD4A856
S7_reference/V1_HVAC_/hOmSave7/s7hstatx/32.s7h,3397,0F4AB08833C14EE2327A4A4EB92E0E6EA0819A02E9496CDB874C50CBA2D4CFB3
S7_reference/V1_HVAC_/hOmSave7/s7hstatx/6.s7h,59956,0619BB13083209A620F5BF0F28C1FBF670BBF976C23C339B9A62E43030EFDBF4
S7_reference/V1_HVAC_/hOmSave7/s7hstatx/9.s7h,41624,232AA097A13C537BD06E19A038C14C11AF1864BF37A0DCFC43CAA3434444ED42
S7_reference/V1_HVAC_/hOmSave7/s7hstatx/c.s7h,68635,5DFE4A740CCB9302D920E0CCB365BFB993278C3AFE1554C5E4B6BCF6DF3F134F
S7_reference/V1_HVAC_/hOmSave7/s7hstatx/f.s7h,9940,CED796273A5CC595ED4D30C7DE51C6C4EBB6B13031DADB04BA72E7D9B659A6F8
S7_reference/V1_HVAC_/hOmSave7/s7hstatx/HADDRES3.DBF,430,4506FA43BED056FF1445CF5A5FBCB23FABD36B2AEC485528CD9EFC5627B49600
S7_reference/V1_HVAC_/hOmSave7/s7hstatx/HADDRES3.DBT,6656,A8143EE287100BE25CD4F120E63614EF76A6251E9E0A6C80704FBD496D596F9D
S7_reference/V1_HVAC_/hOmSave7/s7hstatx/HADDRES3.MDX,4096,5D82E8D40204389CC4755E745A75784AD088B1F8BC090E86E4A7B7E95C63079E
S7_reference/V1_HVAC_/hOmSave7/s7hstatx/HATTARY1.DBF,359,1B643814AF5B2A035CFAA6E89A14CE727235D21A805AAF18B00CF913DC3CB5EF
S7_reference/V1_HVAC_/hOmSave7/s7hstatx/HATTARY1.DBT,2048,F393C852406E3D5AC26F8EE48B2A385C347C37B0997342EDA4ED947A7B7445C8
S7_reference/V1_HVAC_/hOmSave7/s7hstatx/HATTARY1.MDX,4096,21F58BA5258623FBEA4D1C1BD06D0DD9EE99299EE85D342A131AAC7430EC32C5
S7_reference/V1_HVAC_/hOmSave7/s7hstatx/HATTRIB1.DBF,3376,F2E4813EB8FBBC1B9AA704582ED453FD4152A53C1CD02D86DE93BF40B32578E0
S7_reference/V1_HVAC_/hOmSave7/s7hstatx/HATTRIB1.MDX,6144,6BD4A9593EC6C3F3A9E472234CC1BF9C0C3BB01A42132A2A15475A36E71A2121
S7_reference/V1_HVAC_/hOmSave7/s7hstatx/HATTRME1.DBF,470,A04340BDDA2DBB29536AB6549D71C21F8469A492BB6870A052C6DC1DA21F9A87
S7_reference/V1_HVAC_/hOmSave7/s7hstatx/HATTRME1.DBT,4096,C92C6E5F91EBA005F112F0043F7A21072A5B5F6D37177940A13369724F54DA6D
S7_reference/V1_HVAC_/hOmSave7/s7hstatx/HATTRME1.MDX,6144,76907D09E43961A136403B82486B1B56B10D5F5906FC4B7BDD42E6793B1222FC
S7_reference/V1_HVAC_/hOmSave7/s7hstatx/HLASTID2.DBF,336,527B1F6AF6EA60631146BCE9BE5A088836A64F83C8144DF0599765EE7ED520DA
S7_reference/V1_HVAC_/hOmSave7/s7hstatx/hLockID1,0,E3B0C44298FC1C149AFBF4C8996FB92427AE41E4649B934CA495991B7852B855
S7_reference/V1_HVAC_/hOmSave7/s7hstatx/HOBJECT1.DBF,2125,5DC4E657D98ACB2AFE23CC40C63713C28EC72F0D5E3716681ABF547EA5FE19F7
S7_reference/V1_HVAC_/hOmSave7/s7hstatx/HOBJECT1.MDX,4096,9664DC9638B484A4232013106AA8E12B191A6B7C4C9AB843D316FC27D33A07D7
S7_reference/V1_HVAC_/hOmSave7/s7hstatx/HRELATI1.DBF,6342,BFA245B0E9270131CA4F9D99B766FDEF73FE7AFA6FBF24F9E08D73732F984A9F
S7_reference/V1_HVAC_/hOmSave7/s7hstatx/HRELATI1.MDX,13312,4975CD9C6426EFE52F1499A563F412BCBA6E231E7AA28F40631BBFF73A1B4D69
S7_reference/V1_HVAC_/hOmSave7/s7wb53ax/HATTARY1.DBF,854,69471313289928A29DD44831086B681BC99417D779BC5D674B73D0BEC2096BA6
S7_reference/V1_HVAC_/hOmSave7/s7wb53ax/HATTARY1.DBT,9728,C54266EE42565A843C17A8F46AFA589526257C8AB781E564295796E00E84BCA5
S7_reference/V1_HVAC_/hOmSave7/s7wb53ax/HATTARY1.MDX,4096,8F082A1E5B7AB043303893DA271DEE889F3094ED388D521A42E9C185BC956A25
S7_reference/V1_HVAC_/hOmSave7/s7wb53ax/HATTRIB1.DBF,39916,C6604E27546A80F1B09927BD272B997D23C29EDC31D5A48EC61F8B2801304ACF
S7_reference/V1_HVAC_/hOmSave7/s7wb53ax/HATTRIB1.MDX,12288,22D35AFFCCC2BC60B9BB022766EC65E3B75450195A5CE0D98054DE439B21EF42
S7_reference/V1_HVAC_/hOmSave7/s7wb53ax/HATTRME1.DBF,1966,EED97BD380BD616392A7E4C39470D149519EE9F4F73B6EDE2A2BFEB78E4DD0AE
S7_reference/V1_HVAC_/hOmSave7/s7wb53ax/HATTRME1.DBT,21504,FBB71C1123357AFE83807255C5E162BE855A5E315D8D2C78C8C21ACC2FCC5F0F
S7_reference/V1_HVAC_/hOmSave7/s7wb53ax/HATTRME1.MDX,8192,94DD9FC60A22C91650B62130B65922591B3016549463AB96B24AD7EA3474FC84
S7_reference/V1_HVAC_/hOmSave7/s7wb53ax/HLASTID2.DBF,336,D2542D5CD99EF0FF7D708D47ECD3899888DFD92C06C9B98EFDF15444216226DE
S7_reference/V1_HVAC_/hOmSave7/s7wb53ax/hLockID1,0,E3B0C44298FC1C149AFBF4C8996FB92427AE41E4649B934CA495991B7852B855
S7_reference/V1_HVAC_/hOmSave7/s7wb53ax/HOBJECT1.DBF,6670,ABB207D9B9AD6DE79C4E884281E86EE42577CE76747A3AE6DD0F533AFB8D5239
S7_reference/V1_HVAC_/hOmSave7/s7wb53ax/HOBJECT1.MDX,4096,7E9B10A97313F53B75806282FAC3277D814EB337BC7D09EE9382D0CEBFBD27B5
S7_reference/V1_HVAC_/hOmSave7/s7wb53ax/HRELATI1.DBF,6810,AFC2DD2C97AE576C435F19303D09BD79775B701B7386AF16ED9123272CD80461
S7_reference/V1_HVAC_/hOmSave7/s7wb53ax/HRELATI1.MDX,14336,4ADE3413E9BC125841F9FDB3004949DEEFAEF36F074A3DD8048DC5C254A53AB2
S7_reference/V1_HVAC_/hrs/GNRESOFF.DBF,60074,B6C445ADCFC843897D18BD3DFCEAFE49A72E0BB8B3B6067D123DAE00FA76E506
S7_reference/V1_HVAC_/hrs/GNRESOFF.MDX,6144,1542CCB0D21CF7626620129E2E82DC3915927B65ABE61EF98AB26409604B56CD
S7_reference/V1_HVAC_/hrs/lastrgf.res,4,8FC6CB4A9816D75621652DE783118EEE13112CDA196E61D1BDE0460F29B26E3E
S7_reference/V1_HVAC_/hrs/lastrsf.res,4,D2D27D69FC0A2C6CC0AABEC462CE665AA8A92766844F081B672588ACDF8A2C71
S7_reference/V1_HVAC_/hrs/lastrsn.res,4,C7A63B0847B8493DEBA5CDAEC17040B2D20C5B8B3056F00DB390A2FD2C221012
S7_reference/V1_HVAC_/hrs/linkhrs.lnk,114176,B59E6F83CD03F520430FED20B4BB9A377C7E9B2EF495F3DEF9A3127DE33D8855
S7_reference/V1_HVAC_/hrs/rgflock.res,0,E3B0C44298FC1C149AFBF4C8996FB92427AE41E4649B934CA495991B7852B855
S7_reference/V1_HVAC_/hrs/rsflock.res,0,E3B0C44298FC1C149AFBF4C8996FB92427AE41E4649B934CA495991B7852B855
S7_reference/V1_HVAC_/hrs/rsnlock.res,0,E3B0C44298FC1C149AFBF4C8996FB92427AE41E4649B934CA495991B7852B855
S7_reference/V1_HVAC_/hrs/S7RESOFF.DBF,21464,4CD2418B8CDE26C75BF187C8A797499A41531B4602086EFC90897CE4FC9502FF
S7_reference/V1_HVAC_/hrs/S7RESOFF.MDX,4096,FB7AAD0566AC3D9AB6587E7466256DBD70FD5774FB1F909C0DB752B03D749124
S7_reference/V1_HVAC_/hrs/S7RESONL.DBF,79443,0BD80D8D7548EDF4D07E1B593BE600D90E3C774C35E87C531BD3CC3362E2E7A2
S7_reference/V1_HVAC_/hrs/S7RESONL.MDX,7168,2C3B3560E20C9FA6715DB1011910768C1FDE766AC5E6989CFCBDAE45EE609075
S7_reference/V1_HVAC_/link.lnk,2048,EABE4C8336FDD31D7361E8C4AA6E0F410EEE23CB3CBE2239D73D28DCB0F8F2FE
S7_reference/V1_HVAC_/meldeom/meldvers.dat,4,67ABDD721024F0FF4E0B3F4C2FC13BC5BAD42D0B7851D456D88D203D15AAA450
S7_reference/V1_HVAC_/meldeom/TEXTLNK.DBF,336,0CFD5AE62960D1BD1A2C819BD03D502C828E899A03884829656E1D6CC66A434B
S7_reference/V1_HVAC_/meldeom/TEXTLNK.MDX,12288,7F4E772E07C1684B8B845A9693986BB6439FDF2A22DEA0F32C69127871751601
S7_reference/V1_HVAC_/meldeom/TEXTOM.DBF,872,C6B8E4849AE2537B430A8C821758735A4C159D3BC71E939CC3D59D9EFF6A4FE8
S7_reference/V1_HVAC_/meldeom/TEXTOM.DBT,1024,ABFCA2E5E0944281C74A53F9E645E4C9B7C4B086B2FDA6CBD3F53C21A3450E68
S7_reference/V1_HVAC_/meldeom/textom.hid,4,67ABDD721024F0FF4E0B3F4C2FC13BC5BAD42D0B7851D456D88D203D15AAA450
S7_reference/V1_HVAC_/meldeom/textom.lck,0,E3B0C44298FC1C149AFBF4C8996FB92427AE41E4649B934CA495991B7852B855
S7_reference/V1_HVAC_/meldeom/TEXTOM.MDX,8192,C4260A97B42F69E2E2F6F5FEDD6B2065513F5D91A1F5234A1379A9323715E23F
S7_reference/V1_HVAC_/ombstx/offline/00000002/BAUSTEIN.DBF,258,16C15509792C44139D38AC0F9DF6E524A0D3B87DB8EEA226764EE5E8B1821936
S7_reference/V1_HVAC_/ombstx/offline/00000002/BAUSTEIN.DBT,24,C0555206AEBE82C9BB8D81594A48F9B53A1191C445F8B79B3D435EB7CE4AA655
S7_reference/V1_HVAC_/ombstx/offline/00000002/baustein.id,4,DF3F619804A92FDB4057192DC43DD748EA778ADC52BC498CE80524C014B81119
S7_reference/V1_HVAC_/ombstx/offline/00000002/baustein.lck,0,E3B0C44298FC1C149AFBF4C8996FB92427AE41E4649B934CA495991B7852B855
S7_reference/V1_HVAC_/ombstx/offline/00000002/BAUSTEIN.MDX,6144,3A7030B416B27122383ED75F4BD208BBC989E7793F9793F5AB47AEE85E4933BF
S7_reference/V1_HVAC_/ombstx/offline/00000002/links.lnk,1024,0D517EA4E51A4D4EF25788B2371BECDA7819A7E80592FD8AE747746E79C1905B
S7_reference/V1_HVAC_/ombstx/offline/00000002/SUBBLK.DBF,834,CDC3AC072B1F7FBAC336073618A51DAF78FC32CF8A4CBA71C61DB5EC3EDED8CD
S7_reference/V1_HVAC_/ombstx/offline/00000002/SUBBLK.DBT,24,66A345DAAF99A5FE53034B956DE4824752209B90B4CE47928C37777CEAB09293
S7_reference/V1_HVAC_/ombstx/offline/00000002/usfapx.ini,0,E3B0C44298FC1C149AFBF4C8996FB92427AE41E4649B934CA495991B7852B855
S7_reference/V1_HVAC_/ombstx/offline/00000003/BAUSTEIN.DBF,351,A40CCB016352CB14A827332ED5EFFB3D00D2484D26B3725D63790B3A7CDF24FB
S7_reference/V1_HVAC_/ombstx/offline/00000003/BAUSTEIN.DBT,1024,9CA5EA1768975C33BB268BEE2B8FB38E7A3032DF421242F019CF252907364379
S7_reference/V1_HVAC_/ombstx/offline/00000003/baustein.id,4,67ABDD721024F0FF4E0B3F4C2FC13BC5BAD42D0B7851D456D88D203D15AAA450
S7_reference/V1_HVAC_/ombstx/offline/00000003/baustein.lck,0,E3B0C44298FC1C149AFBF4C8996FB92427AE41E4649B934CA495991B7852B855
S7_reference/V1_HVAC_/ombstx/offline/00000003/BAUSTEIN.MDX,6144,8136239F5F8C7189F04F5C8E99FC9C928E61737B068A9C3C9B172D5AEC360E0E
S7_reference/V1_HVAC_/ombstx/offline/00000003/links.lnk,1024,7DED59B44BCC8C438C8032E5D486C907D2D6E592A69A0E0EC9E972DA15D8377D
S7_reference/V1_HVAC_/ombstx/offline/00000003/SUBBLK.DBF,1602,03193A4789FD85219C75B8165F10A75CCE0306A32D8379895118E73C99471B0D
S7_reference/V1_HVAC_/ombstx/offline/00000003/SUBBLK.DBT,5120,BEDEC54C095A5853AE480F30B8CA50D495F480ED2B04C032355EFA5859A0D9E0
S7_reference/V1_HVAC_/ombstx/offline/00000003/usfapx.ini,0,E3B0C44298FC1C149AFBF4C8996FB92427AE41E4649B934CA495991B7852B855
S7_reference/V1_HVAC_/ombstx/offline/00000004/BAUSTEIN.DBF,258,16C15509792C44139D38AC0F9DF6E524A0D3B87DB8EEA226764EE5E8B1821936
S7_reference/V1_HVAC_/ombstx/offline/00000004/BAUSTEIN.DBT,24,C0555206AEBE82C9BB8D81594A48F9B53A1191C445F8B79B3D435EB7CE4AA655
S7_reference/V1_HVAC_/ombstx/offline/00000004/baustein.id,4,DF3F619804A92FDB4057192DC43DD748EA778ADC52BC498CE80524C014B81119
S7_reference/V1_HVAC_/ombstx/offline/00000004/baustein.lck,0,E3B0C44298FC1C149AFBF4C8996FB92427AE41E4649B934CA495991B7852B855
S7_reference/V1_HVAC_/ombstx/offline/00000004/BAUSTEIN.MDX,6144,3A7030B416B27122383ED75F4BD208BBC989E7793F9793F5AB47AEE85E4933BF
S7_reference/V1_HVAC_/ombstx/offline/00000004/links.lnk,1024,3A6D171088601C31B2BEF0B00B4D4C724542235D348B56EA4F2989AE60A029CA
S7_reference/V1_HVAC_/ombstx/offline/00000004/SUBBLK.DBF,834,CDC3AC072B1F7FBAC336073618A51DAF78FC32CF8A4CBA71C61DB5EC3EDED8CD
S7_reference/V1_HVAC_/ombstx/offline/00000004/SUBBLK.DBT,24,66A345DAAF99A5FE53034B956DE4824752209B90B4CE47928C37777CEAB09293
S7_reference/V1_HVAC_/ombstx/offline/00000004/usfapx.ini,0,E3B0C44298FC1C149AFBF4C8996FB92427AE41E4649B934CA495991B7852B855
S7_reference/V1_HVAC_/ombstx/offline/00000005/BAUSTEIN.DBF,53082,E5C4A396A37B327212202E5079693EE8A265FAA5F60D841067791CE2A65D7227
S7_reference/V1_HVAC_/ombstx/offline/00000005/BAUSTEIN.DBT,322048,CFCA3CCC37A5F293812F9FF41B62E1C47A37369BFE3B182ACB7E0C7B53BD8C3B
S7_reference/V1_HVAC_/ombstx/offline/00000005/baustein.id,4,1ECF74359FB62E9BCBCA47D8AEE0EA3F5D74CFD281537A1979CF3B7D428ECF50
S7_reference/V1_HVAC_/ombstx/offline/00000005/baustein.lck,0,E3B0C44298FC1C149AFBF4C8996FB92427AE41E4649B934CA495991B7852B855
S7_reference/V1_HVAC_/ombstx/offline/00000005/BAUSTEIN.MDX,38912,705D69343F62651C81308E2AE6BE977EA94DB0E3D45FD9E652E94F892308F1D6
S7_reference/V1_HVAC_/ombstx/offline/00000005/links.lnk,1024,2886D2315B8E2CF196AA57EFC634F8403F43F1AE47E4EDF8071C9C0EDABD9673
S7_reference/V1_HVAC_/ombstx/offline/00000005/SUBBLK.DBF,336642,E37337FD8B53295F8C6B9BDC308703420A5346DE2444EBA9E37E1E9D3C66767E
S7_reference/V1_HVAC_/ombstx/offline/00000005/SUBBLK.DBT,6236160,90923BA3A1722AAF52475C6E2ADBCBCEFF609560819EE39C5FB1AB5A63B8BF55
S7_reference/V1_HVAC_/ombstx/offline/00000005/usfapx.ini,0,E3B0C44298FC1C149AFBF4C8996FB92427AE41E4649B934CA495991B7852B855
S7_reference/V1_HVAC_/ombstx/offline/BSTCNTOF.DBF,27458,10826E7D082805DF48AAD748B1A93FA8BE4D7A73BD13AF577A62558AE928248F
S7_reference/V1_HVAC_/ombstx/offline/bstcntof.id,4,6855B5C2B40B54D75FD440A0A03AA931FBDECC3CAD86BEEF3EB94653289CD3A5
S7_reference/V1_HVAC_/ombstx/offline/bstcntof.lck,0,E3B0C44298FC1C149AFBF4C8996FB92427AE41E4649B934CA495991B7852B855
S7_reference/V1_HVAC_/ombstx/offline/BSTCNTOF.MDX,4096,34159C054B496F19104189927AB7CF8324B9E05287C20EBD7D131798066293D8
S7_reference/V1_HVAC_/ombstx/online/BSTCNTON.DBF,67634,50F9FE12C9D4190D6449E9ED0F8D606AD372FC5C39F55837E88F50CDB7F24270
S7_reference/V1_HVAC_/ombstx/online/bstcnton.id,4,C7A63B0847B8493DEBA5CDAEC17040B2D20C5B8B3056F00DB390A2FD2C221012
S7_reference/V1_HVAC_/ombstx/online/bstcnton.lck,0,E3B0C44298FC1C149AFBF4C8996FB92427AE41E4649B934CA495991B7852B855
S7_reference/V1_HVAC_/ombstx/online/BSTCNTON.MDX,7168,6A3EEAF91F49913CD07F394AFF6AA783AB3E18542308A4C49A4FD41EB677BBAD
S7_reference/V1_HVAC_/ombstx/online/links.lnk,69632,6B085C16DEC9BED941C9A6A1A09CD604B434AFE98966C233424564B9F82218B2
S7_reference/V1_HVAC_/omgd/gdflock.res,0,E3B0C44298FC1C149AFBF4C8996FB92427AE41E4649B934CA495991B7852B855
S7_reference/V1_HVAC_/omgd/lastgd,4,9F076B7EB7FDC0311CD3208CDBBEBBF8014DD3A05E35191C96947B358A362B40
S7_reference/V1_HVAC_/omgd/linkgd/00000001.DBF,414,5B845291176EE7D9AAF9419821414C529C3A9495CDF39FFAE62B6F37485BD954
S7_reference/V1_HVAC_/omgd/linkgd/00000002.DBF,336,0C27741382101EA117CF73E9A396C718B2434129FDD7FFD959B35F8331815FE8
S7_reference/V1_HVAC_/omgd/linkgd/00000003.DBF,336,0C27741382101EA117CF73E9A396C718B2434129FDD7FFD959B35F8331815FE8
S7_reference/V1_HVAC_/omgd/linkgd/00000008.DBF,336,0C27741382101EA117CF73E9A396C718B2434129FDD7FFD959B35F8331815FE8
S7_reference/V1_HVAC_/omgd/S7GD.DBF,11360,3BCAF7C79DCE20B24A8F773EE0F72F8E791BE34A57FEF81DA0B71F8005965D07
S7_reference/V1_HVAC_/omgd/S7GD.DBT,3584,41F823A47865EA086CD146BB99F28BC27C1BA2C3FEC04694EE4112C301C7E939
S7_reference/V1_HVAC_/omgd/S7GD.MDX,4096,8D2E948E469F9560704A054D7ED398FA7A045827CB68509D8376CC4B4CE79DB1
S7_reference/V1_HVAC_/pgs/gsflock.res,0,E3B0C44298FC1C149AFBF4C8996FB92427AE41E4649B934CA495991B7852B855
S7_reference/V1_HVAC_/pgs/lastgs,4,67ABDD721024F0FF4E0B3F4C2FC13BC5BAD42D0B7851D456D88D203D15AAA450
S7_reference/V1_HVAC_/pgs/linkgs/00000001.DBF,414,A8BE5809377FE903D5BC3C41E713CBC867E90435A0CDB7E15577CC93A1E74F39
S7_reference/V1_HVAC_/pgs/S7GS.DBF,3615,3D4E81929F3D7FCADCDE25708D97D1E0AB99D200164C96D496A4AAB498FC7174
S7_reference/V1_HVAC_/pgs/S7GS.MDX,4096,985782CEA3B0C1E202D01A6772236025ED8A16AE9AB92E2BC68B6631B2523065
S7_reference/V1_HVAC_/s7asrcom/00000002/S7CONTAI.DBF,450,E8D6C65C308657027543C32CB6A2CEAC5E975E01D9A7D9877093244916C33162
S7_reference/V1_HVAC_/s7asrcom/00000002/S7CONTAI.MDX,8192,91C4BAEC7180032FF86D7456494F3CDF11F854182A8F033D9F87FB2EA765DBF4
S7_reference/V1_HVAC_/s7asrcom/00000002/S7LINKS.DBF,414,91A647D1B1C39ACCF978D24159A589AD334F1964A2BC5585C6E53C694CB1908E
S7_reference/V1_HVAC_/s7asrcom/00000002/s7source.lck,0,E3B0C44298FC1C149AFBF4C8996FB92427AE41E4649B934CA495991B7852B855
S7_reference/V1_HVAC_/s7asrcom/00000003/S7CONTAI.DBF,1866,AAA84129E9B7FA54B122B4B13FC06773FE772D9567999C4B66C7B3BF6C33C369
S7_reference/V1_HVAC_/s7asrcom/00000003/S7CONTAI.MDX,8192,5AC8C96C7F105B1AE32AF9189572E93854113CDA40746639B561BC089816D1CC
S7_reference/V1_HVAC_/s7asrcom/00000003/S7LINKS.DBF,882,EB9F1E985D3ABF0D207BC0DE1B95B11B2808E7207CC99A6E4FA914F353E323B4
S7_reference/V1_HVAC_/s7asrcom/00000003/s7source.lck,0,E3B0C44298FC1C149AFBF4C8996FB92427AE41E4649B934CA495991B7852B855
S7_reference/V1_HVAC_/s7asrcom/s7cntID.src,8,15853BAFFB073419994A04274F31DB54BF5D13168F07B998B6D7C76B1EF69139
S7_reference/V1_HVAC_/s7asrcom/S7CNTREF.DBF,17406,E0923FB2C2D38C95FA34A40BE105097101908EBF5067EDE1D0EF9FA658A00AA7
S7_reference/V1_HVAC_/s7asrcom/S7CNTREF.MDX,4096,AFFCC7ABF122F1E9C0396E494C29BABAA2E6368BA03773B6BF936FC3CAA01943
S7_reference/V1_HVAC_/s7asrcom/s7contai.lck,0,E3B0C44298FC1C149AFBF4C8996FB92427AE41E4649B934CA495991B7852B855
S7_reference/V1_HVAC_/s7extref/s7pltref.lck,0,E3B0C44298FC1C149AFBF4C8996FB92427AE41E4649B934CA495991B7852B855
S7_reference/V1_HVAC_/s7extref/s7pltref.xml,78,7E8DD2355B2CAE960D95E47A259C818AA718E6D08120384F4A61EBE43BAC8360
S7_reference/V1_HVAC_/s7netpro.npa,928,13A9DB019E210B9D8BE368E547F33223C7F25E29D428544835A0CB71C250BABC
S7_reference/V1_HVAC_/S7Netze/S7NONFGX.id,4,FD1A5CA117A6ABF4D22673F0C1D6B77E1CDBF50EC1E1DDF7887070CE978A482E
S7_reference/V1_HVAC_/S7Netze/S7NONFGX.lnk,117760,DCFDCF76B97CA57FF901B197D76A484D7181357A51E7970851441F700AEBCFE0
S7_reference/V1_HVAC_/S7Netze/S7NONFGX.tab,191612,7C5AA925624CDDE813A9E3A4FAD9175FEDD6BF596ABC05CF1A4ECF23A1FF8605
S7_reference/V1_HVAC_/S7NFREMX/S7NFREMX.id,4,2594B6A92EBFB1C3312DEB7D01C015FB95E9FBE9BD7BC6B527AF07813EC7B910
S7_reference/V1_HVAC_/S7NFREMX/S7NFREMX.lnk,2560,1E910076DD785287314F108049A295EAC0E34A99A141A3DF360DC78ABFBBE32B
S7_reference/V1_HVAC_/S7NFREMX/S7NFREMX.tab,34,616D3D20B1645BAC805C7BBE5D21B4E3EFF1290B977E6F99126AC8D246325CBC
S7_reference/V1_HVAC_/S7PPLOMX/layout,130,D577C76AB05B00D42DDEDFC7F56E102A5BEAB383B1E1188705B222CBF498CE4A
S7_reference/V1_HVAC_/sdb/00000001/0000001d.PG,918,172A3E9A7E518B72DB72A952F5E1BBE3C477661B3C3D44B20B78361BAC65AD17
S7_reference/V1_HVAC_/sdb/00000001/000003e5.PG,826,B676FBF4CA65A56E9B7FFC25F7E7359368F3FB181B94AA991D6DC40CF012B9B5
S7_reference/V1_HVAC_/sdb/00000001/000003e6.PG,326,CB08B3A0E4CC9362D5497F5D403B5DCBC3AC927CEB7185E79FB18A21FC46C65D
S7_reference/V1_HVAC_/sdb/00000001/000003e7.PG,1154,7BD3B73315AE0F7480AB52DE8E3E843F750FCF8A4ED45548462CD8522DCA21EE
S7_reference/V1_HVAC_/sdb/00000001/000003e8.PG,138,EB07B2C855C59515FB771B630AE0E4A22C3775DC6836AF5A5C52E38E2A9A18BE
S7_reference/V1_HVAC_/sdb/00000001/000003e9.PG,3526,58C53BD03DC6B4B0D857ABCB2A245BF80BC73A6AB8AE2FD51B2E5AAAC82DACF3
S7_reference/V1_HVAC_/sdb/00000001/000003ea.PG,3526,71B477D51769EA831557977056C9F536B1FD34AD6FF8712FE02B5AFF0BAF2BCC
S7_reference/V1_HVAC_/sdb/00000001/000003eb.PG,242,AD3157FB9B1A66B53D23B627C102444410303ECF4CC1B3BBB96F9640BC551B69
S7_reference/V1_HVAC_/sdb/00000001/000003ec.PG,94,D9B1ECEE9159632DF85C1CA62744133FAD01AEA788C5F0A0EC6B526C4DAB0CF7
S7_reference/V1_HVAC_/sdb/00000001/000003ed.PG,84,BDB97F5B5F0ED7A519591DA34751C660F8AFD833A7608B21790F07EE1FB84D31
S7_reference/V1_HVAC_/sdb/00000001/000003ee.PG,84,B811E7ACD72115A25F935DE9143C76AB99A86FC84CB16FB5AEB1BD89A1B02495
S7_reference/V1_HVAC_/sdb/00000001/000003ef.PG,3208,363DA3214035AD2EA01E2B39D6D0EC74FB03FA9CF7065552AF8A0D4907A625C7
S7_reference/V1_HVAC_/sdb/00000001/000003f0.PG,3208,635346AB4ABA859EE4F8ADC019E8FC53D58A87CDA576182F21C8F9F19D19FD95
S7_reference/V1_HVAC_/sdb/00000001/000003f1.PG,10972,9714BD28543FF75B8AD727FD6C4A1DBF5E00976C3B345ABC8ABF4C2DE43992B5
S7_reference/V1_HVAC_/sdb/00000001/000003f2.PG,508,2FA5C5AE9A0BE284418EDABEDE93756DF07068E516D830193926EA15678C8715
S7_reference/V1_HVAC_/sdb/00000001/000003f3.PG,10972,C1892CC648904B9AC13E2CD2A489D855E7D0DBDE89B871768E5091ED0EBE2F67
S7_reference/V1_HVAC_/sdb/00000001/000003f4.PG,508,FE5FB170701D63B13C2BEF2171404FCA35A62CD52C48C2BCA8680437BE4B248F
S7_reference/V1_HVAC_/sdb/00000001/000003f5.PG,614,9774C576B6779CC1874FB5FA4BFF3D0BF27D1818A2EDAD69C281E80F0E93C08F
S7_reference/V1_HVAC_/sdb/00000001/000003f6.PG,614,29E775247FDF578235242F10CED73B5B7B6499F0021B67DB72B564874E037587
S7_reference/V1_HVAC_/sdb/00000001/000003f7.PG,278,D7249CBAA660CCB3FA0BF61AB3B29A14D462E450B103DBF06B1EA3822BF8B90F
S7_reference/V1_HVAC_/sdb/00000001/000003f8.PG,536,850F4FE4E69863829FEBA07DB304A8701280E89998C72F11D3747FB50AC91BB6
S7_reference/V1_HVAC_/sdb/00000001/000003f9.PG,536,2FD5F091F2F41ADACED5096501E0A6EED9813F1541384E29FE6400CDDAC50001
S7_reference/V1_HVAC_/sdb/00000001/000003fa.PG,238,614E1485DC293AA8A08D02C273D1BCF45E48F6055A5D3BD9E8C4FE1775202FCB
S7_reference/V1_HVAC_/sdb/00000001/000003fb.PG,238,0D99CEFABCCD082BBD30931918098EAE202AE16CE720A202F1FEA48359A4175D
S7_reference/V1_HVAC_/sdb/00000001/000003fc.PG,946,481FF9A5A9E908CCD839C4EDD54455A99961C21980FBC8EAE1A21DD587FE0B6E
S7_reference/V1_HVAC_/sdb/00000001/000003fd.PG,950,36FC24BBD5508C681F0F83CDACF24600339BCAFFC1B4CD02085C57F210CCB50F
S7_reference/V1_HVAC_/sdb/00000001/000003fe.PG,128,F581843955124AD13BD3AB59CA355694FBC2C75F11FF73F1FFB73C54A0147972
S7_reference/V1_HVAC_/sdb/00000001/000003ff.PG,128,72F4B2585FE7A7F98E09B04FAE0DAAEF1C8CDB9DDD80F2E63DF8C6EAC6BDAD87
S7_reference/V1_HVAC_/sdb/00000001/00000400.PG,346,38F4A147FF0201615CBC2ABF3CAC99CEB79A1060CD73629E6CFE5CA78FDF8830
S7_reference/V1_HVAC_/sdb/00000001/link/00000001.DBF,414,E45B0848B723BB7536C10067E19CEA3C70F9656D5A9EEC4172534F960B9E9250
S7_reference/V1_HVAC_/sdb/00000001/list/00000001.DBF,114018,6ED1445B86512DFC427AA1F8174513151C7255A619472108E9F1937D39D21E09
S7_reference/V1_HVAC_/sdb/00000001/list/00000001.MDX,6144,61EF108C9F68DFAF1983C43B2228531D4C8C762B5A5FAF272D160CAD17960152
S7_reference/V1_HVAC_/sdb/S0112001.DBF,1435,7E9102D750780D120BE2B6185A8F2A7CB6DCD625D2099DA0CFF7296B503B3E33
S7_reference/V1_HVAC_/sdb/S0112001.MDX,4096,3FAE11FFD136FB408292F1B284086478D93B09E72B61620E9C91E8AB94E47020
S7_reference/V1_HVAC_/sdb/sdblast.id,8,A7BDAF3673E273D6D6CCA11F0DAA8D6798B34BECDD0769010B4C43E898E6E741
S7_reference/V1_HVAC_/sdb/sdblock.lck,0,E3B0C44298FC1C149AFBF4C8996FB92427AE41E4649B934CA495991B7852B855
S7_reference/V1_HVAC_/V1_HVAC_.s7p,112,6D1BF45228C1A9EE55D7AE64711EC21AF7A3F5922512FC0D9A4BADE39BB27BA3
S7_reference/V1_HVAC_/V1_HVAC_.S7S,0,E3B0C44298FC1C149AFBF4C8996FB92427AE41E4649B934CA495991B7852B855
S7_reference/V1_HVAC_/XUTILS/BS000001.lck,0,E3B0C44298FC1C149AFBF4C8996FB92427AE41E4649B934CA495991B7852B855
S7_reference/V1_HVAC_/XUTILS/BS112001.DBF,1519,28E57FED2287F7502250C745E30C939D01E6A87445ABDA0AD6D4013D9B408699
S7_reference/V1_HVAC_/XUTILS/BS112001.MDX,4096,3C7B40D244CD547F7AFAD15FBD6CFB1C72D02AD3B3E7D1F97E8E3BCB9EB63EBE
S7_reference/V1_HVAC_/XUTILS/BSlstlck.lck,0,E3B0C44298FC1C149AFBF4C8996FB92427AE41E4649B934CA495991B7852B855
S7_reference/V1_HVAC_/XUTILS/BstlID.ubs,4,01B4F6BD5D6A06A7B74A8565CEB4F845AFE0AE96A0AC05CF5E86066BF7B538EC
S7_reference/V1_HVAC_/XUTILS/CT112001.DBF,1474,AE4E8A2CA673AE505A00473DF70B4B1EE9374F9A11F93F251D20317C8CAE2CA6
S7_reference/V1_HVAC_/XUTILS/CT112001.MDX,4096,3B91C5C32C4EFCE18D8CC34E6C485AD9FADEB86315BAD58A89DDF0B9D7ED8C8E
S7_reference/V1_HVAC_/XUTILS/CtlistID.uct,4,01B4F6BD5D6A06A7B74A8565CEB4F845AFE0AE96A0AC05CF5E86066BF7B538EC
S7_reference/V1_HVAC_/XUTILS/CTlstlck.lck,0,E3B0C44298FC1C149AFBF4C8996FB92427AE41E4649B934CA495991B7852B855
S7_reference/V1_HVAC_/XUTILS/links/BSL00001.DBF,414,B436B29FFB5F026A2B4C408D61168928DF36423A6907B69D0BC56F5357F6A334
S7_reference/V1_HVAC_/XUTILS/links/CTL00001.DBF,414,B40788ADB3313DD7FF474564C76520B72404B40D702920858239723A0F4FD22B
S7_reference/V1_HVAC_/XUTILS/links/XRL00001.DBF,414,84AF83C4EF8D206D3E581EA5CCE4F87894AEBC7AE4FC1F25B0565EA3765B07E9
S7_reference/V1_HVAC_/XUTILS/listen/BS000001.DBF,15540,BC853336E9D98356F6959E7211A7800A040E8129CFCF71611FBEA74AF8FB81C7
S7_reference/V1_HVAC_/XUTILS/listen/BS000001.MDX,17408,01EC5A6B6A5D9B240CC5B72FA3E0770F77A4D9D91AF00C83DBCFAED068C680D5
S7_reference/V1_HVAC_/XUTILS/listen/CT000001.DBF,858916,FAB42C9525C040FBE798C20B340BF0D076CD992805E8791671EDD8BE791F0F03
S7_reference/V1_HVAC_/XUTILS/listen/CT000001.MDX,489472,8D59C3FAC54B4D9E3356780DA70599A83EB5D597A2D5820B3971AB4FBC8A6C5B
S7_reference/V1_HVAC_/XUTILS/listen/XR000001.DBF,10917386,A86C5DA57CB53550ADECB2232517E2D94D303D7790B1169A4A03D6C8E861351D
S7_reference/V1_HVAC_/XUTILS/listen/XR000001.DBT,318464,B39C95D9A5CB6E6E61D309CD5FF9AD991033FF170179E179BBB5871B0785AB88
S7_reference/V1_HVAC_/XUTILS/listen/XR000001.MDX,8985600,84E573C84EBBB38D157546678393894D233255412AD39B4D2F0C60AFB6809A89
S7_reference/V1_HVAC_/XUTILS/XR112001.DBF,1570,F488577522E1683D66BB92D3DC2BA71A44BB308339780309C89C0E9C27094556
S7_reference/V1_HVAC_/XUTILS/XR112001.MDX,4096,17E68FACB8CA0A05CD715983F24A5BCD7473B7FD0E9429F5E64218818B3A304C
S7_reference/V1_HVAC_/XUTILS/XRlistID.uxt,4,01B4F6BD5D6A06A7B74A8565CEB4F845AFE0AE96A0AC05CF5E86066BF7B538EC
S7_reference/V1_HVAC_/XUTILS/XRlstlck.lck,0,E3B0C44298FC1C149AFBF4C8996FB92427AE41E4649B934CA495991B7852B855
S7_reference/V1_HVAC_/YDBs/20814/SYMLIST.DBF,738,6F2B48A42FCEF752457C8C62476E0CA26F4C22EFDEB76E1CE88699FEA0F2BFA9
S7_reference/V1_HVAC_/YDBs/20814/Symlist.id,4,DF3F619804A92FDB4057192DC43DD748EA778ADC52BC498CE80524C014B81119
S7_reference/V1_HVAC_/YDBs/20814/SYMLIST.MDX,12288,29B3F1BD5781DCFD99051E1CBDC96E9E3C978420EBAF7C7AEFD261681D73794F
S7_reference/V1_HVAC_/YDBs/20817/SYMLIST.DBF,77598,180706125239487C80EB88DF9C1F701015C71FD6C1F5B42452D9D27CE15AF566
S7_reference/V1_HVAC_/YDBs/20817/Symlist.id,4,91EB93D1D22FCAA0F504A52C0CD8595E4430642D25D0A85405D9F98CC5BC26FA
S7_reference/V1_HVAC_/YDBs/20817/SYMLIST.MDX,48128,F638BF1A6DB0D866F20DAB0F6BA2DC94867E803F5074B44AAB147DB44FEFE196
S7_reference/V1_HVAC_/YDBs/SYMLISTS.DBF,1832,AE7FAEA4A288132E469B8FAE84621544E71B389CAB65FAEB0CFB32176332714F
S7_reference/V1_HVAC_/YDBs/SYMLISTS.MDX,6144,513702A2266792565E902ABD1D1B361430C8E67FE03671116E51797068FEBD67
S7_reference/V1_HVAC_/YDBs/YLNKLIST.DBF,3066,C83A21B01278D02F247BEFFB34531EEFE662E4F9DCEF4BC4BB7F801EC6216348
코리아데이타_베트남_2_활성화키.zip,1989,BAB221FD324D184E74CA25F991E1302890809BF9BB7C1F949200EDC80294376B
