Path,SizeBytes,Classification,Reason
.codex-write-test.txt,25,DELETE_CANDIDATE,Workspace write probe
00_Governance/decisions/ADR-002_PCVUE_OPERATOR_CONFIGURATION_INTEGRITY_BOUNDARY.md,1644,TRACK_IN_GIT,Governed documentation/design
02. Project Backup/01. Weintek/a.emtp,3081158,MOVE_TO_FIELDDATA,PLC/HMI/SCADA backup candidate
02. Project Backup/01. Weintek/a.exob,2032010,MOVE_TO_FIELDDATA,PLC/HMI/SCADA backup candidate
02. Project Backup/01. Weintek/aa.PNG,3165,MOVE_TO_FIELDDATA,PLC/HMI/SCADA backup candidate
02. Project Backup/01. Weintek/bb.PNG,3530,MOVE_TO_FIELDDATA,PLC/HMI/SCADA backup candidate
02. Project Backup/01. Weintek/Factory_C_UT.cxob,76597538,MOVE_TO_FIELDDATA,PLC/HMI/SCADA backup candidate
02. Project Backup/01. Weintek/Factory-C-G01.cmtp,8129814,MOVE_TO_FIELDDATA,PLC/HMI/SCADA backup candidate
02. Project Backup/01. Weintek/Factory-C-G01.cmtp.bak1,8129814,MOVE_TO_FIELDDATA,PLC/HMI/SCADA backup candidate
02. Project Backup/01. Weintek/Factory-C-G01.cmtp.bak2,8128438,MOVE_TO_FIELDDATA,PLC/HMI/SCADA backup candidate
02. Project Backup/01. Weintek/Factory-C-G01.cmtp.bak3,8128438,MOVE_TO_FIELDDATA,PLC/HMI/SCADA backup candidate
02. Project Backup/01. Weintek/Factory-C-G01.cxob,46072333,MOVE_TO_FIELDDATA,PLC/HMI/SCADA backup candidate
02. Project Backup/01. Weintek/Factory-C-UT.cmtp,1089382,MOVE_TO_FIELDDATA,PLC/HMI/SCADA backup candidate
02. Project Backup/01. Weintek/Factory-C-UT.cmtp.bak1,1089382,MOVE_TO_FIELDDATA,PLC/HMI/SCADA backup candidate
02. Project Backup/01. Weintek/Factory-C-UT.cmtp.bak2,1019286,MOVE_TO_FIELDDATA,PLC/HMI/SCADA backup candidate
02. Project Backup/01. Weintek/Factory-C-UT.cmtp.bak3,1018150,MOVE_TO_FIELDDATA,PLC/HMI/SCADA backup candidate
02. Project Backup/01. Weintek/Factory-C-UT.cxob,45567936,MOVE_TO_FIELDDATA,PLC/HMI/SCADA backup candidate
02. Project Backup/01. Weintek/Lib/Backup/Common/B/ach-sc.png,12722,MOVE_TO_FIELDDATA,PLC/HMI/SCADA backup candidate
02. Project Backup/01. Weintek/Lib/Backup/Common/B/ahu-body.png,8626,MOVE_TO_FIELDDATA,PLC/HMI/SCADA backup candidate
02. Project Backup/01. Weintek/Lib/Backup/Common/B/ahu-cc.png,9125,MOVE_TO_FIELDDATA,PLC/HMI/SCADA backup candidate
02. Project Backup/01. Weintek/Lib/Backup/Common/B/ahu-cv.png,5455,MOVE_TO_FIELDDATA,PLC/HMI/SCADA backup candidate
02. Project Backup/01. Weintek/Lib/Backup/Common/B/ahu-fan-run.gif,304363,MOVE_TO_FIELDDATA,PLC/HMI/SCADA backup candidate
02. Project Backup/01. Weintek/Lib/Backup/Common/B/ahu-fan-stop.png,15007,MOVE_TO_FIELDDATA,PLC/HMI/SCADA backup candidate
02. Project Backup/01. Weintek/Lib/Backup/Common/B/ahu-fan-trip.gif,14625,MOVE_TO_FIELDDATA,PLC/HMI/SCADA backup candidate
02. Project Backup/01. Weintek/Lib/Backup/Common/B/ahu-hc.png,9639,MOVE_TO_FIELDDATA,PLC/HMI/SCADA backup candidate
02. Project Backup/01. Weintek/Lib/Backup/Common/B/ahu-layout-fan-run.gif,2745,MOVE_TO_FIELDDATA,PLC/HMI/SCADA backup candidate
02. Project Backup/01. Weintek/Lib/Backup/Common/B/ahu-layout-fan-stop.png,1870,MOVE_TO_FIELDDATA,PLC/HMI/SCADA backup candidate
02. Project Backup/01. Weintek/Lib/Backup/Common/B/ahu-layout-fan-trip.gif,1615,MOVE_TO_FIELDDATA,PLC/HMI/SCADA backup candidate
02. Project Backup/01. Weintek/Lib/Backup/Common/B/ahu-open-pid.png,1242,MOVE_TO_FIELDDATA,PLC/HMI/SCADA backup candidate
02. Project Backup/01. Weintek/Lib/Backup/Common/B/ahu-rd.png,224,MOVE_TO_FIELDDATA,PLC/HMI/SCADA backup candidate
02. Project Backup/01. Weintek/Lib/Backup/Common/B/ahu-sd-green.png,1426,MOVE_TO_FIELDDATA,PLC/HMI/SCADA backup candidate
02. Project Backup/01. Weintek/Lib/Backup/Common/B/ahu-sd-red.png,1383,MOVE_TO_FIELDDATA,PLC/HMI/SCADA backup candidate
02. Project Backup/01. Weintek/Lib/Backup/Common/B/ahu-sd-yellow.png,1449,MOVE_TO_FIELDDATA,PLC/HMI/SCADA backup candidate
02. Project Backup/01. Weintek/Lib/Backup/Common/B/ahu-sd.png,275,MOVE_TO_FIELDDATA,PLC/HMI/SCADA backup candidate
02. Project Backup/01. Weintek/Lib/Backup/Common/B/common-arrow-h.png,1492,MOVE_TO_FIELDDATA,PLC/HMI/SCADA backup candidate
02. Project Backup/01. Weintek/Lib/Backup/Common/B/common-arrow-v.png,1470,MOVE_TO_FIELDDATA,PLC/HMI/SCADA backup candidate
02. Project Backup/01. Weintek/Lib/Backup/Common/B/common-button-box-b-off.png,304,MOVE_TO_FIELDDATA,PLC/HMI/SCADA backup candidate
02. Project Backup/01. Weintek/Lib/Backup/Common/B/common-button-box-b-on.png,517,MOVE_TO_FIELDDATA,PLC/HMI/SCADA backup candidate
02. Project Backup/01. Weintek/Lib/Backup/Common/B/common-button-box-m-off.png,258,MOVE_TO_FIELDDATA,PLC/HMI/SCADA backup candidate
02. Project Backup/01. Weintek/Lib/Backup/Common/B/common-button-box-m-on.png,643,MOVE_TO_FIELDDATA,PLC/HMI/SCADA backup candidate
02. Project Backup/01. Weintek/Lib/Backup/Common/B/common-button-box-s-off-disable.png,1799,MOVE_TO_FIELDDATA,PLC/HMI/SCADA backup candidate
02. Project Backup/01. Weintek/Lib/Backup/Common/B/common-button-box-s-off.png,256,MOVE_TO_FIELDDATA,PLC/HMI/SCADA backup candidate
02. Project Backup/01. Weintek/Lib/Backup/Common/B/common-button-box-s-on-disable.png,2008,MOVE_TO_FIELDDATA,PLC/HMI/SCADA backup candidate
02. Project Backup/01. Weintek/Lib/Backup/Common/B/common-button-box-s-on.png,513,MOVE_TO_FIELDDATA,PLC/HMI/SCADA backup candidate
02. Project Backup/01. Weintek/Lib/Backup/Common/B/common-button-circle-off-disable.png,2323,MOVE_TO_FIELDDATA,PLC/HMI/SCADA backup candidate
02. Project Backup/01. Weintek/Lib/Backup/Common/B/common-button-circle-off.png,2314,MOVE_TO_FIELDDATA,PLC/HMI/SCADA backup candidate
02. Project Backup/01. Weintek/Lib/Backup/Common/B/common-button-circle-on-disable.png,2457,MOVE_TO_FIELDDATA,PLC/HMI/SCADA backup candidate
02. Project Backup/01. Weintek/Lib/Backup/Common/B/common-button-circle-on.png,1974,MOVE_TO_FIELDDATA,PLC/HMI/SCADA backup candidate
02. Project Backup/01. Weintek/Lib/Backup/Common/B/common-button-close-off.png,9026,MOVE_TO_FIELDDATA,PLC/HMI/SCADA backup candidate
02. Project Backup/01. Weintek/Lib/Backup/Common/B/common-button-close-on.png,9340,MOVE_TO_FIELDDATA,PLC/HMI/SCADA backup candidate
02. Project Backup/01. Weintek/Lib/Backup/Common/B/common-button-fast-off.png,8894,MOVE_TO_FIELDDATA,PLC/HMI/SCADA backup candidate
02. Project Backup/01. Weintek/Lib/Backup/Common/B/common-button-fast-on.png,9183,MOVE_TO_FIELDDATA,PLC/HMI/SCADA backup candidate
02. Project Backup/01. Weintek/Lib/Backup/Common/B/common-button-medium-off.png,9383,MOVE_TO_FIELDDATA,PLC/HMI/SCADA backup candidate
02. Project Backup/01. Weintek/Lib/Backup/Common/B/common-button-medium-on.png,9798,MOVE_TO_FIELDDATA,PLC/HMI/SCADA backup candidate
02. Project Backup/01. Weintek/Lib/Backup/Common/B/common-button-open-off.png,9456,MOVE_TO_FIELDDATA,PLC/HMI/SCADA backup candidate
02. Project Backup/01. Weintek/Lib/Backup/Common/B/common-button-open-on.png,9611,MOVE_TO_FIELDDATA,PLC/HMI/SCADA backup candidate
02. Project Backup/01. Weintek/Lib/Backup/Common/B/common-button-slow-off.png,9481,MOVE_TO_FIELDDATA,PLC/HMI/SCADA backup candidate
02. Project Backup/01. Weintek/Lib/Backup/Common/B/common-button-slow-on.png,9857,MOVE_TO_FIELDDATA,PLC/HMI/SCADA backup candidate
02. Project Backup/01. Weintek/Lib/Backup/Common/B/common-button-start-off.png,8973,MOVE_TO_FIELDDATA,PLC/HMI/SCADA backup candidate
02. Project Backup/01. Weintek/Lib/Backup/Common/B/common-button-start-on.png,9287,MOVE_TO_FIELDDATA,PLC/HMI/SCADA backup candidate
02. Project Backup/01. Weintek/Lib/Backup/Common/B/common-button-stop-off.png,9512,MOVE_TO_FIELDDATA,PLC/HMI/SCADA backup candidate
02. Project Backup/01. Weintek/Lib/Backup/Common/B/common-button-stop-on.png,9658,MOVE_TO_FIELDDATA,PLC/HMI/SCADA backup candidate
02. Project Backup/01. Weintek/Lib/Backup/Common/B/common-fan-run-s.gif,88205,MOVE_TO_FIELDDATA,PLC/HMI/SCADA backup candidate
02. Project Backup/01. Weintek/Lib/Backup/Common/B/common-fan-run.gif,140677,MOVE_TO_FIELDDATA,PLC/HMI/SCADA backup candidate
02. Project Backup/01. Weintek/Lib/Backup/Common/B/common-fan-stop-s.png,10114,MOVE_TO_FIELDDATA,PLC/HMI/SCADA backup candidate
02. Project Backup/01. Weintek/Lib/Backup/Common/B/common-fan-stop.png,12964,MOVE_TO_FIELDDATA,PLC/HMI/SCADA backup candidate
02. Project Backup/01. Weintek/Lib/Backup/Common/B/common-fan-trip-s.gif,6064,MOVE_TO_FIELDDATA,PLC/HMI/SCADA backup candidate
02. Project Backup/01. Weintek/Lib/Backup/Common/B/common-fan-trip.gif,9178,MOVE_TO_FIELDDATA,PLC/HMI/SCADA backup candidate
02. Project Backup/01. Weintek/Lib/Backup/Common/B/common-green-led.png,1684,MOVE_TO_FIELDDATA,PLC/HMI/SCADA backup candidate
02. Project Backup/01. Weintek/Lib/Backup/Common/B/common-pump-na.png,3381,MOVE_TO_FIELDDATA,PLC/HMI/SCADA backup candidate
02. Project Backup/01. Weintek/Lib/Backup/Common/B/common-pump-run-s.gif,2974,MOVE_TO_FIELDDATA,PLC/HMI/SCADA backup candidate
02. Project Backup/01. Weintek/Lib/Backup/Common/B/common-pump-run.gif,4238,MOVE_TO_FIELDDATA,PLC/HMI/SCADA backup candidate
02. Project Backup/01. Weintek/Lib/Backup/Common/B/common-pump-stop-s.png,1948,MOVE_TO_FIELDDATA,PLC/HMI/SCADA backup candidate
02. Project Backup/01. Weintek/Lib/Backup/Common/B/common-pump-stop.png,2630,MOVE_TO_FIELDDATA,PLC/HMI/SCADA backup candidate
02. Project Backup/01. Weintek/Lib/Backup/Common/B/common-pump-trip-s.gif,3139,MOVE_TO_FIELDDATA,PLC/HMI/SCADA backup candidate
02. Project Backup/01. Weintek/Lib/Backup/Common/B/common-pump-trip.gif,4756,MOVE_TO_FIELDDATA,PLC/HMI/SCADA backup candidate
02. Project Backup/01. Weintek/Lib/Backup/Common/B/common-red-led.png,1696,MOVE_TO_FIELDDATA,PLC/HMI/SCADA backup candidate
02. Project Backup/01. Weintek/Lib/Backup/Common/B/texture.png,564230,MOVE_TO_FIELDDATA,PLC/HMI/SCADA backup candidate
02. Project Backup/01. Weintek/Lib/Backup/Pipe/B/pipe-aqua-angle.png,590,MOVE_TO_FIELDDATA,PLC/HMI/SCADA backup candidate
02. Project Backup/01. Weintek/Lib/Backup/Pipe/B/pipe-aqua-branch-a.png,592,MOVE_TO_FIELDDATA,PLC/HMI/SCADA backup candidate
02. Project Backup/01. Weintek/Lib/Backup/Pipe/B/pipe-aqua-branch-b.png,588,MOVE_TO_FIELDDATA,PLC/HMI/SCADA backup candidate
02. Project Backup/01. Weintek/Lib/Backup/Pipe/B/pipe-aqua-h.png,553,MOVE_TO_FIELDDATA,PLC/HMI/SCADA backup candidate
02. Project Backup/01. Weintek/Lib/Backup/Pipe/B/pipe-aqua-v.png,559,MOVE_TO_FIELDDATA,PLC/HMI/SCADA backup candidate
02. Project Backup/01. Weintek/Lib/Backup/Pipe/B/pipe-blue-angle.png,580,MOVE_TO_FIELDDATA,PLC/HMI/SCADA backup candidate
02. Project Backup/01. Weintek/Lib/Backup/Pipe/B/pipe-blue-branch-a.png,593,MOVE_TO_FIELDDATA,PLC/HMI/SCADA backup candidate
02. Project Backup/01. Weintek/Lib/Backup/Pipe/B/pipe-blue-branch-b.png,587,MOVE_TO_FIELDDATA,PLC/HMI/SCADA backup candidate
02. Project Backup/01. Weintek/Lib/Backup/Pipe/B/pipe-blue-h.png,551,MOVE_TO_FIELDDATA,PLC/HMI/SCADA backup candidate
02. Project Backup/01. Weintek/Lib/Backup/Pipe/B/pipe-blue-v.png,559,MOVE_TO_FIELDDATA,PLC/HMI/SCADA backup candidate
02. Project Backup/01. Weintek/Lib/Backup/Pipe/B/pipe-cyan-angle.png,599,MOVE_TO_FIELDDATA,PLC/HMI/SCADA backup candidate
02. Project Backup/01. Weintek/Lib/Backup/Pipe/B/pipe-cyan-branch-a.png,591,MOVE_TO_FIELDDATA,PLC/HMI/SCADA backup candidate
02. Project Backup/01. Weintek/Lib/Backup/Pipe/B/pipe-cyan-branch-b.png,601,MOVE_TO_FIELDDATA,PLC/HMI/SCADA backup candidate
02. Project Backup/01. Weintek/Lib/Backup/Pipe/B/pipe-cyan-h.png,559,MOVE_TO_FIELDDATA,PLC/HMI/SCADA backup candidate
02. Project Backup/01. Weintek/Lib/Backup/Pipe/B/pipe-cyan-v.png,147,MOVE_TO_FIELDDATA,PLC/HMI/SCADA backup candidate
02. Project Backup/01. Weintek/Lib/Backup/Pipe/B/pipe-green-angle.png,583,MOVE_TO_FIELDDATA,PLC/HMI/SCADA backup candidate
02. Project Backup/01. Weintek/Lib/Backup/Pipe/B/pipe-green-branch-a.png,594,MOVE_TO_FIELDDATA,PLC/HMI/SCADA backup candidate
02. Project Backup/01. Weintek/Lib/Backup/Pipe/B/pipe-green-branch-b.png,582,MOVE_TO_FIELDDATA,PLC/HMI/SCADA backup candidate
02. Project Backup/01. Weintek/Lib/Backup/Pipe/B/pipe-green-h.png,552,MOVE_TO_FIELDDATA,PLC/HMI/SCADA backup candidate
02. Project Backup/01. Weintek/Lib/Backup/Pipe/B/pipe-green-v.png,559,MOVE_TO_FIELDDATA,PLC/HMI/SCADA backup candidate
02. Project Backup/01. Weintek/Lib/Backup/Pipe/B/pipe-mediumblue-angle.png,586,MOVE_TO_FIELDDATA,PLC/HMI/SCADA backup candidate
02. Project Backup/01. Weintek/Lib/Backup/Pipe/B/pipe-mediumblue-branch-a.png,592,MOVE_TO_FIELDDATA,PLC/HMI/SCADA backup candidate
02. Project Backup/01. Weintek/Lib/Backup/Pipe/B/pipe-mediumblue-branch-b.png,585,MOVE_TO_FIELDDATA,PLC/HMI/SCADA backup candidate
02. Project Backup/01. Weintek/Lib/Backup/Pipe/B/pipe-mediumblue-h.png,553,MOVE_TO_FIELDDATA,PLC/HMI/SCADA backup candidate
02. Project Backup/01. Weintek/Lib/Backup/Pipe/B/pipe-mediumblue-v.png,559,MOVE_TO_FIELDDATA,PLC/HMI/SCADA backup candidate
02. Project Backup/01. Weintek/Lib/Backup/Pipe/B/pipe-red-angle.png,572,MOVE_TO_FIELDDATA,PLC/HMI/SCADA backup candidate
02. Project Backup/01. Weintek/Lib/Backup/Pipe/B/pipe-red-branch-a.png,573,MOVE_TO_FIELDDATA,PLC/HMI/SCADA backup candidate
02. Project Backup/01. Weintek/Lib/Backup/Pipe/B/pipe-red-branch-b.png,578,MOVE_TO_FIELDDATA,PLC/HMI/SCADA backup candidate
02. Project Backup/01. Weintek/Lib/Backup/Pipe/B/pipe-red-h.png,556,MOVE_TO_FIELDDATA,PLC/HMI/SCADA backup candidate
02. Project Backup/01. Weintek/Lib/Backup/Pipe/B/pipe-red-v.png,559,MOVE_TO_FIELDDATA,PLC/HMI/SCADA backup candidate
02. Project Backup/01. Weintek/Lib/Backup/Pipe/B/pipe-skyblue-angle.png,586,MOVE_TO_FIELDDATA,PLC/HMI/SCADA backup candidate
02. Project Backup/01. Weintek/Lib/Backup/Pipe/B/pipe-skyblue-branch-a.png,592,MOVE_TO_FIELDDATA,PLC/HMI/SCADA backup candidate
02. Project Backup/01. Weintek/Lib/Backup/Pipe/B/pipe-skyblue-branch-b.png,570,MOVE_TO_FIELDDATA,PLC/HMI/SCADA backup candidate
02. Project Backup/01. Weintek/Lib/Backup/Pipe/B/pipe-skyblue-h.png,564,MOVE_TO_FIELDDATA,PLC/HMI/SCADA backup candidate
02. Project Backup/01. Weintek/Lib/Backup/Pipe/B/pipe-skyblue-v.png,559,MOVE_TO_FIELDDATA,PLC/HMI/SCADA backup candidate
02. Project Backup/01. Weintek/Lib/Backup/Pipe/B/pipe-violet-angle.png,589,MOVE_TO_FIELDDATA,PLC/HMI/SCADA backup candidate
02. Project Backup/01. Weintek/Lib/Backup/Pipe/B/pipe-violet-branch-a.png,593,MOVE_TO_FIELDDATA,PLC/HMI/SCADA backup candidate
02. Project Backup/01. Weintek/Lib/Backup/Pipe/B/pipe-violet-branch-b.png,570,MOVE_TO_FIELDDATA,PLC/HMI/SCADA backup candidate
02. Project Backup/01. Weintek/Lib/Backup/Pipe/B/pipe-violet-h.png,553,MOVE_TO_FIELDDATA,PLC/HMI/SCADA backup candidate
02. Project Backup/01. Weintek/Lib/Backup/Pipe/B/pipe-violet-v.png,559,MOVE_TO_FIELDDATA,PLC/HMI/SCADA backup candidate
02. Project Backup/01. Weintek/Lib/Backup/Pipe/B/pipe-yellow-angle.png,585,MOVE_TO_FIELDDATA,PLC/HMI/SCADA backup candidate
02. Project Backup/01. Weintek/Lib/Backup/Pipe/B/pipe-yellow-branch-a.png,590,MOVE_TO_FIELDDATA,PLC/HMI/SCADA backup candidate
02. Project Backup/01. Weintek/Lib/Backup/Pipe/B/pipe-yellow-branch-b.png,569,MOVE_TO_FIELDDATA,PLC/HMI/SCADA backup candidate
02. Project Backup/01. Weintek/Lib/Backup/Pipe/B/pipe-yellow-h.png,553,MOVE_TO_FIELDDATA,PLC/HMI/SCADA backup candidate
02. Project Backup/01. Weintek/Lib/Backup/Pipe/B/pipe-yellow-v.png,559,MOVE_TO_FIELDDATA,PLC/HMI/SCADA backup candidate
02. Project Backup/01. Weintek/Lib/Backup/Pipe/TB/tbnails_5_I,320,MOVE_TO_FIELDDATA,PLC/HMI/SCADA backup candidate
02. Project Backup/01. Weintek/Lib/Backup/Template/B/ack_all.png,2089,MOVE_TO_FIELDDATA,PLC/HMI/SCADA backup candidate
02. Project Backup/01. Weintek/Lib/Backup/Template/B/ack_one.png,1892,MOVE_TO_FIELDDATA,PLC/HMI/SCADA backup candidate
02. Project Backup/01. Weintek/Lib/Backup/Template/B/alarm.png,2238,MOVE_TO_FIELDDATA,PLC/HMI/SCADA backup candidate
02. Project Backup/01. Weintek/Lib/Backup/Template/B/btn_TabX_nor.png,1316,MOVE_TO_FIELDDATA,PLC/HMI/SCADA backup candidate
02. Project Backup/01. Weintek/Lib/Backup/Template/B/btn_TabX_over.png,1064,MOVE_TO_FIELDDATA,PLC/HMI/SCADA backup candidate
02. Project Backup/01. Weintek/Lib/Backup/Template/B/comm.png,1847,MOVE_TO_FIELDDATA,PLC/HMI/SCADA backup candidate
02. Project Backup/01. Weintek/Lib/Backup/Template/B/common-menu-button-gray-78x24.png,344,MOVE_TO_FIELDDATA,PLC/HMI/SCADA backup candidate
02. Project Backup/01. Weintek/Lib/Backup/Template/B/common-menu-button-gray-78x28.png,1762,MOVE_TO_FIELDDATA,PLC/HMI/SCADA backup candidate
02. Project Backup/01. Weintek/Lib/Backup/Template/B/common-menu-button-green-78x28.png,422,MOVE_TO_FIELDDATA,PLC/HMI/SCADA backup candidate
02. Project Backup/01. Weintek/Lib/Backup/Template/B/common-menu-button-red-78x24.png,392,MOVE_TO_FIELDDATA,PLC/HMI/SCADA backup candidate
02. Project Backup/01. Weintek/Lib/Backup/Template/B/common-menu-button-white-78x24.png,383,MOVE_TO_FIELDDATA,PLC/HMI/SCADA backup candidate
02. Project Backup/01. Weintek/Lib/Backup/Template/B/common-menu-button-white-78x28.png,398,MOVE_TO_FIELDDATA,PLC/HMI/SCADA backup candidate
02. Project Backup/01. Weintek/Lib/Backup/Template/B/event.png,2209,MOVE_TO_FIELDDATA,PLC/HMI/SCADA backup candidate
02. Project Backup/01. Weintek/Lib/Backup/Template/B/exit.png,1608,MOVE_TO_FIELDDATA,PLC/HMI/SCADA backup candidate
02. Project Backup/01. Weintek/Lib/Backup/Template/B/home.png,1330,MOVE_TO_FIELDDATA,PLC/HMI/SCADA backup candidate
02. Project Backup/01. Weintek/Lib/Backup/Template/B/led_green.png,557,MOVE_TO_FIELDDATA,PLC/HMI/SCADA backup candidate
02. Project Backup/01. Weintek/Lib/Backup/Template/B/led_red.png,527,MOVE_TO_FIELDDATA,PLC/HMI/SCADA backup candidate
02. Project Backup/01. Weintek/Lib/Backup/Template/B/led_yellow.png,521,MOVE_TO_FIELDDATA,PLC/HMI/SCADA backup candidate
02. Project Backup/01. Weintek/Lib/Backup/Template/B/logo_simple.png,3336,MOVE_TO_FIELDDATA,PLC/HMI/SCADA backup candidate
02. Project Backup/01. Weintek/Lib/Backup/Template/B/logo.png,13400,MOVE_TO_FIELDDATA,PLC/HMI/SCADA backup candidate
02. Project Backup/01. Weintek/Lib/Backup/Template/B/logon.png,403,MOVE_TO_FIELDDATA,PLC/HMI/SCADA backup candidate
02. Project Backup/01. Weintek/Lib/Backup/Template/B/setting.png,2577,MOVE_TO_FIELDDATA,PLC/HMI/SCADA backup candidate
02. Project Backup/01. Weintek/Lib/Backup/Template/B/Setup.jpg,56979,MOVE_TO_FIELDDATA,PLC/HMI/SCADA backup candidate
02. Project Backup/01. Weintek/Lib/Backup/Template/B/sound_off.png,2027,MOVE_TO_FIELDDATA,PLC/HMI/SCADA backup candidate
02. Project Backup/01. Weintek/Lib/Backup/Template/B/sound_on.png,2274,MOVE_TO_FIELDDATA,PLC/HMI/SCADA backup candidate
02. Project Backup/01. Weintek/Lib/Backup/Template/B/start-image-01.png,710197,MOVE_TO_FIELDDATA,PLC/HMI/SCADA backup candidate
02. Project Backup/01. Weintek/Lib/Backup/Template/B/start-image-02.png,283973,MOVE_TO_FIELDDATA,PLC/HMI/SCADA backup candidate
02. Project Backup/01. Weintek/Lib/Backup/Template/B/start-logo.png,8770,MOVE_TO_FIELDDATA,PLC/HMI/SCADA backup candidate
02. Project Backup/01. Weintek/Lib/Backup/Template/B/trend.png,2687,MOVE_TO_FIELDDATA,PLC/HMI/SCADA backup candidate
02. Project Backup/01. Weintek/Lib/Backup/Template/B/user.png,3893,MOVE_TO_FIELDDATA,PLC/HMI/SCADA backup candidate
02. Project Backup/01. Weintek/Lib/button.PNG,3086,MOVE_TO_FIELDDATA,PLC/HMI/SCADA backup candidate
02. Project Backup/01. Weintek/Lib/common-arrow-h.png,1492,MOVE_TO_FIELDDATA,PLC/HMI/SCADA backup candidate
02. Project Backup/01. Weintek/Lib/common-arrow-v.png,1470,MOVE_TO_FIELDDATA,PLC/HMI/SCADA backup candidate
02. Project Backup/01. Weintek/Lib/Home.png,612074,MOVE_TO_FIELDDATA,PLC/HMI/SCADA backup candidate
02. Project Backup/01. Weintek/Lib/pipe-aqua-angle-1.png,586,MOVE_TO_FIELDDATA,PLC/HMI/SCADA backup candidate
02. Project Backup/01. Weintek/Lib/pipe-aqua-angle-2.png,592,MOVE_TO_FIELDDATA,PLC/HMI/SCADA backup candidate
02. Project Backup/01. Weintek/Lib/pipe-aqua-angle-3.png,601,MOVE_TO_FIELDDATA,PLC/HMI/SCADA backup candidate
02. Project Backup/01. Weintek/Lib/pipe-blue-angle.png,580,MOVE_TO_FIELDDATA,PLC/HMI/SCADA backup candidate
02. Project Backup/01. Weintek/Lib/pipe-blue-branch-a.png,593,MOVE_TO_FIELDDATA,PLC/HMI/SCADA backup candidate
02. Project Backup/01. Weintek/Lib/pipe-blue-branch-b.png,587,MOVE_TO_FIELDDATA,PLC/HMI/SCADA backup candidate
02. Project Backup/01. Weintek/Lib/pipe-blue-branch-c.png,594,MOVE_TO_FIELDDATA,PLC/HMI/SCADA backup candidate
02. Project Backup/01. Weintek/Lib/pipe-blue-h.png,551,MOVE_TO_FIELDDATA,PLC/HMI/SCADA backup candidate
02. Project Backup/01. Weintek/Lib/pipe-blue-v.png,559,MOVE_TO_FIELDDATA,PLC/HMI/SCADA backup candidate
02. Project Backup/01. Weintek/Lib/value_box.png,874,MOVE_TO_FIELDDATA,PLC/HMI/SCADA backup candidate
02. Project Backup/01. Weintek/Lib/zzzz.png,593,MOVE_TO_FIELDDATA,PLC/HMI/SCADA backup candidate
02. Project Backup/02. Mitsubishi/01. gms-1.gxw,1588224,MOVE_TO_FIELDDATA,PLC/HMI/SCADA backup candidate
02. Project Backup/02. Mitsubishi/02. gms-2.gxw,1500160,MOVE_TO_FIELDDATA,PLC/HMI/SCADA backup candidate
02. Project Backup/02. Mitsubishi/03. gms-3.gxw,1835008,MOVE_TO_FIELDDATA,PLC/HMI/SCADA backup candidate
02. Project Backup/02. Mitsubishi/Backup/20210830/GMS_1.gxw,2825728,MOVE_TO_FIELDDATA,PLC/HMI/SCADA backup candidate
02. Project Backup/02. Mitsubishi/Backup/20210830/GMS_2_1.gxw,1595904,MOVE_TO_FIELDDATA,PLC/HMI/SCADA backup candidate
02. Project Backup/02. Mitsubishi/Backup/20210830/GMS_2_2.gxw,1396736,MOVE_TO_FIELDDATA,PLC/HMI/SCADA backup candidate
02. Project Backup/02. Mitsubishi/Backup/20230801/GMS_1.gxw,1576448,MOVE_TO_FIELDDATA,PLC/HMI/SCADA backup candidate
02. Project Backup/02. Mitsubishi/Backup/20230801/GMS_2_1.gxw,1503744,MOVE_TO_FIELDDATA,PLC/HMI/SCADA backup candidate
02. Project Backup/02. Mitsubishi/Backup/20230801/GMS_2_2.gxw,1382400,MOVE_TO_FIELDDATA,PLC/HMI/SCADA backup candidate
02. Project Backup/02. Mitsubishi/GOT2000/B_GMS.GTX,3036470,MOVE_TO_FIELDDATA,PLC/HMI/SCADA backup candidate
02. Project Backup/02. Mitsubishi/GOT2000/GMS/B_GMS/_hdb,3063808,MOVE_TO_FIELDDATA,PLC/HMI/SCADA backup candidate
02. Project Backup/02. Mitsubishi/GOT2000/GMS/B_GMS/checkout.xml,378,MOVE_TO_FIELDDATA,PLC/HMI/SCADA backup candidate
02. Project Backup/02. Mitsubishi/GOT2000/GMS/B_GMS/dataprotection.xml,7024,MOVE_TO_FIELDDATA,PLC/HMI/SCADA backup candidate
02. Project Backup/02. Mitsubishi/GOT2000/GMS/B_GMS/history.xml,3689,MOVE_TO_FIELDDATA,PLC/HMI/SCADA backup candidate
02. Project Backup/02. Mitsubishi/GOT2000/GMS/B_GMS/label.xml,372,MOVE_TO_FIELDDATA,PLC/HMI/SCADA backup candidate
02. Project Backup/02. Mitsubishi/GOT2000/GMS/B_GMS/labellink.xml,394,MOVE_TO_FIELDDATA,PLC/HMI/SCADA backup candidate
02. Project Backup/02. Mitsubishi/GOT2000/GMS/B_GMS/Project.gt32,0,MOVE_TO_FIELDDATA,PLC/HMI/SCADA backup candidate
02. Project Backup/02. Mitsubishi/GOT2000/GMS/B_GMS/projectdatalist.xml,4098,MOVE_TO_FIELDDATA,PLC/HMI/SCADA backup candidate
02. Project Backup/02. Mitsubishi/GOT2000/GMS/B_GMS/securitylevel.xml,163840,MOVE_TO_FIELDDATA,PLC/HMI/SCADA backup candidate
02. Project Backup/02. Mitsubishi/GOT2000/GMS/B_GMS/storedhistory.xml,376,MOVE_TO_FIELDDATA,PLC/HMI/SCADA backup candidate
02. Project Backup/02. Mitsubishi/GOT2000/GMS/B_GMS/user.xml,184320,MOVE_TO_FIELDDATA,PLC/HMI/SCADA backup candidate
02. Project Backup/02. Mitsubishi/GOT2000/GMS/projectlist.xml,696,MOVE_TO_FIELDDATA,PLC/HMI/SCADA backup candidate
02. Project Backup/02. Mitsubishi/GOT2000/workspacelist.xml,611,MOVE_TO_FIELDDATA,PLC/HMI/SCADA backup candidate
02. Project Backup/Cimon/PLC_H/PLC_H_/PLC_H_.CLG,3160,MOVE_TO_FIELDDATA,PLC/HMI/SCADA backup candidate
02. Project Backup/Cimon/PLC_H/PLC_H_/PLC_H_.DAM,6077,MOVE_TO_FIELDDATA,PLC/HMI/SCADA backup candidate
02. Project Backup/Cimon/PLC_H/PLC_H_/PLC_H_.FBI,265328,MOVE_TO_FIELDDATA,PLC/HMI/SCADA backup candidate
02. Project Backup/Cimon/PLC_H/PLC_H_/PLC_H_.FBIBUFF,265328,MOVE_TO_FIELDDATA,PLC/HMI/SCADA backup candidate
02. Project Backup/Cimon/PLC_H/PLC_H_/PLC_H_.PAR,10176,MOVE_TO_FIELDDATA,PLC/HMI/SCADA backup candidate
02. Project Backup/Cimon/PLC_H/PLC_H_/PLC_H_.PLC,1584,MOVE_TO_FIELDDATA,PLC/HMI/SCADA backup candidate
02. Project Backup/Cimon/PLC_H/PLC_H_/PLC_H_.PPI,92,MOVE_TO_FIELDDATA,PLC/HMI/SCADA backup candidate
02. Project Backup/Cimon/PLC_H/PLC_H_/PLC_H_.VAR,224,MOVE_TO_FIELDDATA,PLC/HMI/SCADA backup candidate
02. Project Backup/Cimon/PLC_H/PLC_H_0420/PLC_H_0420.CLG,4754,MOVE_TO_FIELDDATA,PLC/HMI/SCADA backup candidate
02. Project Backup/Cimon/PLC_H/PLC_H_0420/PLC_H_0420.DAM,6077,MOVE_TO_FIELDDATA,PLC/HMI/SCADA backup candidate
02. Project Backup/Cimon/PLC_H/PLC_H_0420/PLC_H_0420.FBI,265328,MOVE_TO_FIELDDATA,PLC/HMI/SCADA backup candidate
02. Project Backup/Cimon/PLC_H/PLC_H_0420/PLC_H_0420.FBIBUFF,265328,MOVE_TO_FIELDDATA,PLC/HMI/SCADA backup candidate
02. Project Backup/Cimon/PLC_H/PLC_H_0420/PLC_H_0420.PAR,10176,MOVE_TO_FIELDDATA,PLC/HMI/SCADA backup candidate
02. Project Backup/Cimon/PLC_H/PLC_H_0420/PLC_H_0420.PLC,1584,MOVE_TO_FIELDDATA,PLC/HMI/SCADA backup candidate
02. Project Backup/Cimon/PLC_H/PLC_H_0420/PLC_H_0420.PPI,92,MOVE_TO_FIELDDATA,PLC/HMI/SCADA backup candidate
02. Project Backup/Cimon/PLC_H/PLC_H_0420/PLC_H_0420.VAR,31552,MOVE_TO_FIELDDATA,PLC/HMI/SCADA backup candidate
02. Project Backup/Cimon/PLC_H/PLC_H_0420/PLC_H_0420.VAR.VAT,163840,MOVE_TO_FIELDDATA,PLC/HMI/SCADA backup candidate
02. Project Backup/Cimon/PLC_H/PLC_H_0420/PLC_H_0420.VAR.VAT.zgz,31330,MOVE_TO_FIELDDATA,PLC/HMI/SCADA backup candidate
02. Project Backup/Cimon/PLC_H/PLC_H_0420/Upload/Para0.Up,130,MOVE_TO_FIELDDATA,PLC/HMI/SCADA backup candidate
02. Project Backup/Cimon/PLC_H/PLC_H_0420/Upload/Para1.Up,578,MOVE_TO_FIELDDATA,PLC/HMI/SCADA backup candidate
02. Project Backup/Cimon/PLC_H/PLC_H_0420/Upload/Para2.Up,2096,MOVE_TO_FIELDDATA,PLC/HMI/SCADA backup candidate
02. Project Backup/Cimon/PLC_H/PLC_H_0420/Upload/Para3.Up,128,MOVE_TO_FIELDDATA,PLC/HMI/SCADA backup candidate
02. Project Backup/Cimon/PLC_H/PLC_H_0420/Upload/Para4.Up,34,MOVE_TO_FIELDDATA,PLC/HMI/SCADA backup candidate
02. Project Backup/Cimon/PLC_H/PLC_H_0420/Upload/Para5.Up,130,MOVE_TO_FIELDDATA,PLC/HMI/SCADA backup candidate
02. Project Backup/Cimon/PLC_H/PLC_H_0420/Upload/Pbt000.Up,64,MOVE_TO_FIELDDATA,PLC/HMI/SCADA backup candidate
02. Project Backup/Cimon/PLC_H/PLC_H_0420/Upload/Pbt001.Up,64,MOVE_TO_FIELDDATA,PLC/HMI/SCADA backup candidate
02. Project Backup/Cimon/PLC_H/PLC_H_0420/Upload/Pbt002.Up,64,MOVE_TO_FIELDDATA,PLC/HMI/SCADA backup candidate
02. Project Backup/Cimon/PLC_H/PLC_H_0420/Upload/Pbt003.Up,64,MOVE_TO_FIELDDATA,PLC/HMI/SCADA backup candidate
02. Project Backup/Cimon/PLC_H/PLC_H_0420/Upload/Pbt004.Up,64,MOVE_TO_FIELDDATA,PLC/HMI/SCADA backup candidate
02. Project Backup/Cimon/PLC_H/PLC_H_0420/Upload/Pbt005.Up,64,MOVE_TO_FIELDDATA,PLC/HMI/SCADA backup candidate
02. Project Backup/Cimon/PLC_H/PLC_H_0420/Upload/Pbt006.Up,64,MOVE_TO_FIELDDATA,PLC/HMI/SCADA backup candidate
02. Project Backup/Cimon/PLC_H/PLC_H_0420/Upload/Pbt007.Up,64,MOVE_TO_FIELDDATA,PLC/HMI/SCADA backup candidate
02. Project Backup/Cimon/PLC_H/PLC_H_0420/Upload/Pbt008.Up,64,MOVE_TO_FIELDDATA,PLC/HMI/SCADA backup candidate
02. Project Backup/Cimon/PLC_H/PLC_H_0420/Upload/Pbt009.Up,64,MOVE_TO_FIELDDATA,PLC/HMI/SCADA backup candidate
02. Project Backup/Cimon/PLC_H/PLC_H_0420/Upload/Pbt021.Up,64,MOVE_TO_FIELDDATA,PLC/HMI/SCADA backup candidate
02. Project Backup/Cimon/PLC_H/PLC_H_0420/Upload/Pbt022.Up,64,MOVE_TO_FIELDDATA,PLC/HMI/SCADA backup candidate
02. Project Backup/Cimon/PLC_H/PLC_H_0420/Upload/Pbt023.Up,64,MOVE_TO_FIELDDATA,PLC/HMI/SCADA backup candidate
02. Project Backup/Cimon/PLC_H/PLC_H_0420/Upload/Pbt024.Up,64,MOVE_TO_FIELDDATA,PLC/HMI/SCADA backup candidate
02. Project Backup/Cimon/PLC_H/PLC_H_0420/Upload/Pbt025.Up,64,MOVE_TO_FIELDDATA,PLC/HMI/SCADA backup candidate
02. Project Backup/Cimon/PLC_H/PLC_H_0420/Upload/Pbt026.Up,64,MOVE_TO_FIELDDATA,PLC/HMI/SCADA backup candidate
02. Project Backup/Cimon/PLC_H/PLC_H_0420/Upload/Pbt071.Up,64,MOVE_TO_FIELDDATA,PLC/HMI/SCADA backup candidate
02. Project Backup/Cimon/PLC_H/PLC_H_0420/Upload/Pbt072.Up,64,MOVE_TO_FIELDDATA,PLC/HMI/SCADA backup candidate
02. Project Backup/Cimon/PLC_H/PLC_H_0420/Upload/Pbt091.Up,64,MOVE_TO_FIELDDATA,PLC/HMI/SCADA backup candidate
02. Project Backup/Cimon/PLC_H/PLC_H_0420/Upload/Pbt092.Up,64,MOVE_TO_FIELDDATA,PLC/HMI/SCADA backup candidate
02. Project Backup/Cimon/PLC_H/PLC_H_0420/Upload/Pbt100.Up,64,MOVE_TO_FIELDDATA,PLC/HMI/SCADA backup candidate
02. Project Backup/Cimon/PLC_H/PLC_H_0420/Upload/Pbt127.Up,64,MOVE_TO_FIELDDATA,PLC/HMI/SCADA backup candidate
02. Project Backup/Cimon/PLC_H/PLC_H_0420/Upload/Pgm000.Up,1628,MOVE_TO_FIELDDATA,PLC/HMI/SCADA backup candidate
02. Project Backup/Cimon/PLC_H/PLC_H_0420/Upload/Pgm001.Up,180,MOVE_TO_FIELDDATA,PLC/HMI/SCADA backup candidate
02. Project Backup/Cimon/PLC_H/PLC_H_0420/Upload/Pgm002.Up,1212,MOVE_TO_FIELDDATA,PLC/HMI/SCADA backup candidate
02. Project Backup/Cimon/PLC_H/PLC_H_0420/Upload/Pgm003.Up,10928,MOVE_TO_FIELDDATA,PLC/HMI/SCADA backup candidate
02. Project Backup/Cimon/PLC_H/PLC_H_0420/Upload/Pgm004.Up,35236,MOVE_TO_FIELDDATA,PLC/HMI/SCADA backup candidate
02. Project Backup/Cimon/PLC_H/PLC_H_0420/Upload/Pgm005.Up,64016,MOVE_TO_FIELDDATA,PLC/HMI/SCADA backup candidate
02. Project Backup/Cimon/PLC_H/PLC_H_0420/Upload/Pgm006.Up,64060,MOVE_TO_FIELDDATA,PLC/HMI/SCADA backup candidate
02. Project Backup/Cimon/PLC_H/PLC_H_0420/Upload/Pgm007.Up,21976,MOVE_TO_FIELDDATA,PLC/HMI/SCADA backup candidate
02. Project Backup/Cimon/PLC_H/PLC_H_0420/Upload/Pgm008.Up,48,MOVE_TO_FIELDDATA,PLC/HMI/SCADA backup candidate
02. Project Backup/Cimon/PLC_H/PLC_H_0420/Upload/Pgm009.Up,48,MOVE_TO_FIELDDATA,PLC/HMI/SCADA backup candidate
02. Project Backup/Cimon/PLC_H/PLC_H_0420/Upload/Pgm021.Up,2100,MOVE_TO_FIELDDATA,PLC/HMI/SCADA backup candidate
02. Project Backup/Cimon/PLC_H/PLC_H_0420/Upload/Pgm022.Up,2100,MOVE_TO_FIELDDATA,PLC/HMI/SCADA backup candidate
02. Project Backup/Cimon/PLC_H/PLC_H_0420/Upload/Pgm023.Up,2100,MOVE_TO_FIELDDATA,PLC/HMI/SCADA backup candidate
02. Project Backup/Cimon/PLC_H/PLC_H_0420/Upload/Pgm024.Up,1972,MOVE_TO_FIELDDATA,PLC/HMI/SCADA backup candidate
02. Project Backup/Cimon/PLC_H/PLC_H_0420/Upload/Pgm025.Up,1972,MOVE_TO_FIELDDATA,PLC/HMI/SCADA backup candidate
02. Project Backup/Cimon/PLC_H/PLC_H_0420/Upload/Pgm026.Up,2100,MOVE_TO_FIELDDATA,PLC/HMI/SCADA backup candidate
02. Project Backup/Cimon/PLC_H/PLC_H_0420/Upload/Pgm071.Up,9588,MOVE_TO_FIELDDATA,PLC/HMI/SCADA backup candidate
02. Project Backup/Cimon/PLC_H/PLC_H_0420/Upload/Pgm072.Up,19396,MOVE_TO_FIELDDATA,PLC/HMI/SCADA backup candidate
02. Project Backup/Cimon/PLC_H/PLC_H_0420/Upload/Pgm091.Up,412,MOVE_TO_FIELDDATA,PLC/HMI/SCADA backup candidate
02. Project Backup/Cimon/PLC_H/PLC_H_0420/Upload/Pgm092.Up,8460,MOVE_TO_FIELDDATA,PLC/HMI/SCADA backup candidate
02. Project Backup/Cimon/PLC_H/PLC_H_0420/Upload/Pgm100.Up,5836,MOVE_TO_FIELDDATA,PLC/HMI/SCADA backup candidate
02. Project Backup/Cimon/PLC_H/PLC_H_0420/Upload/Pgm127.Up,31340,MOVE_TO_FIELDDATA,PLC/HMI/SCADA backup candidate
02. Project Backup/Cimon/PLC_H/PLC_H_v2/PLC_H_v2.CLG,4762,MOVE_TO_FIELDDATA,PLC/HMI/SCADA backup candidate
02. Project Backup/Cimon/PLC_H/PLC_H_v2/PLC_H_v2.DAM,6077,MOVE_TO_FIELDDATA,PLC/HMI/SCADA backup candidate
02. Project Backup/Cimon/PLC_H/PLC_H_v2/PLC_H_v2.FBI,265328,MOVE_TO_FIELDDATA,PLC/HMI/SCADA backup candidate
02. Project Backup/Cimon/PLC_H/PLC_H_v2/PLC_H_v2.FBIBUFF,265328,MOVE_TO_FIELDDATA,PLC/HMI/SCADA backup candidate
02. Project Backup/Cimon/PLC_H/PLC_H_v2/PLC_H_v2.PAR,10176,MOVE_TO_FIELDDATA,PLC/HMI/SCADA backup candidate
02. Project Backup/Cimon/PLC_H/PLC_H_v2/PLC_H_v2.PLC,1584,MOVE_TO_FIELDDATA,PLC/HMI/SCADA backup candidate
02. Project Backup/Cimon/PLC_H/PLC_H_v2/PLC_H_v2.PPI,92,MOVE_TO_FIELDDATA,PLC/HMI/SCADA backup candidate
02. Project Backup/Cimon/PLC_H/PLC_H_v2/PLC_H_v2.VAR,31552,MOVE_TO_FIELDDATA,PLC/HMI/SCADA backup candidate
02. Project Backup/Cimon/PLC_H/PLC_H.CLG,480,MOVE_TO_FIELDDATA,PLC/HMI/SCADA backup candidate
02. Project Backup/Cimon/PLC_H/PLC_H/BAK/INFO/PLC_H_20250420162755S.FBI,265328,MOVE_TO_FIELDDATA,PLC/HMI/SCADA backup candidate
02. Project Backup/Cimon/PLC_H/PLC_H/BAK/INFO/PLC_H_20250420165132S.FBI,265328,MOVE_TO_FIELDDATA,PLC/HMI/SCADA backup candidate
02. Project Backup/Cimon/PLC_H/PLC_H/BAK/INFO/PLC_H_20250420170006S.FBI,265328,MOVE_TO_FIELDDATA,PLC/HMI/SCADA backup candidate
02. Project Backup/Cimon/PLC_H/PLC_H/BAK/INFO/PLC_H_20250420184201S.FBI,265328,MOVE_TO_FIELDDATA,PLC/HMI/SCADA backup candidate
02. Project Backup/Cimon/PLC_H/PLC_H/PLC_H_20250420.zip,278072,MOVE_TO_FIELDDATA,PLC/HMI/SCADA backup candidate
02. Project Backup/Cimon/PLC_H/PLC_H/PLC_H.CLG,5020,MOVE_TO_FIELDDATA,PLC/HMI/SCADA backup candidate
02. Project Backup/Cimon/PLC_H/PLC_H/PLC_H.DAM,6077,MOVE_TO_FIELDDATA,PLC/HMI/SCADA backup candidate
02. Project Backup/Cimon/PLC_H/PLC_H/PLC_H.FBI,265328,MOVE_TO_FIELDDATA,PLC/HMI/SCADA backup candidate
02. Project Backup/Cimon/PLC_H/PLC_H/PLC_H.FBIBUFF,265328,MOVE_TO_FIELDDATA,PLC/HMI/SCADA backup candidate
02. Project Backup/Cimon/PLC_H/PLC_H/PLC_H.PAR,10176,MOVE_TO_FIELDDATA,PLC/HMI/SCADA backup candidate
02. Project Backup/Cimon/PLC_H/PLC_H/PLC_H.PLC,1584,MOVE_TO_FIELDDATA,PLC/HMI/SCADA backup candidate
02. Project Backup/Cimon/PLC_H/PLC_H/PLC_H.PPI,92,MOVE_TO_FIELDDATA,PLC/HMI/SCADA backup candidate
02. Project Backup/Cimon/PLC_H/PLC_H/PLC_H.VAR,31552,MOVE_TO_FIELDDATA,PLC/HMI/SCADA backup candidate
02. Project Backup/Cimon/PLC_H/PLC_H/PLC_H.VAR.VAT.zgz,31276,MOVE_TO_FIELDDATA,PLC/HMI/SCADA backup candidate
02. Project Backup/Cimon/PLC_H/PLC_H/Upload/Para0.Up,130,MOVE_TO_FIELDDATA,PLC/HMI/SCADA backup candidate
02. Project Backup/Cimon/PLC_H/PLC_H/Upload/Para1.Up,578,MOVE_TO_FIELDDATA,PLC/HMI/SCADA backup candidate
02. Project Backup/Cimon/PLC_H/PLC_H/Upload/Para2.Up,2096,MOVE_TO_FIELDDATA,PLC/HMI/SCADA backup candidate
02. Project Backup/Cimon/PLC_H/PLC_H/Upload/Para3.Up,128,MOVE_TO_FIELDDATA,PLC/HMI/SCADA backup candidate
02. Project Backup/Cimon/PLC_H/PLC_H/Upload/Para4.Up,34,MOVE_TO_FIELDDATA,PLC/HMI/SCADA backup candidate
02. Project Backup/Cimon/PLC_H/PLC_H/Upload/Para5.Up,130,MOVE_TO_FIELDDATA,PLC/HMI/SCADA backup candidate
02. Project Backup/Cimon/PLC_H/PLC_H/Upload/Pbt000.Up,64,MOVE_TO_FIELDDATA,PLC/HMI/SCADA backup candidate
02. Project Backup/Cimon/PLC_H/PLC_H/Upload/Pbt001.Up,64,MOVE_TO_FIELDDATA,PLC/HMI/SCADA backup candidate
02. Project Backup/Cimon/PLC_H/PLC_H/Upload/Pbt002.Up,64,MOVE_TO_FIELDDATA,PLC/HMI/SCADA backup candidate
02. Project Backup/Cimon/PLC_H/PLC_H/Upload/Pbt003.Up,64,MOVE_TO_FIELDDATA,PLC/HMI/SCADA backup candidate
02. Project Backup/Cimon/PLC_H/PLC_H/Upload/Pbt004.Up,64,MOVE_TO_FIELDDATA,PLC/HMI/SCADA backup candidate
02. Project Backup/Cimon/PLC_H/PLC_H/Upload/Pbt005.Up,64,MOVE_TO_FIELDDATA,PLC/HMI/SCADA backup candidate
02. Project Backup/Cimon/PLC_H/PLC_H/Upload/Pbt006.Up,64,MOVE_TO_FIELDDATA,PLC/HMI/SCADA backup candidate
02. Project Backup/Cimon/PLC_H/PLC_H/Upload/Pbt007.Up,64,MOVE_TO_FIELDDATA,PLC/HMI/SCADA backup candidate
02. Project Backup/Cimon/PLC_H/PLC_H/Upload/Pbt008.Up,64,MOVE_TO_FIELDDATA,PLC/HMI/SCADA backup candidate
02. Project Backup/Cimon/PLC_H/PLC_H/Upload/Pbt009.Up,64,MOVE_TO_FIELDDATA,PLC/HMI/SCADA backup candidate
02. Project Backup/Cimon/PLC_H/PLC_H/Upload/Pbt021.Up,64,MOVE_TO_FIELDDATA,PLC/HMI/SCADA backup candidate
02. Project Backup/Cimon/PLC_H/PLC_H/Upload/Pbt022.Up,64,MOVE_TO_FIELDDATA,PLC/HMI/SCADA backup candidate
02. Project Backup/Cimon/PLC_H/PLC_H/Upload/Pbt023.Up,64,MOVE_TO_FIELDDATA,PLC/HMI/SCADA backup candidate
02. Project Backup/Cimon/PLC_H/PLC_H/Upload/Pbt024.Up,64,MOVE_TO_FIELDDATA,PLC/HMI/SCADA backup candidate
02. Project Backup/Cimon/PLC_H/PLC_H/Upload/Pbt025.Up,64,MOVE_TO_FIELDDATA,PLC/HMI/SCADA backup candidate
02. Project Backup/Cimon/PLC_H/PLC_H/Upload/Pbt026.Up,64,MOVE_TO_FIELDDATA,PLC/HMI/SCADA backup candidate
02. Project Backup/Cimon/PLC_H/PLC_H/Upload/Pbt071.Up,64,MOVE_TO_FIELDDATA,PLC/HMI/SCADA backup candidate
02. Project Backup/Cimon/PLC_H/PLC_H/Upload/Pbt072.Up,64,MOVE_TO_FIELDDATA,PLC/HMI/SCADA backup candidate
02. Project Backup/Cimon/PLC_H/PLC_H/Upload/Pbt091.Up,64,MOVE_TO_FIELDDATA,PLC/HMI/SCADA backup candidate
02. Project Backup/Cimon/PLC_H/PLC_H/Upload/Pbt092.Up,64,MOVE_TO_FIELDDATA,PLC/HMI/SCADA backup candidate
02. Project Backup/Cimon/PLC_H/PLC_H/Upload/Pbt100.Up,64,MOVE_TO_FIELDDATA,PLC/HMI/SCADA backup candidate
02. Project Backup/Cimon/PLC_H/PLC_H/Upload/Pbt127.Up,64,MOVE_TO_FIELDDATA,PLC/HMI/SCADA backup candidate
02. Project Backup/Cimon/PLC_H/PLC_H/Upload/Pgm000.Up,1628,MOVE_TO_FIELDDATA,PLC/HMI/SCADA backup candidate
02. Project Backup/Cimon/PLC_H/PLC_H/Upload/Pgm001.Up,180,MOVE_TO_FIELDDATA,PLC/HMI/SCADA backup candidate
02. Project Backup/Cimon/PLC_H/PLC_H/Upload/Pgm002.Up,1212,MOVE_TO_FIELDDATA,PLC/HMI/SCADA backup candidate
02. Project Backup/Cimon/PLC_H/PLC_H/Upload/Pgm003.Up,10928,MOVE_TO_FIELDDATA,PLC/HMI/SCADA backup candidate
02. Project Backup/Cimon/PLC_H/PLC_H/Upload/Pgm004.Up,35236,MOVE_TO_FIELDDATA,PLC/HMI/SCADA backup candidate
02. Project Backup/Cimon/PLC_H/PLC_H/Upload/Pgm005.Up,64016,MOVE_TO_FIELDDATA,PLC/HMI/SCADA backup candidate
02. Project Backup/Cimon/PLC_H/PLC_H/Upload/Pgm006.Up,64060,MOVE_TO_FIELDDATA,PLC/HMI/SCADA backup candidate
02. Project Backup/Cimon/PLC_H/PLC_H/Upload/Pgm007.Up,21976,MOVE_TO_FIELDDATA,PLC/HMI/SCADA backup candidate
02. Project Backup/Cimon/PLC_H/PLC_H/Upload/Pgm008.Up,48,MOVE_TO_FIELDDATA,PLC/HMI/SCADA backup candidate
02. Project Backup/Cimon/PLC_H/PLC_H/Upload/Pgm009.Up,48,MOVE_TO_FIELDDATA,PLC/HMI/SCADA backup candidate
02. Project Backup/Cimon/PLC_H/PLC_H/Upload/Pgm021.Up,2100,MOVE_TO_FIELDDATA,PLC/HMI/SCADA backup candidate
02. Project Backup/Cimon/PLC_H/PLC_H/Upload/Pgm022.Up,2100,MOVE_TO_FIELDDATA,PLC/HMI/SCADA backup candidate
02. Project Backup/Cimon/PLC_H/PLC_H/Upload/Pgm023.Up,2100,MOVE_TO_FIELDDATA,PLC/HMI/SCADA backup candidate
02. Project Backup/Cimon/PLC_H/PLC_H/Upload/Pgm024.Up,1972,MOVE_TO_FIELDDATA,PLC/HMI/SCADA backup candidate
02. Project Backup/Cimon/PLC_H/PLC_H/Upload/Pgm025.Up,1972,MOVE_TO_FIELDDATA,PLC/HMI/SCADA backup candidate
02. Project Backup/Cimon/PLC_H/PLC_H/Upload/Pgm026.Up,2100,MOVE_TO_FIELDDATA,PLC/HMI/SCADA backup candidate
02. Project Backup/Cimon/PLC_H/PLC_H/Upload/Pgm071.Up,9588,MOVE_TO_FIELDDATA,PLC/HMI/SCADA backup candidate
02. Project Backup/Cimon/PLC_H/PLC_H/Upload/Pgm072.Up,19396,MOVE_TO_FIELDDATA,PLC/HMI/SCADA backup candidate
02. Project Backup/Cimon/PLC_H/PLC_H/Upload/Pgm091.Up,412,MOVE_TO_FIELDDATA,PLC/HMI/SCADA backup candidate
02. Project Backup/Cimon/PLC_H/PLC_H/Upload/Pgm092.Up,8460,MOVE_TO_FIELDDATA,PLC/HMI/SCADA backup candidate
02. Project Backup/Cimon/PLC_H/PLC_H/Upload/Pgm100.Up,5836,MOVE_TO_FIELDDATA,PLC/HMI/SCADA backup candidate
02. Project Backup/Cimon/PLC_H/PLC_H/Upload/Pgm127.Up,31340,MOVE_TO_FIELDDATA,PLC/HMI/SCADA backup candidate
02. Project Backup/Cimon/PLC_H/PLC_M/BAK/INFO/PLC_M_20250309162019S.FBI,265328,MOVE_TO_FIELDDATA,PLC/HMI/SCADA backup candidate
02. Project Backup/Cimon/PLC_H/PLC_M/PLC_M.CLG,1730,MOVE_TO_FIELDDATA,PLC/HMI/SCADA backup candidate
02. Project Backup/Cimon/PLC_H/PLC_M/PLC_M.DAM,6077,MOVE_TO_FIELDDATA,PLC/HMI/SCADA backup candidate
02. Project Backup/Cimon/PLC_H/PLC_M/PLC_M.FBI,265328,MOVE_TO_FIELDDATA,PLC/HMI/SCADA backup candidate
02. Project Backup/Cimon/PLC_H/PLC_M/PLC_M.PAR,12336,MOVE_TO_FIELDDATA,PLC/HMI/SCADA backup candidate
02. Project Backup/Cimon/PLC_H/PLC_M/PLC_M.PLC,1584,MOVE_TO_FIELDDATA,PLC/HMI/SCADA backup candidate
02. Project Backup/Cimon/PLC_H/PLC_M/PLC_M.PPI,92,MOVE_TO_FIELDDATA,PLC/HMI/SCADA backup candidate
02. Project Backup/Cimon/PLC_H/PLC_M/PLC_M.VAR,224,MOVE_TO_FIELDDATA,PLC/HMI/SCADA backup candidate
02. Project Backup/Cimon/PLC_H/Prj0301_1215/BAK/INFO/Prj0301_1215_20250420185709S.FBI,265328,MOVE_TO_FIELDDATA,PLC/HMI/SCADA backup candidate
02. Project Backup/Cimon/PLC_H/Prj0301_1215/BAK/PGM/Prj0301_1215.1740806163S.PAR,10176,MOVE_TO_FIELDDATA,PLC/HMI/SCADA backup candidate
02. Project Backup/Cimon/PLC_H/Prj0301_1215/BAK/PGM/Prj0301_1215.1745150132S.PAR,12336,MOVE_TO_FIELDDATA,PLC/HMI/SCADA backup candidate
02. Project Backup/Cimon/PLC_H/Prj0301_1215/Prj0301_1215_20250420.zip,277258,MOVE_TO_FIELDDATA,PLC/HMI/SCADA backup candidate
02. Project Backup/Cimon/PLC_H/Prj0301_1215/Prj0301_1215.CLG,2634,MOVE_TO_FIELDDATA,PLC/HMI/SCADA backup candidate
02. Project Backup/Cimon/PLC_H/Prj0301_1215/Prj0301_1215.DAM,6077,MOVE_TO_FIELDDATA,PLC/HMI/SCADA backup candidate
02. Project Backup/Cimon/PLC_H/Prj0301_1215/Prj0301_1215.FBI,265328,MOVE_TO_FIELDDATA,PLC/HMI/SCADA backup candidate
02. Project Backup/Cimon/PLC_H/Prj0301_1215/Prj0301_1215.FBIBUFF,265328,MOVE_TO_FIELDDATA,PLC/HMI/SCADA backup candidate
02. Project Backup/Cimon/PLC_H/Prj0301_1215/Prj0301_1215.PAR,12336,MOVE_TO_FIELDDATA,PLC/HMI/SCADA backup candidate
02. Project Backup/Cimon/PLC_H/Prj0301_1215/Prj0301_1215.PLC,1584,MOVE_TO_FIELDDATA,PLC/HMI/SCADA backup candidate
02. Project Backup/Cimon/PLC_H/Prj0301_1215/Prj0301_1215.PPI,92,MOVE_TO_FIELDDATA,PLC/HMI/SCADA backup candidate
02. Project Backup/Cimon/PLC_H/Prj0301_1215/Prj0301_1215.VAR,224,MOVE_TO_FIELDDATA,PLC/HMI/SCADA backup candidate
02. Project Backup/CimonPLC/PLC_M/BAK/INFO/PLC_M_20250309162313S.FBI,265328,MOVE_TO_FIELDDATA,PLC/HMI/SCADA backup candidate
02. Project Backup/CimonPLC/PLC_M/PLC_M.CLG,1664,MOVE_TO_FIELDDATA,PLC/HMI/SCADA backup candidate
02. Project Backup/CimonPLC/PLC_M/PLC_M.DAM,6077,MOVE_TO_FIELDDATA,PLC/HMI/SCADA backup candidate
02. Project Backup/CimonPLC/PLC_M/PLC_M.FBI,265328,MOVE_TO_FIELDDATA,PLC/HMI/SCADA backup candidate
02. Project Backup/CimonPLC/PLC_M/PLC_M.FBIBUFF,265328,MOVE_TO_FIELDDATA,PLC/HMI/SCADA backup candidate
02. Project Backup/CimonPLC/PLC_M/PLC_M.PAR,12336,MOVE_TO_FIELDDATA,PLC/HMI/SCADA backup candidate
02. Project Backup/CimonPLC/PLC_M/PLC_M.PLC,1584,MOVE_TO_FIELDDATA,PLC/HMI/SCADA backup candidate
02. Project Backup/CimonPLC/PLC_M/PLC_M.PPI,92,MOVE_TO_FIELDDATA,PLC/HMI/SCADA backup candidate
02. Project Backup/CimonPLC/PLC_M/PLC_M.VAR,224,MOVE_TO_FIELDDATA,PLC/HMI/SCADA backup candidate
02. Project Backup/Factory A/PLC_H/Analog_Out.SRC,287648,MOVE_TO_FIELDDATA,PLC/HMI/SCADA backup candidate
02. Project Backup/Factory A/PLC_H/Auto_AHU101.SRC,104384,MOVE_TO_FIELDDATA,PLC/HMI/SCADA backup candidate
02. Project Backup/Factory A/PLC_H/Auto_AHU102.SRC,104384,MOVE_TO_FIELDDATA,PLC/HMI/SCADA backup candidate
02. Project Backup/Factory A/PLC_H/Auto_AHU103.SRC,104384,MOVE_TO_FIELDDATA,PLC/HMI/SCADA backup candidate
02. Project Backup/Factory A/PLC_H/Auto_AHU104.SRC,96128,MOVE_TO_FIELDDATA,PLC/HMI/SCADA backup candidate
02. Project Backup/Factory A/PLC_H/Auto_AHU105.SRC,96128,MOVE_TO_FIELDDATA,PLC/HMI/SCADA backup candidate
02. Project Backup/Factory A/PLC_H/Auto_AHU106.SRC,104384,MOVE_TO_FIELDDATA,PLC/HMI/SCADA backup candidate
02. Project Backup/Factory A/PLC_H/BAK/INFO/PLC_H_20241227183928S.FBI,265328,MOVE_TO_FIELDDATA,PLC/HMI/SCADA backup candidate
02. Project Backup/Factory A/PLC_H/BAK/INFO/PLC_H_20250227082240S.FBI,265328,MOVE_TO_FIELDDATA,PLC/HMI/SCADA backup candidate
02. Project Backup/Factory A/PLC_H/BAK/INFO/PLC_H_20250227082916S.FBI,265328,MOVE_TO_FIELDDATA,PLC/HMI/SCADA backup candidate
02. Project Backup/Factory A/PLC_H/BAK/INFO/PLC_H_20250227083324S.FBI,265328,MOVE_TO_FIELDDATA,PLC/HMI/SCADA backup candidate
02. Project Backup/Factory A/PLC_H/CMTPGM000.SRC,64102,MOVE_TO_FIELDDATA,PLC/HMI/SCADA backup candidate
02. Project Backup/Factory A/PLC_H/CMTPGM001.SRC,64146,MOVE_TO_FIELDDATA,PLC/HMI/SCADA backup candidate
02. Project Backup/Factory A/PLC_H/CMTPGM002.SRC,22062,MOVE_TO_FIELDDATA,PLC/HMI/SCADA backup candidate
02. Project Backup/Factory A/PLC_H/CMTPGM003.SRC,134,MOVE_TO_FIELDDATA,PLC/HMI/SCADA backup candidate
02. Project Backup/Factory A/PLC_H/CMTPGM004.SRC,134,MOVE_TO_FIELDDATA,PLC/HMI/SCADA backup candidate
02. Project Backup/Factory A/PLC_H/Digital_A_M.SRC,747312,MOVE_TO_FIELDDATA,PLC/HMI/SCADA backup candidate
02. Project Backup/Factory A/PLC_H/Digital_In.SRC,102464,MOVE_TO_FIELDDATA,PLC/HMI/SCADA backup candidate
02. Project Backup/Factory A/PLC_H/Digital_Out.SRC,34704,MOVE_TO_FIELDDATA,PLC/HMI/SCADA backup candidate
02. Project Backup/Factory A/PLC_H/DO_AO_Map.SRC,8624,MOVE_TO_FIELDDATA,PLC/HMI/SCADA backup candidate
02. Project Backup/Factory A/PLC_H/Global/GlobalVar.GLA,100,MOVE_TO_FIELDDATA,PLC/HMI/SCADA backup candidate
02. Project Backup/Factory A/PLC_H/Global/GlobalVar.GLS,100,MOVE_TO_FIELDDATA,PLC/HMI/SCADA backup candidate
02. Project Backup/Factory A/PLC_H/Global/GlobalVar.GLV,100,MOVE_TO_FIELDDATA,PLC/HMI/SCADA backup candidate
02. Project Backup/Factory A/PLC_H/Init.SRC,67008,MOVE_TO_FIELDDATA,PLC/HMI/SCADA backup candidate
02. Project Backup/Factory A/PLC_H/PLC_H.CLG,6784,MOVE_TO_FIELDDATA,PLC/HMI/SCADA backup candidate
02. Project Backup/Factory A/PLC_H/PLC_H.DAM,6077,MOVE_TO_FIELDDATA,PLC/HMI/SCADA backup candidate
02. Project Backup/Factory A/PLC_H/PLC_H.FBI,265328,MOVE_TO_FIELDDATA,PLC/HMI/SCADA backup candidate
02. Project Backup/Factory A/PLC_H/PLC_H.PAR,12352,MOVE_TO_FIELDDATA,PLC/HMI/SCADA backup candidate
02. Project Backup/Factory A/PLC_H/PLC_H.PLC,2848,MOVE_TO_FIELDDATA,PLC/HMI/SCADA backup candidate
02. Project Backup/Factory A/PLC_H/PLC_H.PMT,257,MOVE_TO_FIELDDATA,PLC/HMI/SCADA backup candidate
02. Project Backup/Factory A/PLC_H/PLC_H.PPI,92,MOVE_TO_FIELDDATA,PLC/HMI/SCADA backup candidate
02. Project Backup/Factory A/PLC_H/PLC_H.SHF,1,MOVE_TO_FIELDDATA,PLC/HMI/SCADA backup candidate
02. Project Backup/Factory A/PLC_H/PLC_H.VAR,172496,MOVE_TO_FIELDDATA,PLC/HMI/SCADA backup candidate
02. Project Backup/Factory A/PLC_H/Upload/Pbt003.Up,64,MOVE_TO_FIELDDATA,PLC/HMI/SCADA backup candidate
02. Project Backup/Factory A/PLC_H/Valve_PID.SRC,252336,MOVE_TO_FIELDDATA,PLC/HMI/SCADA backup candidate
02. Project Backup/Factory A/PLC_M/Analog_A_M.SRC,864,MOVE_TO_FIELDDATA,PLC/HMI/SCADA backup candidate
02. Project Backup/Factory A/PLC_M/Analog_Alarm.SRC,193264,MOVE_TO_FIELDDATA,PLC/HMI/SCADA backup candidate
02. Project Backup/Factory A/PLC_M/Analog_In.SRC,54096,MOVE_TO_FIELDDATA,PLC/HMI/SCADA backup candidate
02. Project Backup/Factory A/PLC_M/Analog_Out.SRC,19040,MOVE_TO_FIELDDATA,PLC/HMI/SCADA backup candidate
02. Project Backup/Factory A/PLC_M/BAK/INFO/PLC_M2_20241227190029S.FBI,265328,MOVE_TO_FIELDDATA,PLC/HMI/SCADA backup candidate
02. Project Backup/Factory A/PLC_M/BAK/INFO/PLC_M2_20250309161758S.FBI,265328,MOVE_TO_FIELDDATA,PLC/HMI/SCADA backup candidate
02. Project Backup/Factory A/PLC_M/BAK/INFO/PLC_M2_20250309162222S.FBI,265328,MOVE_TO_FIELDDATA,PLC/HMI/SCADA backup candidate
02. Project Backup/Factory A/PLC_M/BAK/INFO/PLC_M2_20250309162415S.FBI,265328,MOVE_TO_FIELDDATA,PLC/HMI/SCADA backup candidate
02. Project Backup/Factory A/PLC_M/BAK/INFO/PLC_M2_20250309162435S.FBI,265328,MOVE_TO_FIELDDATA,PLC/HMI/SCADA backup candidate
02. Project Backup/Factory A/PLC_M/CMTPGM000.SRC,12762,MOVE_TO_FIELDDATA,PLC/HMI/SCADA backup candidate
02. Project Backup/Factory A/PLC_M/Init.SRC,70368,MOVE_TO_FIELDDATA,PLC/HMI/SCADA backup candidate
02. Project Backup/Factory A/PLC_M/Pgm005.SPC,208,MOVE_TO_FIELDDATA,PLC/HMI/SCADA backup candidate
02. Project Backup/Factory A/PLC_M/PLC_M2.CLG,1884,MOVE_TO_FIELDDATA,PLC/HMI/SCADA backup candidate
02. Project Backup/Factory A/PLC_M/PLC_M2.DAM,6077,MOVE_TO_FIELDDATA,PLC/HMI/SCADA backup candidate
02. Project Backup/Factory A/PLC_M/PLC_M2.FBI,265328,MOVE_TO_FIELDDATA,PLC/HMI/SCADA backup candidate
02. Project Backup/Factory A/PLC_M/PLC_M2.PAR,12352,MOVE_TO_FIELDDATA,PLC/HMI/SCADA backup candidate
02. Project Backup/Factory A/PLC_M/PLC_M2.PLC,1888,MOVE_TO_FIELDDATA,PLC/HMI/SCADA backup candidate
02. Project Backup/Factory A/PLC_M/PLC_M2.PPI,92,MOVE_TO_FIELDDATA,PLC/HMI/SCADA backup candidate
02. Project Backup/Factory A/PLC_M/PLC_M2.VAR,240,MOVE_TO_FIELDDATA,PLC/HMI/SCADA backup candidate
02. Project Backup/Factory A/PLC_M/PLC_M2.VARBUFF,0,MOVE_TO_FIELDDATA,PLC/HMI/SCADA backup candidate
02. Project Backup/Factory A/PLC_M/PLC_M2.VARBUFFBUFF,240,MOVE_TO_FIELDDATA,PLC/HMI/SCADA backup candidate
02. Project Backup/Factory A/PLC_M/Upload/Pbt005.Up,64,MOVE_TO_FIELDDATA,PLC/HMI/SCADA backup candidate
02. Project Backup/Factory A/PLC_U/Analog_A_M.SRC,186432,MOVE_TO_FIELDDATA,PLC/HMI/SCADA backup candidate
02. Project Backup/Factory A/PLC_U/Analog_Alarm.SRC,652928,MOVE_TO_FIELDDATA,PLC/HMI/SCADA backup candidate
02. Project Backup/Factory A/PLC_U/Analog_In.SRC,172560,MOVE_TO_FIELDDATA,PLC/HMI/SCADA backup candidate
02. Project Backup/Factory A/PLC_U/Analog_Out.SRC,54640,MOVE_TO_FIELDDATA,PLC/HMI/SCADA backup candidate
02. Project Backup/Factory A/PLC_U/Auto_AC_Heat.SRC,1680,MOVE_TO_FIELDDATA,PLC/HMI/SCADA backup candidate
02. Project Backup/Factory A/PLC_U/Auto_Chiller.SRC,40528,MOVE_TO_FIELDDATA,PLC/HMI/SCADA backup candidate
02. Project Backup/Factory A/PLC_U/Auto_Comp.SRC,19056,MOVE_TO_FIELDDATA,PLC/HMI/SCADA backup candidate
02. Project Backup/Factory A/PLC_U/Auto_Heating.SRC,17888,MOVE_TO_FIELDDATA,PLC/HMI/SCADA backup candidate
02. Project Backup/Factory A/PLC_U/Auto_PCW.SRC,224208,MOVE_TO_FIELDDATA,PLC/HMI/SCADA backup candidate
02. Project Backup/Factory A/PLC_U/Auto_Vacuum.SRC,19056,MOVE_TO_FIELDDATA,PLC/HMI/SCADA backup candidate
02. Project Backup/Factory A/PLC_U/BAK/INFO/PLC_U_20241227184334S.FBI,265328,MOVE_TO_FIELDDATA,PLC/HMI/SCADA backup candidate
02. Project Backup/Factory A/PLC_U/BAK/INFO/PLC_U_20250505142740S.FBI,265328,MOVE_TO_FIELDDATA,PLC/HMI/SCADA backup candidate
02. Project Backup/Factory A/PLC_U/BAK/INFO/PLC_U_20250505142848S.FBI,265328,MOVE_TO_FIELDDATA,PLC/HMI/SCADA backup candidate
02. Project Backup/Factory A/PLC_U/BAK/INFO/PLC_U_20250505142854S.FBI,265328,MOVE_TO_FIELDDATA,PLC/HMI/SCADA backup candidate
02. Project Backup/Factory A/PLC_U/BAK/INFO/PLC_U_20250505142919S.FBI,265328,MOVE_TO_FIELDDATA,PLC/HMI/SCADA backup candidate
02. Project Backup/Factory A/PLC_U/CDA.SRC,6016,MOVE_TO_FIELDDATA,PLC/HMI/SCADA backup candidate
02. Project Backup/Factory A/PLC_U/CH_Alarm.SRC,1849904,MOVE_TO_FIELDDATA,PLC/HMI/SCADA backup candidate
02. Project Backup/Factory A/PLC_U/COMP_ALARM.SRC,570896,MOVE_TO_FIELDDATA,PLC/HMI/SCADA backup candidate
02. Project Backup/Factory A/PLC_U/Digital_A_M.SRC,924272,MOVE_TO_FIELDDATA,PLC/HMI/SCADA backup candidate
02. Project Backup/Factory A/PLC_U/Digital_In.SRC,173120,MOVE_TO_FIELDDATA,PLC/HMI/SCADA backup candidate
02. Project Backup/Factory A/PLC_U/Digital_Out.SRC,73616,MOVE_TO_FIELDDATA,PLC/HMI/SCADA backup candidate
02. Project Backup/Factory A/PLC_U/DO_AO_MAP.SRC,10320,MOVE_TO_FIELDDATA,PLC/HMI/SCADA backup candidate
02. Project Backup/Factory A/PLC_U/Flow_Total.SRC,864,MOVE_TO_FIELDDATA,PLC/HMI/SCADA backup candidate
02. Project Backup/Factory A/PLC_U/Init.SRC,2128,MOVE_TO_FIELDDATA,PLC/HMI/SCADA backup candidate
02. Project Backup/Factory A/PLC_U/PID_Valve.SRC,169808,MOVE_TO_FIELDDATA,PLC/HMI/SCADA backup candidate
02. Project Backup/Factory A/PLC_U/PLC_U.CLG,6130,MOVE_TO_FIELDDATA,PLC/HMI/SCADA backup candidate
02. Project Backup/Factory A/PLC_U/PLC_U.DAM,6077,MOVE_TO_FIELDDATA,PLC/HMI/SCADA backup candidate
02. Project Backup/Factory A/PLC_U/PLC_U.FBI,265328,MOVE_TO_FIELDDATA,PLC/HMI/SCADA backup candidate
02. Project Backup/Factory A/PLC_U/PLC_U.FBIBUFF,265328,MOVE_TO_FIELDDATA,PLC/HMI/SCADA backup candidate
02. Project Backup/Factory A/PLC_U/PLC_U.PAR,12352,MOVE_TO_FIELDDATA,PLC/HMI/SCADA backup candidate
02. Project Backup/Factory A/PLC_U/PLC_U.PLC,1568,MOVE_TO_FIELDDATA,PLC/HMI/SCADA backup candidate
02. Project Backup/Factory A/PLC_U/PLC_U.PPI,92,MOVE_TO_FIELDDATA,PLC/HMI/SCADA backup candidate
02. Project Backup/Factory A/PLC_U/PLC_U.VAR,368,MOVE_TO_FIELDDATA,PLC/HMI/SCADA backup candidate
02. Project Backup/Factory A/PLC_U/PLC_U.VAR.VAT,0,MOVE_TO_FIELDDATA,PLC/HMI/SCADA backup candidate
02. Project Backup/Factory A/PLC_U/PLC_U.VAR.VAT.zgz,149,MOVE_TO_FIELDDATA,PLC/HMI/SCADA backup candidate
02. Project Backup/Factory A/PLC_U/RS485_01.SPC,1520,MOVE_TO_FIELDDATA,PLC/HMI/SCADA backup candidate
02. Project Backup/Factory A/PLC_U/RS485_02.SPC,1520,MOVE_TO_FIELDDATA,PLC/HMI/SCADA backup candidate
02. Project Backup/Factory A/PLC_U/RS485_CH.SRC,40528,MOVE_TO_FIELDDATA,PLC/HMI/SCADA backup candidate
02. Project Backup/Factory A/PLC_U/RS485_COMP.SRC,38256,MOVE_TO_FIELDDATA,PLC/HMI/SCADA backup candidate
02. Project Backup/Factory A/PLC_W/Analog_Alarm.SRC,176736,MOVE_TO_FIELDDATA,PLC/HMI/SCADA backup candidate
02. Project Backup/Factory A/PLC_W/Analog_In.SRC,38848,MOVE_TO_FIELDDATA,PLC/HMI/SCADA backup candidate
02. Project Backup/Factory A/PLC_W/Auto_1st.SRC,65312,MOVE_TO_FIELDDATA,PLC/HMI/SCADA backup candidate
02. Project Backup/Factory A/PLC_W/Auto_2nd.SRC,147488,MOVE_TO_FIELDDATA,PLC/HMI/SCADA backup candidate
02. Project Backup/Factory A/PLC_W/Auto_3nd.SRC,152048,MOVE_TO_FIELDDATA,PLC/HMI/SCADA backup candidate
02. Project Backup/Factory A/PLC_W/BAK/FBD/BACK_UPLOAD_FBPGM/20241227_184428/Pbt000.Up,64,MOVE_TO_FIELDDATA,PLC/HMI/SCADA backup candidate
02. Project Backup/Factory A/PLC_W/BAK/FBD/BACK_UPLOAD_FBPGM/20241227_184428/Pbt001.Up,64,MOVE_TO_FIELDDATA,PLC/HMI/SCADA backup candidate
02. Project Backup/Factory A/PLC_W/BAK/FBD/BACK_UPLOAD_FBPGM/20241227_184428/Pbt002.Up,64,MOVE_TO_FIELDDATA,PLC/HMI/SCADA backup candidate
02. Project Backup/Factory A/PLC_W/BAK/FBD/BACK_UPLOAD_FBPGM/20241227_184428/Pbt003.Up,64,MOVE_TO_FIELDDATA,PLC/HMI/SCADA backup candidate
02. Project Backup/Factory A/PLC_W/BAK/FBD/BACK_UPLOAD_FBPGM/20241227_184428/Pbt004.Up,64,MOVE_TO_FIELDDATA,PLC/HMI/SCADA backup candidate
02. Project Backup/Factory A/PLC_W/BAK/FBD/BACK_UPLOAD_FBPGM/20241227_184428/Pbt005.Up,64,MOVE_TO_FIELDDATA,PLC/HMI/SCADA backup candidate
02. Project Backup/Factory A/PLC_W/BAK/FBD/BACK_UPLOAD_FBPGM/20241227_184428/Pbt006.Up,64,MOVE_TO_FIELDDATA,PLC/HMI/SCADA backup candidate
02. Project Backup/Factory A/PLC_W/BAK/FBD/BACK_UPLOAD_FBPGM/20241227_184428/Pbt007.Up,64,MOVE_TO_FIELDDATA,PLC/HMI/SCADA backup candidate
02. Project Backup/Factory A/PLC_W/BAK/FBD/BACK_UPLOAD_FBPGM/20241227_184428/Pbt008.Up,64,MOVE_TO_FIELDDATA,PLC/HMI/SCADA backup candidate
02. Project Backup/Factory A/PLC_W/BAK/FBD/BACK_UPLOAD_FBPGM/20241227_184428/Pbt009.Up,64,MOVE_TO_FIELDDATA,PLC/HMI/SCADA backup candidate
02. Project Backup/Factory A/PLC_W/BAK/FBD/BACK_UPLOAD_FBPGM/20241227_184428/Pbt010.Up,64,MOVE_TO_FIELDDATA,PLC/HMI/SCADA backup candidate
02. Project Backup/Factory A/PLC_W/BAK/FBD/BACK_UPLOAD_FBPGM/20241227_184428/Pbt011.Up,64,MOVE_TO_FIELDDATA,PLC/HMI/SCADA backup candidate
02. Project Backup/Factory A/PLC_W/BAK/FBD/BACK_UPLOAD_FBPGM/20241227_184428/Pbt021.Up,64,MOVE_TO_FIELDDATA,PLC/HMI/SCADA backup candidate
02. Project Backup/Factory A/PLC_W/BAK/FBD/BACK_UPLOAD_FBPGM/20241227_184428/Pbt022.Up,64,MOVE_TO_FIELDDATA,PLC/HMI/SCADA backup candidate
02. Project Backup/Factory A/PLC_W/BAK/FBD/BACK_UPLOAD_FBPGM/20241227_184428/Pbt071.Up,64,MOVE_TO_FIELDDATA,PLC/HMI/SCADA backup candidate
02. Project Backup/Factory A/PLC_W/BAK/FBD/BACK_UPLOAD_FBPGM/20241227_184428/Pbt091.Up,64,MOVE_TO_FIELDDATA,PLC/HMI/SCADA backup candidate
02. Project Backup/Factory A/PLC_W/BAK/FBD/BACK_UPLOAD_FBPGM/20241227_184428/Pbt127.Up,64,MOVE_TO_FIELDDATA,PLC/HMI/SCADA backup candidate
02. Project Backup/Factory A/PLC_W/BAK/FBD/BACK_UPLOAD_FBPGM/20241227_184428/Pgm000.Up,1780,MOVE_TO_FIELDDATA,PLC/HMI/SCADA backup candidate
02. Project Backup/Factory A/PLC_W/BAK/FBD/BACK_UPLOAD_FBPGM/20241227_184428/Pgm001.Up,2440,MOVE_TO_FIELDDATA,PLC/HMI/SCADA backup candidate
02. Project Backup/Factory A/PLC_W/BAK/FBD/BACK_UPLOAD_FBPGM/20241227_184428/Pgm002.Up,1468,MOVE_TO_FIELDDATA,PLC/HMI/SCADA backup candidate
02. Project Backup/Factory A/PLC_W/BAK/FBD/BACK_UPLOAD_FBPGM/20241227_184428/Pgm003.Up,3364,MOVE_TO_FIELDDATA,PLC/HMI/SCADA backup candidate
02. Project Backup/Factory A/PLC_W/BAK/FBD/BACK_UPLOAD_FBPGM/20241227_184428/Pgm004.Up,2680,MOVE_TO_FIELDDATA,PLC/HMI/SCADA backup candidate
02. Project Backup/Factory A/PLC_W/BAK/FBD/BACK_UPLOAD_FBPGM/20241227_184428/Pgm005.Up,164,MOVE_TO_FIELDDATA,PLC/HMI/SCADA backup candidate
02. Project Backup/Factory A/PLC_W/BAK/FBD/BACK_UPLOAD_FBPGM/20241227_184428/Pgm006.Up,188,MOVE_TO_FIELDDATA,PLC/HMI/SCADA backup candidate
02. Project Backup/Factory A/PLC_W/BAK/FBD/BACK_UPLOAD_FBPGM/20241227_184428/Pgm007.Up,39192,MOVE_TO_FIELDDATA,PLC/HMI/SCADA backup candidate
02. Project Backup/Factory A/PLC_W/BAK/FBD/BACK_UPLOAD_FBPGM/20241227_184428/Pgm008.Up,48,MOVE_TO_FIELDDATA,PLC/HMI/SCADA backup candidate
02. Project Backup/Factory A/PLC_W/BAK/FBD/BACK_UPLOAD_FBPGM/20241227_184428/Pgm009.Up,48,MOVE_TO_FIELDDATA,PLC/HMI/SCADA backup candidate
02. Project Backup/Factory A/PLC_W/BAK/FBD/BACK_UPLOAD_FBPGM/20241227_184428/Pgm010.Up,48,MOVE_TO_FIELDDATA,PLC/HMI/SCADA backup candidate
02. Project Backup/Factory A/PLC_W/BAK/FBD/BACK_UPLOAD_FBPGM/20241227_184428/Pgm011.Up,48,MOVE_TO_FIELDDATA,PLC/HMI/SCADA backup candidate
02. Project Backup/Factory A/PLC_W/BAK/FBD/BACK_UPLOAD_FBPGM/20241227_184428/Pgm021.Up,808,MOVE_TO_FIELDDATA,PLC/HMI/SCADA backup candidate
02. Project Backup/Factory A/PLC_W/BAK/FBD/BACK_UPLOAD_FBPGM/20241227_184428/Pgm022.Up,2488,MOVE_TO_FIELDDATA,PLC/HMI/SCADA backup candidate
02. Project Backup/Factory A/PLC_W/BAK/FBD/BACK_UPLOAD_FBPGM/20241227_184428/Pgm071.Up,11860,MOVE_TO_FIELDDATA,PLC/HMI/SCADA backup candidate
02. Project Backup/Factory A/PLC_W/BAK/FBD/BACK_UPLOAD_FBPGM/20241227_184428/Pgm091.Up,1112,MOVE_TO_FIELDDATA,PLC/HMI/SCADA backup candidate
02. Project Backup/Factory A/PLC_W/BAK/FBD/BACK_UPLOAD_FBPGM/20241227_184428/Pgm127.Up,836,MOVE_TO_FIELDDATA,PLC/HMI/SCADA backup candidate
02. Project Backup/Factory A/PLC_W/BAK/INFO/PLC_W_20160831182531S.FBI,265440,MOVE_TO_FIELDDATA,PLC/HMI/SCADA backup candidate
02. Project Backup/Factory A/PLC_W/BAK/INFO/PLC_W_20160831182813S.FBI,265440,MOVE_TO_FIELDDATA,PLC/HMI/SCADA backup candidate
02. Project Backup/Factory A/PLC_W/BAK/INFO/PLC_W_20160831184954S.FBI,265440,MOVE_TO_FIELDDATA,PLC/HMI/SCADA backup candidate
02. Project Backup/Factory A/PLC_W/BAK/INFO/PLC_W_20160831185056S.FBI,265440,MOVE_TO_FIELDDATA,PLC/HMI/SCADA backup candidate
02. Project Backup/Factory A/PLC_W/BAK/INFO/PLC_W_20160909181924S.FBI,265440,MOVE_TO_FIELDDATA,PLC/HMI/SCADA backup candidate
02. Project Backup/Factory A/PLC_W/BAK/INFO/PLC_W_20241227184446S.FBI,265440,MOVE_TO_FIELDDATA,PLC/HMI/SCADA backup candidate
02. Project Backup/Factory A/PLC_W/BAK/INFO/PLC_W_20241227184540S.FBI,265440,MOVE_TO_FIELDDATA,PLC/HMI/SCADA backup candidate
02. Project Backup/Factory A/PLC_W/BAK/PGM/PLC_W.1722590069S.VAR,3424,MOVE_TO_FIELDDATA,PLC/HMI/SCADA backup candidate
02. Project Backup/Factory A/PLC_W/CMTPGM000.SRC,39278,MOVE_TO_FIELDDATA,PLC/HMI/SCADA backup candidate
02. Project Backup/Factory A/PLC_W/CMTPGM001.SRC,134,MOVE_TO_FIELDDATA,PLC/HMI/SCADA backup candidate
02. Project Backup/Factory A/PLC_W/CMTPGM002.SRC,134,MOVE_TO_FIELDDATA,PLC/HMI/SCADA backup candidate
02. Project Backup/Factory A/PLC_W/CMTPGM003.SRC,134,MOVE_TO_FIELDDATA,PLC/HMI/SCADA backup candidate
02. Project Backup/Factory A/PLC_W/CMTPGM004.SRC,134,MOVE_TO_FIELDDATA,PLC/HMI/SCADA backup candidate
02. Project Backup/Factory A/PLC_W/Digital_A_M.SRC,926944,MOVE_TO_FIELDDATA,PLC/HMI/SCADA backup candidate
02. Project Backup/Factory A/PLC_W/Digital_In.SRC,206656,MOVE_TO_FIELDDATA,PLC/HMI/SCADA backup candidate
02. Project Backup/Factory A/PLC_W/Digital_Out.SRC,93952,MOVE_TO_FIELDDATA,PLC/HMI/SCADA backup candidate
02. Project Backup/Factory A/PLC_W/Flow_Total.SRC,8624,MOVE_TO_FIELDDATA,PLC/HMI/SCADA backup candidate
02. Project Backup/Factory A/PLC_W/Init.SRC,73248,MOVE_TO_FIELDDATA,PLC/HMI/SCADA backup candidate
02. Project Backup/Factory A/PLC_W/PgmFbBackGnd.SRC,5568,MOVE_TO_FIELDDATA,PLC/HMI/SCADA backup candidate
02. Project Backup/Factory A/PLC_W/PLC_W.CLG,5966,MOVE_TO_FIELDDATA,PLC/HMI/SCADA backup candidate
02. Project Backup/Factory A/PLC_W/PLC_W.DAM,6081,MOVE_TO_FIELDDATA,PLC/HMI/SCADA backup candidate
02. Project Backup/Factory A/PLC_W/PLC_W.FBI,265440,MOVE_TO_FIELDDATA,PLC/HMI/SCADA backup candidate
02. Project Backup/Factory A/PLC_W/PLC_W.PAR,12352,MOVE_TO_FIELDDATA,PLC/HMI/SCADA backup candidate
02. Project Backup/Factory A/PLC_W/PLC_W.PDM,0,MOVE_TO_FIELDDATA,PLC/HMI/SCADA backup candidate
02. Project Backup/Factory A/PLC_W/PLC_W.PLC,2096,MOVE_TO_FIELDDATA,PLC/HMI/SCADA backup candidate
02. Project Backup/Factory A/PLC_W/PLC_W.PPI,330,MOVE_TO_FIELDDATA,PLC/HMI/SCADA backup candidate
02. Project Backup/Factory A/PLC_W/PLC_W.VAR,3408,MOVE_TO_FIELDDATA,PLC/HMI/SCADA backup candidate
02. Project Backup/Factory A/PLC_W/PLC_W/PLC_W.CLG,1060,MOVE_TO_FIELDDATA,PLC/HMI/SCADA backup candidate
02. Project Backup/Factory A/PLC_W/Upload/Pbt000.Up,64,MOVE_TO_FIELDDATA,PLC/HMI/SCADA backup candidate
02. Project Backup/Factory B/SSV_HVAC/ApiLog/lock,0,MOVE_TO_FIELDDATA,PLC/HMI/SCADA backup candidate
02. Project Backup/Factory B/SSV_HVAC/ApiLog/LogIDs,8,MOVE_TO_FIELDDATA,PLC/HMI/SCADA backup candidate
02. Project Backup/Factory B/SSV_HVAC/ApiLog/Step7Bas.ver,4284,MOVE_TO_FIELDDATA,PLC/HMI/SCADA backup candidate
02. Project Backup/Factory B/SSV_HVAC/ApiLog/Types,1513,MOVE_TO_FIELDDATA,PLC/HMI/SCADA backup candidate
02. Project Backup/Factory B/SSV_HVAC/CONN/CO_1/homolock,0,MOVE_TO_FIELDDATA,PLC/HMI/SCADA backup candidate
02. Project Backup/Factory B/SSV_HVAC/CONN/CO_1/VerbHomo.dat,12,MOVE_TO_FIELDDATA,PLC/HMI/SCADA backup candidate
02. Project Backup/Factory B/SSV_HVAC/CONN/CO_11/HOMOLINK.dbf,4608,MOVE_TO_FIELDDATA,PLC/HMI/SCADA backup candidate
02. Project Backup/Factory B/SSV_HVAC/CONN/CO_11/homolock,0,MOVE_TO_FIELDDATA,PLC/HMI/SCADA backup candidate
02. Project Backup/Factory B/SSV_HVAC/CONN/CO_11/HOMOVERB.DBF,5402,MOVE_TO_FIELDDATA,PLC/HMI/SCADA backup candidate
02. Project Backup/Factory B/SSV_HVAC/CONN/CO_11/HOMOVERB.MDX,4096,MOVE_TO_FIELDDATA,PLC/HMI/SCADA backup candidate
02. Project Backup/Factory B/SSV_HVAC/CONN/CO_11/HOMOVERB.PRO,4,MOVE_TO_FIELDDATA,PLC/HMI/SCADA backup candidate
02. Project Backup/Factory B/SSV_HVAC/CONN/CO_11/HOMTABV4.DBF,3378,MOVE_TO_FIELDDATA,PLC/HMI/SCADA backup candidate
02. Project Backup/Factory B/SSV_HVAC/CONN/CO_11/HOMTABV4.MDX,4096,MOVE_TO_FIELDDATA,PLC/HMI/SCADA backup candidate
02. Project Backup/Factory B/SSV_HVAC/CONN/CO_11/HOMTABV5.DBF,16616,MOVE_TO_FIELDDATA,PLC/HMI/SCADA backup candidate
02. Project Backup/Factory B/SSV_HVAC/CONN/CO_11/HOMTABV5.MDX,4096,MOVE_TO_FIELDDATA,PLC/HMI/SCADA backup candidate
02. Project Backup/Factory B/SSV_HVAC/CONN/CO_11/VerbHomo.dat,12,MOVE_TO_FIELDDATA,PLC/HMI/SCADA backup candidate
02. Project Backup/Factory B/SSV_HVAC/CONN/CO_12/HOMOLINK.dbf,4608,MOVE_TO_FIELDDATA,PLC/HMI/SCADA backup candidate
02. Project Backup/Factory B/SSV_HVAC/CONN/CO_12/homolock,0,MOVE_TO_FIELDDATA,PLC/HMI/SCADA backup candidate
02. Project Backup/Factory B/SSV_HVAC/CONN/CO_12/HOMOVERB.DBF,5402,MOVE_TO_FIELDDATA,PLC/HMI/SCADA backup candidate
02. Project Backup/Factory B/SSV_HVAC/CONN/CO_12/HOMOVERB.MDX,4096,MOVE_TO_FIELDDATA,PLC/HMI/SCADA backup candidate
02. Project Backup/Factory B/SSV_HVAC/CONN/CO_12/HOMOVERB.PRO,4,MOVE_TO_FIELDDATA,PLC/HMI/SCADA backup candidate
02. Project Backup/Factory B/SSV_HVAC/CONN/CO_12/HOMTABV4.DBF,3378,MOVE_TO_FIELDDATA,PLC/HMI/SCADA backup candidate
02. Project Backup/Factory B/SSV_HVAC/CONN/CO_12/HOMTABV4.MDX,4096,MOVE_TO_FIELDDATA,PLC/HMI/SCADA backup candidate
02. Project Backup/Factory B/SSV_HVAC/CONN/CO_12/HOMTABV5.DBF,16616,MOVE_TO_FIELDDATA,PLC/HMI/SCADA backup candidate
02. Project Backup/Factory B/SSV_HVAC/CONN/CO_12/HOMTABV5.MDX,4096,MOVE_TO_FIELDDATA,PLC/HMI/SCADA backup candidate
02. Project Backup/Factory B/SSV_HVAC/CONN/CO_12/VerbHomo.dat,12,MOVE_TO_FIELDDATA,PLC/HMI/SCADA backup candidate
02. Project Backup/Factory B/SSV_HVAC/CONN/CO_15/VerbHomo.dat,12,MOVE_TO_FIELDDATA,PLC/HMI/SCADA backup candidate
02. Project Backup/Factory B/SSV_HVAC/CONN/CO_16/VerbHomo.dat,12,MOVE_TO_FIELDDATA,PLC/HMI/SCADA backup candidate
02. Project Backup/Factory B/SSV_HVAC/CONN/CO_17/VerbHomo.dat,12,MOVE_TO_FIELDDATA,PLC/HMI/SCADA backup candidate
02. Project Backup/Factory B/SSV_HVAC/CONN/CO_2/homolock,0,MOVE_TO_FIELDDATA,PLC/HMI/SCADA backup candidate
02. Project Backup/Factory B/SSV_HVAC/CONN/CO_2/VerbHomo.dat,12,MOVE_TO_FIELDDATA,PLC/HMI/SCADA backup candidate
02. Project Backup/Factory B/SSV_HVAC/CONN/CO_20/VerbHomo.dat,12,MOVE_TO_FIELDDATA,PLC/HMI/SCADA backup candidate
02. Project Backup/Factory B/SSV_HVAC/CONN/CO_22/VerbHomo.dat,12,MOVE_TO_FIELDDATA,PLC/HMI/SCADA backup candidate
02. Project Backup/Factory B/SSV_HVAC/CONN/CO_3/VerbHomo.dat,12,MOVE_TO_FIELDDATA,PLC/HMI/SCADA backup candidate
02. Project Backup/Factory B/SSV_HVAC/CONN/CO_4/homolock,0,MOVE_TO_FIELDDATA,PLC/HMI/SCADA backup candidate
02. Project Backup/Factory B/SSV_HVAC/CONN/CO_4/VerbHomo.dat,12,MOVE_TO_FIELDDATA,PLC/HMI/SCADA backup candidate
02. Project Backup/Factory B/SSV_HVAC/CONN/CO_5/homolock,0,MOVE_TO_FIELDDATA,PLC/HMI/SCADA backup candidate
02. Project Backup/Factory B/SSV_HVAC/CONN/CO_5/VerbHomo.dat,12,MOVE_TO_FIELDDATA,PLC/HMI/SCADA backup candidate
02. Project Backup/Factory B/SSV_HVAC/CONN/CO_6/homolock,0,MOVE_TO_FIELDDATA,PLC/HMI/SCADA backup candidate
02. Project Backup/Factory B/SSV_HVAC/CONN/CO_6/VerbHomo.dat,12,MOVE_TO_FIELDDATA,PLC/HMI/SCADA backup candidate
02. Project Backup/Factory B/SSV_HVAC/CONN/CO_7/homolock,0,MOVE_TO_FIELDDATA,PLC/HMI/SCADA backup candidate
02. Project Backup/Factory B/SSV_HVAC/CONN/CO_7/VerbHomo.dat,12,MOVE_TO_FIELDDATA,PLC/HMI/SCADA backup candidate
02. Project Backup/Factory B/SSV_HVAC/CONN/CO_8/homolock,0,MOVE_TO_FIELDDATA,PLC/HMI/SCADA backup candidate
02. Project Backup/Factory B/SSV_HVAC/CONN/CO_8/VerbHomo.dat,12,MOVE_TO_FIELDDATA,PLC/HMI/SCADA backup candidate
02. Project Backup/Factory B/SSV_HVAC/CONN/LINKVL.dbf,6656,MOVE_TO_FIELDDATA,PLC/HMI/SCADA backup candidate
02. Project Backup/Factory B/SSV_HVAC/CONN/LOCKVL.LCK,0,MOVE_TO_FIELDDATA,PLC/HMI/SCADA backup candidate
02. Project Backup/Factory B/SSV_HVAC/CONN/VERBLIST.PRO,4,MOVE_TO_FIELDDATA,PLC/HMI/SCADA backup candidate
02. Project Backup/Factory B/SSV_HVAC/CONN/VERBTAB.DBF,8682,MOVE_TO_FIELDDATA,PLC/HMI/SCADA backup candidate
02. Project Backup/Factory B/SSV_HVAC/CONN/VERBTAB.MDX,4096,MOVE_TO_FIELDDATA,PLC/HMI/SCADA backup candidate
02. Project Backup/Factory B/SSV_HVAC/CONN/VLTAB53.DBF,6092,MOVE_TO_FIELDDATA,PLC/HMI/SCADA backup candidate
02. Project Backup/Factory B/SSV_HVAC/CONN/VLTAB53.MDX,4096,MOVE_TO_FIELDDATA,PLC/HMI/SCADA backup candidate
02. Project Backup/Factory B/SSV_HVAC/Global/141099_1_dp_asi.txt,0,MOVE_TO_FIELDDATA,PLC/HMI/SCADA backup candidate
02. Project Backup/Factory B/SSV_HVAC/Global/141099_1.txt,492,MOVE_TO_FIELDDATA,PLC/HMI/SCADA backup candidate
02. Project Backup/Factory B/SSV_HVAC/Global/141099_10_dp_asi.txt,0,MOVE_TO_FIELDDATA,PLC/HMI/SCADA backup candidate
02. Project Backup/Factory B/SSV_HVAC/Global/141099_10.txt,123,MOVE_TO_FIELDDATA,PLC/HMI/SCADA backup candidate
02. Project Backup/Factory B/SSV_HVAC/Global/141099_13_dp_asi.txt,0,MOVE_TO_FIELDDATA,PLC/HMI/SCADA backup candidate
02. Project Backup/Factory B/SSV_HVAC/Global/141099_13.txt,123,MOVE_TO_FIELDDATA,PLC/HMI/SCADA backup candidate
02. Project Backup/Factory B/SSV_HVAC/Global/141099_16_dp_asi.txt,0,MOVE_TO_FIELDDATA,PLC/HMI/SCADA backup candidate
02. Project Backup/Factory B/SSV_HVAC/Global/141099_16.txt,123,MOVE_TO_FIELDDATA,PLC/HMI/SCADA backup candidate
02. Project Backup/Factory B/SSV_HVAC/Global/141099_1d_dp_asi.txt,0,MOVE_TO_FIELDDATA,PLC/HMI/SCADA backup candidate
02. Project Backup/Factory B/SSV_HVAC/Global/141099_1d.txt,779,MOVE_TO_FIELDDATA,PLC/HMI/SCADA backup candidate
02. Project Backup/Factory B/SSV_HVAC/Global/141099_20_dp_asi.txt,0,MOVE_TO_FIELDDATA,PLC/HMI/SCADA backup candidate
02. Project Backup/Factory B/SSV_HVAC/Global/141099_20.txt,41,MOVE_TO_FIELDDATA,PLC/HMI/SCADA backup candidate
02. Project Backup/Factory B/SSV_HVAC/Global/141099_26_dp_asi.txt,0,MOVE_TO_FIELDDATA,PLC/HMI/SCADA backup candidate
02. Project Backup/Factory B/SSV_HVAC/Global/141099_26.txt,82,MOVE_TO_FIELDDATA,PLC/HMI/SCADA backup candidate
02. Project Backup/Factory B/SSV_HVAC/Global/141099_29_dp_asi.txt,0,MOVE_TO_FIELDDATA,PLC/HMI/SCADA backup candidate
02. Project Backup/Factory B/SSV_HVAC/Global/141099_29.txt,123,MOVE_TO_FIELDDATA,PLC/HMI/SCADA backup candidate
02. Project Backup/Factory B/SSV_HVAC/Global/141099_32_dp_asi.txt,0,MOVE_TO_FIELDDATA,PLC/HMI/SCADA backup candidate
02. Project Backup/Factory B/SSV_HVAC/Global/141099_32.txt,41,MOVE_TO_FIELDDATA,PLC/HMI/SCADA backup candidate
02. Project Backup/Factory B/SSV_HVAC/Global/141099_35_dp_asi.txt,0,MOVE_TO_FIELDDATA,PLC/HMI/SCADA backup candidate
02. Project Backup/Factory B/SSV_HVAC/Global/141099_35.txt,82,MOVE_TO_FIELDDATA,PLC/HMI/SCADA backup candidate
02. Project Backup/Factory B/SSV_HVAC/Global/141099_4_dp_asi.txt,0,MOVE_TO_FIELDDATA,PLC/HMI/SCADA backup candidate
02. Project Backup/Factory B/SSV_HVAC/Global/141099_4.txt,164,MOVE_TO_FIELDDATA,PLC/HMI/SCADA backup candidate
02. Project Backup/Factory B/SSV_HVAC/Global/141099_44_dp_asi.txt,0,MOVE_TO_FIELDDATA,PLC/HMI/SCADA backup candidate
02. Project Backup/Factory B/SSV_HVAC/Global/141099_44.txt,82,MOVE_TO_FIELDDATA,PLC/HMI/SCADA backup candidate
02. Project Backup/Factory B/SSV_HVAC/Global/141099_7_dp_asi.txt,0,MOVE_TO_FIELDDATA,PLC/HMI/SCADA backup candidate
02. Project Backup/Factory B/SSV_HVAC/Global/141099_7.txt,123,MOVE_TO_FIELDDATA,PLC/HMI/SCADA backup candidate
02. Project Backup/Factory B/SSV_HVAC/Global/141099_a_dp_asi.txt,0,MOVE_TO_FIELDDATA,PLC/HMI/SCADA backup candidate
02. Project Backup/Factory B/SSV_HVAC/Global/141099_a.txt,451,MOVE_TO_FIELDDATA,PLC/HMI/SCADA backup candidate
02. Project Backup/Factory B/SSV_HVAC/Global/141099_d_dp_asi.txt,0,MOVE_TO_FIELDDATA,PLC/HMI/SCADA backup candidate
02. Project Backup/Factory B/SSV_HVAC/Global/141099_d.txt,205,MOVE_TO_FIELDDATA,PLC/HMI/SCADA backup candidate
02. Project Backup/Factory B/SSV_HVAC/Global/colorder.dat,96,MOVE_TO_FIELDDATA,PLC/HMI/SCADA backup candidate
02. Project Backup/Factory B/SSV_HVAC/Global/colwidth.dat,96,MOVE_TO_FIELDDATA,PLC/HMI/SCADA backup candidate
02. Project Backup/Factory B/SSV_HVAC/Global/Font_1,35,MOVE_TO_FIELDDATA,PLC/HMI/SCADA backup candidate
02. Project Backup/Factory B/SSV_HVAC/Global/Font_2,33,MOVE_TO_FIELDDATA,PLC/HMI/SCADA backup candidate
02. Project Backup/Factory B/SSV_HVAC/Global/Language,40,MOVE_TO_FIELDDATA,PLC/HMI/SCADA backup candidate
02. Project Backup/Factory B/SSV_HVAC/Global/MkProfil/Administrator/MakeLog/Compile and Download Objects,620,MOVE_TO_FIELDDATA,PLC/HMI/SCADA backup candidate
02. Project Backup/Factory B/SSV_HVAC/Global/MkProfil/Administrator/MakeLog/Compile/00116001/00000005.log,6931,MOVE_TO_FIELDDATA,PLC/HMI/SCADA backup candidate
02. Project Backup/Factory B/SSV_HVAC/Global/MkProfil/Administrator/MakeLog/Compile/00116001/MakeErrors.log,1564,MOVE_TO_FIELDDATA,PLC/HMI/SCADA backup candidate
02. Project Backup/Factory B/SSV_HVAC/Global/MkProfil/Administrator/MakeLog/Compile/00145301/00000005.log,906,MOVE_TO_FIELDDATA,PLC/HMI/SCADA backup candidate
02. Project Backup/Factory B/SSV_HVAC/Global/MkProfil/Administrator/MakeLog/Compile/S7amkprj.log,299,MOVE_TO_FIELDDATA,PLC/HMI/SCADA backup candidate
02. Project Backup/Factory B/SSV_HVAC/Global/MkProfil/Administrator/MakeLog/Load/00116001/00000005.log,489,MOVE_TO_FIELDDATA,PLC/HMI/SCADA backup candidate
02. Project Backup/Factory B/SSV_HVAC/Global/MkProfil/Administrator/MakeLog/Load/00116001/LoadErrors.log,161,MOVE_TO_FIELDDATA,PLC/HMI/SCADA backup candidate
02. Project Backup/Factory B/SSV_HVAC/Global/MkProfil/Administrator/MakeLog/Load/S7amkprj.log,321,MOVE_TO_FIELDDATA,PLC/HMI/SCADA backup candidate
02. Project Backup/Factory B/SSV_HVAC/Global/MkProfil/HMI1/Administrator/s7amkapx.dat,198,MOVE_TO_FIELDDATA,PLC/HMI/SCADA backup candidate
02. Project Backup/Factory B/SSV_HVAC/Global/MkProfil/HMI1/Administrator/s7amkexx.dat,244,MOVE_TO_FIELDDATA,PLC/HMI/SCADA backup candidate
02. Project Backup/Factory B/SSV_HVAC/Global/PROJECTVERSION.umf,10,MOVE_TO_FIELDDATA,PLC/HMI/SCADA backup candidate
02. Project Backup/Factory B/SSV_HVAC/Global/S7hCompressedMetadata.cmf,4457,MOVE_TO_FIELDDATA,PLC/HMI/SCADA backup candidate
02. Project Backup/Factory B/SSV_HVAC/Global/S7hMetaData.umf,25513,MOVE_TO_FIELDDATA,PLC/HMI/SCADA backup candidate
02. Project Backup/Factory B/SSV_HVAC/Global/s7lst/langexch.txt,0,MOVE_TO_FIELDDATA,PLC/HMI/SCADA backup candidate
02. Project Backup/Factory B/SSV_HVAC/Global/s7netpro.npa,1888,MOVE_TO_FIELDDATA,PLC/HMI/SCADA backup candidate
02. Project Backup/Factory B/SSV_HVAC/Global/s7netpro.wnd,140,MOVE_TO_FIELDDATA,PLC/HMI/SCADA backup candidate
02. Project Backup/Factory B/SSV_HVAC/hOmSave7/s7h0074x/HATTARY1.DBF,524,MOVE_TO_FIELDDATA,PLC/HMI/SCADA backup candidate
02. Project Backup/Factory B/SSV_HVAC/hOmSave7/s7h0074x/HATTARY1.DBT,3584,MOVE_TO_FIELDDATA,PLC/HMI/SCADA backup candidate
02. Project Backup/Factory B/SSV_HVAC/hOmSave7/s7h0074x/HATTARY1.MDX,4096,MOVE_TO_FIELDDATA,PLC/HMI/SCADA backup candidate
02. Project Backup/Factory B/SSV_HVAC/hOmSave7/s7h0074x/HATTRIB1.DBF,7786,MOVE_TO_FIELDDATA,PLC/HMI/SCADA backup candidate
02. Project Backup/Factory B/SSV_HVAC/hOmSave7/s7h0074x/HATTRIB1.MDX,6144,MOVE_TO_FIELDDATA,PLC/HMI/SCADA backup candidate
02. Project Backup/Factory B/SSV_HVAC/hOmSave7/s7h0074x/HATTRME1.DBF,1482,MOVE_TO_FIELDDATA,PLC/HMI/SCADA backup candidate
02. Project Backup/Factory B/SSV_HVAC/hOmSave7/s7h0074x/HATTRME1.DBT,15872,MOVE_TO_FIELDDATA,PLC/HMI/SCADA backup candidate
02. Project Backup/Factory B/SSV_HVAC/hOmSave7/s7h0074x/HATTRME1.MDX,6144,MOVE_TO_FIELDDATA,PLC/HMI/SCADA backup candidate
02. Project Backup/Factory B/SSV_HVAC/hOmSave7/s7h0074x/HLASTID2.DBF,336,MOVE_TO_FIELDDATA,PLC/HMI/SCADA backup candidate
02. Project Backup/Factory B/SSV_HVAC/hOmSave7/s7h0074x/hLockID1,0,MOVE_TO_FIELDDATA,PLC/HMI/SCADA backup candidate
02. Project Backup/Factory B/SSV_HVAC/hOmSave7/s7h0074x/HOBJECT1.DBF,3640,MOVE_TO_FIELDDATA,PLC/HMI/SCADA backup candidate
02. Project Backup/Factory B/SSV_HVAC/hOmSave7/s7h0074x/HOBJECT1.MDX,4096,MOVE_TO_FIELDDATA,PLC/HMI/SCADA backup candidate
02. Project Backup/Factory B/SSV_HVAC/hOmSave7/s7h0074x/HRELATI1.DBF,1194,MOVE_TO_FIELDDATA,PLC/HMI/SCADA backup candidate
02. Project Backup/Factory B/SSV_HVAC/hOmSave7/s7h0074x/HRELATI1.MDX,6144,MOVE_TO_FIELDDATA,PLC/HMI/SCADA backup candidate
02. Project Backup/Factory B/SSV_HVAC/hOmSave7/s7hdevnx/HATTARY1.DBF,1624,MOVE_TO_FIELDDATA,PLC/HMI/SCADA backup candidate
02. Project Backup/Factory B/SSV_HVAC/hOmSave7/s7hdevnx/HATTARY1.DBT,13824,MOVE_TO_FIELDDATA,PLC/HMI/SCADA backup candidate
02. Project Backup/Factory B/SSV_HVAC/hOmSave7/s7hdevnx/HATTARY1.MDX,4096,MOVE_TO_FIELDDATA,PLC/HMI/SCADA backup candidate
02. Project Backup/Factory B/SSV_HVAC/hOmSave7/s7hdevnx/HATTRIB1.DBF,65746,MOVE_TO_FIELDDATA,PLC/HMI/SCADA backup candidate
02. Project Backup/Factory B/SSV_HVAC/hOmSave7/s7hdevnx/HATTRIB1.MDX,16384,MOVE_TO_FIELDDATA,PLC/HMI/SCADA backup candidate
02. Project Backup/Factory B/SSV_HVAC/hOmSave7/s7hdevnx/HATTRME1.DBF,1306,MOVE_TO_FIELDDATA,PLC/HMI/SCADA backup candidate
02. Project Backup/Factory B/SSV_HVAC/hOmSave7/s7hdevnx/HATTRME1.DBT,13824,MOVE_TO_FIELDDATA,PLC/HMI/SCADA backup candidate
02. Project Backup/Factory B/SSV_HVAC/hOmSave7/s7hdevnx/HATTRME1.MDX,6144,MOVE_TO_FIELDDATA,PLC/HMI/SCADA backup candidate
02. Project Backup/Factory B/SSV_HVAC/hOmSave7/s7hdevnx/HLASTID2.DBF,336,MOVE_TO_FIELDDATA,PLC/HMI/SCADA backup candidate
02. Project Backup/Factory B/SSV_HVAC/hOmSave7/s7hdevnx/hLockID1,0,MOVE_TO_FIELDDATA,PLC/HMI/SCADA backup candidate
02. Project Backup/Factory B/SSV_HVAC/hOmSave7/s7hdevnx/HOBJECT1.DBF,13740,MOVE_TO_FIELDDATA,PLC/HMI/SCADA backup candidate
02. Project Backup/Factory B/SSV_HVAC/hOmSave7/s7hdevnx/HOBJECT1.MDX,4096,MOVE_TO_FIELDDATA,PLC/HMI/SCADA backup candidate
02. Project Backup/Factory B/SSV_HVAC/hOmSave7/s7hdevnx/HRELATI1.DBF,6030,MOVE_TO_FIELDDATA,PLC/HMI/SCADA backup candidate
02. Project Backup/Factory B/SSV_HVAC/hOmSave7/s7hdevnx/HRELATI1.MDX,13312,MOVE_TO_FIELDDATA,PLC/HMI/SCADA backup candidate
02. Project Backup/Factory B/SSV_HVAC/hOmSave7/S7HDPSSX/HATTARY1.DBF,1184,MOVE_TO_FIELDDATA,PLC/HMI/SCADA backup candidate
02. Project Backup/Factory B/SSV_HVAC/hOmSave7/S7HDPSSX/HATTARY1.DBT,9728,MOVE_TO_FIELDDATA,PLC/HMI/SCADA backup candidate
02. Project Backup/Factory B/SSV_HVAC/hOmSave7/S7HDPSSX/HATTARY1.MDX,4096,MOVE_TO_FIELDDATA,PLC/HMI/SCADA backup candidate
02. Project Backup/Factory B/SSV_HVAC/hOmSave7/S7HDPSSX/HATTRIB1.DBF,79606,MOVE_TO_FIELDDATA,PLC/HMI/SCADA backup candidate
02. Project Backup/Factory B/SSV_HVAC/hOmSave7/S7HDPSSX/HATTRIB1.MDX,20480,MOVE_TO_FIELDDATA,PLC/HMI/SCADA backup candidate
02. Project Backup/Factory B/SSV_HVAC/hOmSave7/S7HDPSSX/HATTRME1.DBF,162,MOVE_TO_FIELDDATA,PLC/HMI/SCADA backup candidate
02. Project Backup/Factory B/SSV_HVAC/hOmSave7/S7HDPSSX/HATTRME1.DBT,24,MOVE_TO_FIELDDATA,PLC/HMI/SCADA backup candidate
02. Project Backup/Factory B/SSV_HVAC/hOmSave7/S7HDPSSX/HATTRME1.MDX,6144,MOVE_TO_FIELDDATA,PLC/HMI/SCADA backup candidate
02. Project Backup/Factory B/SSV_HVAC/hOmSave7/S7HDPSSX/HLASTID2.DBF,336,MOVE_TO_FIELDDATA,PLC/HMI/SCADA backup candidate
02. Project Backup/Factory B/SSV_HVAC/hOmSave7/S7HDPSSX/hLockID1,0,MOVE_TO_FIELDDATA,PLC/HMI/SCADA backup candidate
02. Project Backup/Factory B/SSV_HVAC/hOmSave7/S7HDPSSX/HOBJECT1.DBF,9700,MOVE_TO_FIELDDATA,PLC/HMI/SCADA backup candidate
02. Project Backup/Factory B/SSV_HVAC/hOmSave7/S7HDPSSX/HOBJECT1.MDX,4096,MOVE_TO_FIELDDATA,PLC/HMI/SCADA backup candidate
02. Project Backup/Factory B/SSV_HVAC/hOmSave7/S7HDPSSX/HRELATI1.DBF,6030,MOVE_TO_FIELDDATA,PLC/HMI/SCADA backup candidate
02. Project Backup/Factory B/SSV_HVAC/hOmSave7/S7HDPSSX/HRELATI1.MDX,12288,MOVE_TO_FIELDDATA,PLC/HMI/SCADA backup candidate
02. Project Backup/Factory B/SSV_HVAC/hOmSave7/S7HK15AX/HATTARY1.DBF,1624,MOVE_TO_FIELDDATA,PLC/HMI/SCADA backup candidate
02. Project Backup/Factory B/SSV_HVAC/hOmSave7/S7HK15AX/HATTARY1.DBT,13824,MOVE_TO_FIELDDATA,PLC/HMI/SCADA backup candidate
02. Project Backup/Factory B/SSV_HVAC/hOmSave7/S7HK15AX/HATTARY1.MDX,4096,MOVE_TO_FIELDDATA,PLC/HMI/SCADA backup candidate
02. Project Backup/Factory B/SSV_HVAC/hOmSave7/S7HK15AX/HATTRIB1.DBF,41176,MOVE_TO_FIELDDATA,PLC/HMI/SCADA backup candidate
02. Project Backup/Factory B/SSV_HVAC/hOmSave7/S7HK15AX/HATTRIB1.MDX,12288,MOVE_TO_FIELDDATA,PLC/HMI/SCADA backup candidate
02. Project Backup/Factory B/SSV_HVAC/hOmSave7/S7HK15AX/HATTRME1.DBF,3594,MOVE_TO_FIELDDATA,PLC/HMI/SCADA backup candidate
02. Project Backup/Factory B/SSV_HVAC/hOmSave7/S7HK15AX/HATTRME1.DBT,40448,MOVE_TO_FIELDDATA,PLC/HMI/SCADA backup candidate
02. Project Backup/Factory B/SSV_HVAC/hOmSave7/S7HK15AX/HATTRME1.MDX,11264,MOVE_TO_FIELDDATA,PLC/HMI/SCADA backup candidate
02. Project Backup/Factory B/SSV_HVAC/hOmSave7/S7HK15AX/HLASTID2.DBF,336,MOVE_TO_FIELDDATA,PLC/HMI/SCADA backup candidate
02. Project Backup/Factory B/SSV_HVAC/hOmSave7/S7HK15AX/hLockID1,0,MOVE_TO_FIELDDATA,PLC/HMI/SCADA backup candidate
02. Project Backup/Factory B/SSV_HVAC/hOmSave7/S7HK15AX/HOBJECT1.DBF,13740,MOVE_TO_FIELDDATA,PLC/HMI/SCADA backup candidate
02. Project Backup/Factory B/SSV_HVAC/hOmSave7/S7HK15AX/HOBJECT1.MDX,4096,MOVE_TO_FIELDDATA,PLC/HMI/SCADA backup candidate
02. Project Backup/Factory B/SSV_HVAC/hOmSave7/S7HK15AX/HRELATI1.DBF,10398,MOVE_TO_FIELDDATA,PLC/HMI/SCADA backup candidate
02. Project Backup/Factory B/SSV_HVAC/hOmSave7/S7HK15AX/HRELATI1.MDX,16384,MOVE_TO_FIELDDATA,PLC/HMI/SCADA backup candidate
02. Project Backup/Factory B/SSV_HVAC/hOmSave7/S7HK31AX/HATTARY1.DBF,1184,MOVE_TO_FIELDDATA,PLC/HMI/SCADA backup candidate
02. Project Backup/Factory B/SSV_HVAC/hOmSave7/S7HK31AX/HATTARY1.DBT,28160,MOVE_TO_FIELDDATA,PLC/HMI/SCADA backup candidate
02. Project Backup/Factory B/SSV_HVAC/hOmSave7/S7HK31AX/HATTARY1.MDX,4096,MOVE_TO_FIELDDATA,PLC/HMI/SCADA backup candidate
02. Project Backup/Factory B/SSV_HVAC/hOmSave7/S7HK31AX/HATTRIB1.DBF,68266,MOVE_TO_FIELDDATA,PLC/HMI/SCADA backup candidate
02. Project Backup/Factory B/SSV_HVAC/hOmSave7/S7HK31AX/HATTRIB1.MDX,17408,MOVE_TO_FIELDDATA,PLC/HMI/SCADA backup candidate
02. Project Backup/Factory B/SSV_HVAC/hOmSave7/S7HK31AX/HATTRME1.DBF,6454,MOVE_TO_FIELDDATA,PLC/HMI/SCADA backup candidate
02. Project Backup/Factory B/SSV_HVAC/hOmSave7/S7HK31AX/HATTRME1.DBT,73728,MOVE_TO_FIELDDATA,PLC/HMI/SCADA backup candidate
02. Project Backup/Factory B/SSV_HVAC/hOmSave7/S7HK31AX/HATTRME1.MDX,12288,MOVE_TO_FIELDDATA,PLC/HMI/SCADA backup candidate
02. Project Backup/Factory B/SSV_HVAC/hOmSave7/S7HK31AX/HLASTID2.DBF,336,MOVE_TO_FIELDDATA,PLC/HMI/SCADA backup candidate
02. Project Backup/Factory B/SSV_HVAC/hOmSave7/S7HK31AX/hLockID1,0,MOVE_TO_FIELDDATA,PLC/HMI/SCADA backup candidate
02. Project Backup/Factory B/SSV_HVAC/hOmSave7/S7HK31AX/HOBJECT1.DBF,9700,MOVE_TO_FIELDDATA,PLC/HMI/SCADA backup candidate
02. Project Backup/Factory B/SSV_HVAC/hOmSave7/S7HK31AX/HOBJECT1.MDX,4096,MOVE_TO_FIELDDATA,PLC/HMI/SCADA backup candidate
02. Project Backup/Factory B/SSV_HVAC/hOmSave7/S7HK31AX/HRELATI1.DBF,17340,MOVE_TO_FIELDDATA,PLC/HMI/SCADA backup candidate
02. Project Backup/Factory B/SSV_HVAC/hOmSave7/S7HK31AX/HRELATI1.MDX,26624,MOVE_TO_FIELDDATA,PLC/HMI/SCADA backup candidate
02. Project Backup/Factory B/SSV_HVAC/hOmSave7/s7hk32ax/HATTARY1.DBF,1569,MOVE_TO_FIELDDATA,PLC/HMI/SCADA backup candidate
02. Project Backup/Factory B/SSV_HVAC/hOmSave7/s7hk32ax/HATTARY1.DBT,13312,MOVE_TO_FIELDDATA,PLC/HMI/SCADA backup candidate
02. Project Backup/Factory B/SSV_HVAC/hOmSave7/s7hk32ax/HATTARY1.MDX,4096,MOVE_TO_FIELDDATA,PLC/HMI/SCADA backup candidate
02. Project Backup/Factory B/SSV_HVAC/hOmSave7/s7hk32ax/HATTRIB1.DBF,31726,MOVE_TO_FIELDDATA,PLC/HMI/SCADA backup candidate
02. Project Backup/Factory B/SSV_HVAC/hOmSave7/s7hk32ax/HATTRIB1.MDX,12288,MOVE_TO_FIELDDATA,PLC/HMI/SCADA backup candidate
02. Project Backup/Factory B/SSV_HVAC/hOmSave7/s7hk32ax/HATTRME1.DBF,4562,MOVE_TO_FIELDDATA,PLC/HMI/SCADA backup candidate
02. Project Backup/Factory B/SSV_HVAC/hOmSave7/s7hk32ax/HATTRME1.DBT,51712,MOVE_TO_FIELDDATA,PLC/HMI/SCADA backup candidate
02. Project Backup/Factory B/SSV_HVAC/hOmSave7/s7hk32ax/HATTRME1.MDX,12288,MOVE_TO_FIELDDATA,PLC/HMI/SCADA backup candidate
02. Project Backup/Factory B/SSV_HVAC/hOmSave7/s7hk32ax/HLASTID2.DBF,336,MOVE_TO_FIELDDATA,PLC/HMI/SCADA backup candidate
02. Project Backup/Factory B/SSV_HVAC/hOmSave7/s7hk32ax/hLockID1,0,MOVE_TO_FIELDDATA,PLC/HMI/SCADA backup candidate
02. Project Backup/Factory B/SSV_HVAC/hOmSave7/s7hk32ax/HOBJECT1.DBF,13235,MOVE_TO_FIELDDATA,PLC/HMI/SCADA backup candidate
02. Project Backup/Factory B/SSV_HVAC/hOmSave7/s7hk32ax/HOBJECT1.MDX,4096,MOVE_TO_FIELDDATA,PLC/HMI/SCADA backup candidate
02. Project Backup/Factory B/SSV_HVAC/hOmSave7/s7hk32ax/HRELATI1.DBF,4236,MOVE_TO_FIELDDATA,PLC/HMI/SCADA backup candidate
02. Project Backup/Factory B/SSV_HVAC/hOmSave7/s7hk32ax/HRELATI1.MDX,10240,MOVE_TO_FIELDDATA,PLC/HMI/SCADA backup candidate
02. Project Backup/Factory B/SSV_HVAC/hOmSave7/s7hk32bx/HATTARY1.DBF,1184,MOVE_TO_FIELDDATA,PLC/HMI/SCADA backup candidate
02. Project Backup/Factory B/SSV_HVAC/hOmSave7/s7hk32bx/HATTARY1.DBT,9728,MOVE_TO_FIELDDATA,PLC/HMI/SCADA backup candidate
02. Project Backup/Factory B/SSV_HVAC/hOmSave7/s7hk32bx/HATTARY1.MDX,4096,MOVE_TO_FIELDDATA,PLC/HMI/SCADA backup candidate
02. Project Backup/Factory B/SSV_HVAC/hOmSave7/s7hk32bx/HATTRIB1.DBF,22906,MOVE_TO_FIELDDATA,PLC/HMI/SCADA backup candidate
02. Project Backup/Factory B/SSV_HVAC/hOmSave7/s7hk32bx/HATTRIB1.MDX,8192,MOVE_TO_FIELDDATA,PLC/HMI/SCADA backup candidate
02. Project Backup/Factory B/SSV_HVAC/hOmSave7/s7hk32bx/HATTRME1.DBF,3330,MOVE_TO_FIELDDATA,PLC/HMI/SCADA backup candidate
02. Project Backup/Factory B/SSV_HVAC/hOmSave7/s7hk32bx/HATTRME1.DBT,37376,MOVE_TO_FIELDDATA,PLC/HMI/SCADA backup candidate
02. Project Backup/Factory B/SSV_HVAC/hOmSave7/s7hk32bx/HATTRME1.MDX,8192,MOVE_TO_FIELDDATA,PLC/HMI/SCADA backup candidate
02. Project Backup/Factory B/SSV_HVAC/hOmSave7/s7hk32bx/HLASTID2.DBF,336,MOVE_TO_FIELDDATA,PLC/HMI/SCADA backup candidate
02. Project Backup/Factory B/SSV_HVAC/hOmSave7/s7hk32bx/hLockID1,0,MOVE_TO_FIELDDATA,PLC/HMI/SCADA backup candidate
02. Project Backup/Factory B/SSV_HVAC/hOmSave7/s7hk32bx/HOBJECT1.DBF,9700,MOVE_TO_FIELDDATA,PLC/HMI/SCADA backup candidate
02. Project Backup/Factory B/SSV_HVAC/hOmSave7/s7hk32bx/HOBJECT1.MDX,4096,MOVE_TO_FIELDDATA,PLC/HMI/SCADA backup candidate
02. Project Backup/Factory B/SSV_HVAC/hOmSave7/s7hk32bx/HRELATI1.DBF,3144,MOVE_TO_FIELDDATA,PLC/HMI/SCADA backup candidate
02. Project Backup/Factory B/SSV_HVAC/hOmSave7/s7hk32bx/HRELATI1.MDX,8192,MOVE_TO_FIELDDATA,PLC/HMI/SCADA backup candidate
02. Project Backup/Factory B/SSV_HVAC/hOmSave7/s7hk33ax/HATTARY1.DBF,4869,MOVE_TO_FIELDDATA,PLC/HMI/SCADA backup candidate
02. Project Backup/Factory B/SSV_HVAC/hOmSave7/s7hk33ax/HATTARY1.DBT,44032,MOVE_TO_FIELDDATA,PLC/HMI/SCADA backup candidate
02. Project Backup/Factory B/SSV_HVAC/hOmSave7/s7hk33ax/HATTARY1.MDX,6144,MOVE_TO_FIELDDATA,PLC/HMI/SCADA backup candidate
02. Project Backup/Factory B/SSV_HVAC/hOmSave7/s7hk33ax/HATTRIB1.DBF,107326,MOVE_TO_FIELDDATA,PLC/HMI/SCADA backup candidate
02. Project Backup/Factory B/SSV_HVAC/hOmSave7/s7hk33ax/HATTRIB1.MDX,22528,MOVE_TO_FIELDDATA,PLC/HMI/SCADA backup candidate
02. Project Backup/Factory B/SSV_HVAC/hOmSave7/s7hk33ax/HATTRME1.DBF,18554,MOVE_TO_FIELDDATA,PLC/HMI/SCADA backup candidate
02. Project Backup/Factory B/SSV_HVAC/hOmSave7/s7hk33ax/HATTRME1.DBT,214528,MOVE_TO_FIELDDATA,PLC/HMI/SCADA backup candidate
02. Project Backup/Factory B/SSV_HVAC/hOmSave7/s7hk33ax/HATTRME1.MDX,25600,MOVE_TO_FIELDDATA,PLC/HMI/SCADA backup candidate
02. Project Backup/Factory B/SSV_HVAC/hOmSave7/s7hk33ax/HLASTID2.DBF,336,MOVE_TO_FIELDDATA,PLC/HMI/SCADA backup candidate
02. Project Backup/Factory B/SSV_HVAC/hOmSave7/s7hk33ax/hLockID1,0,MOVE_TO_FIELDDATA,PLC/HMI/SCADA backup candidate
02. Project Backup/Factory B/SSV_HVAC/hOmSave7/s7hk33ax/HOBJECT1.DBF,43535,MOVE_TO_FIELDDATA,PLC/HMI/SCADA backup candidate
02. Project Backup/Factory B/SSV_HVAC/hOmSave7/s7hk33ax/HOBJECT1.MDX,6144,MOVE_TO_FIELDDATA,PLC/HMI/SCADA backup candidate
02. Project Backup/Factory B/SSV_HVAC/hOmSave7/s7hk33ax/HRELATI1.DBF,13518,MOVE_TO_FIELDDATA,PLC/HMI/SCADA backup candidate
02. Project Backup/Factory B/SSV_HVAC/hOmSave7/s7hk33ax/HRELATI1.MDX,20480,MOVE_TO_FIELDDATA,PLC/HMI/SCADA backup candidate
02. Project Backup/Factory B/SSV_HVAC/hOmSave7/s7hk33cx/HATTARY1.DBF,4209,MOVE_TO_FIELDDATA,PLC/HMI/SCADA backup candidate
02. Project Backup/Factory B/SSV_HVAC/hOmSave7/s7hk33cx/HATTARY1.DBT,37888,MOVE_TO_FIELDDATA,PLC/HMI/SCADA backup candidate
02. Project Backup/Factory B/SSV_HVAC/hOmSave7/s7hk33cx/HATTARY1.MDX,6144,MOVE_TO_FIELDDATA,PLC/HMI/SCADA backup candidate
02. Project Backup/Factory B/SSV_HVAC/hOmSave7/s7hk33cx/HATTRIB1.DBF,92206,MOVE_TO_FIELDDATA,PLC/HMI/SCADA backup candidate
02. Project Backup/Factory B/SSV_HVAC/hOmSave7/s7hk33cx/HATTRIB1.MDX,20480,MOVE_TO_FIELDDATA,PLC/HMI/SCADA backup candidate
02. Project Backup/Factory B/SSV_HVAC/hOmSave7/s7hk33cx/HATTRME1.DBF,16222,MOVE_TO_FIELDDATA,PLC/HMI/SCADA backup candidate
02. Project Backup/Factory B/SSV_HVAC/hOmSave7/s7hk33cx/HATTRME1.DBT,187392,MOVE_TO_FIELDDATA,PLC/HMI/SCADA backup candidate
02. Project Backup/Factory B/SSV_HVAC/hOmSave7/s7hk33cx/HATTRME1.MDX,23552,MOVE_TO_FIELDDATA,PLC/HMI/SCADA backup candidate
02. Project Backup/Factory B/SSV_HVAC/hOmSave7/s7hk33cx/HLASTID2.DBF,336,MOVE_TO_FIELDDATA,PLC/HMI/SCADA backup candidate
02. Project Backup/Factory B/SSV_HVAC/hOmSave7/s7hk33cx/hLockID1,0,MOVE_TO_FIELDDATA,PLC/HMI/SCADA backup candidate
02. Project Backup/Factory B/SSV_HVAC/hOmSave7/s7hk33cx/HOBJECT1.DBF,37475,MOVE_TO_FIELDDATA,PLC/HMI/SCADA backup candidate
02. Project Backup/Factory B/SSV_HVAC/hOmSave7/s7hk33cx/HOBJECT1.MDX,6144,MOVE_TO_FIELDDATA,PLC/HMI/SCADA backup candidate
02. Project Backup/Factory B/SSV_HVAC/hOmSave7/s7hk33cx/HRELATI1.DBF,11646,MOVE_TO_FIELDDATA,PLC/HMI/SCADA backup candidate
02. Project Backup/Factory B/SSV_HVAC/hOmSave7/s7hk33cx/HRELATI1.MDX,19456,MOVE_TO_FIELDDATA,PLC/HMI/SCADA backup candidate
02. Project Backup/Factory B/SSV_HVAC/hOmSave7/s7hkdmax/HATTARY1.DBF,1184,MOVE_TO_FIELDDATA,PLC/HMI/SCADA backup candidate
02. Project Backup/Factory B/SSV_HVAC/hOmSave7/s7hkdmax/HATTARY1.DBT,9728,MOVE_TO_FIELDDATA,PLC/HMI/SCADA backup candidate
02. Project Backup/Factory B/SSV_HVAC/hOmSave7/s7hkdmax/HATTARY1.MDX,4096,MOVE_TO_FIELDDATA,PLC/HMI/SCADA backup candidate
02. Project Backup/Factory B/SSV_HVAC/hOmSave7/s7hkdmax/HATTRIB1.DBF,22906,MOVE_TO_FIELDDATA,PLC/HMI/SCADA backup candidate
02. Project Backup/Factory B/SSV_HVAC/hOmSave7/s7hkdmax/HATTRIB1.MDX,8192,MOVE_TO_FIELDDATA,PLC/HMI/SCADA backup candidate
02. Project Backup/Factory B/SSV_HVAC/hOmSave7/s7hkdmax/HATTRME1.DBF,3330,MOVE_TO_FIELDDATA,PLC/HMI/SCADA backup candidate
02. Project Backup/Factory B/SSV_HVAC/hOmSave7/s7hkdmax/HATTRME1.DBT,37376,MOVE_TO_FIELDDATA,PLC/HMI/SCADA backup candidate
02. Project Backup/Factory B/SSV_HVAC/hOmSave7/s7hkdmax/HATTRME1.MDX,8192,MOVE_TO_FIELDDATA,PLC/HMI/SCADA backup candidate
02. Project Backup/Factory B/SSV_HVAC/hOmSave7/s7hkdmax/HLASTID2.DBF,336,MOVE_TO_FIELDDATA,PLC/HMI/SCADA backup candidate
02. Project Backup/Factory B/SSV_HVAC/hOmSave7/s7hkdmax/hLockID1,0,MOVE_TO_FIELDDATA,PLC/HMI/SCADA backup candidate
02. Project Backup/Factory B/SSV_HVAC/hOmSave7/s7hkdmax/HOBJECT1.DBF,9700,MOVE_TO_FIELDDATA,PLC/HMI/SCADA backup candidate
02. Project Backup/Factory B/SSV_HVAC/hOmSave7/s7hkdmax/HOBJECT1.MDX,4096,MOVE_TO_FIELDDATA,PLC/HMI/SCADA backup candidate
02. Project Backup/Factory B/SSV_HVAC/hOmSave7/s7hkdmax/HRELATI1.DBF,5952,MOVE_TO_FIELDDATA,PLC/HMI/SCADA backup candidate
02. Project Backup/Factory B/SSV_HVAC/hOmSave7/s7hkdmax/HRELATI1.MDX,11264,MOVE_TO_FIELDDATA,PLC/HMI/SCADA backup candidate
02. Project Backup/Factory B/SSV_HVAC/hOmSave7/s7hsl7ax/HATTARY1.DBF,1624,MOVE_TO_FIELDDATA,PLC/HMI/SCADA backup candidate
02. Project Backup/Factory B/SSV_HVAC/hOmSave7/s7hsl7ax/HATTARY1.DBT,13824,MOVE_TO_FIELDDATA,PLC/HMI/SCADA backup candidate
02. Project Backup/Factory B/SSV_HVAC/hOmSave7/s7hsl7ax/HATTARY1.MDX,4096,MOVE_TO_FIELDDATA,PLC/HMI/SCADA backup candidate
02. Project Backup/Factory B/SSV_HVAC/hOmSave7/s7hsl7ax/HATTRIB1.DBF,73936,MOVE_TO_FIELDDATA,PLC/HMI/SCADA backup candidate
02. Project Backup/Factory B/SSV_HVAC/hOmSave7/s7hsl7ax/HATTRIB1.MDX,17408,MOVE_TO_FIELDDATA,PLC/HMI/SCADA backup candidate
02. Project Backup/Factory B/SSV_HVAC/hOmSave7/s7hsl7ax/HATTRME1.DBF,4738,MOVE_TO_FIELDDATA,PLC/HMI/SCADA backup candidate
02. Project Backup/Factory B/SSV_HVAC/hOmSave7/s7hsl7ax/HATTRME1.DBT,67072,MOVE_TO_FIELDDATA,PLC/HMI/SCADA backup candidate
02. Project Backup/Factory B/SSV_HVAC/hOmSave7/s7hsl7ax/HATTRME1.MDX,11264,MOVE_TO_FIELDDATA,PLC/HMI/SCADA backup candidate
02. Project Backup/Factory B/SSV_HVAC/hOmSave7/s7hsl7ax/HLASTID2.DBF,336,MOVE_TO_FIELDDATA,PLC/HMI/SCADA backup candidate
02. Project Backup/Factory B/SSV_HVAC/hOmSave7/s7hsl7ax/hLockID1,0,MOVE_TO_FIELDDATA,PLC/HMI/SCADA backup candidate
02. Project Backup/Factory B/SSV_HVAC/hOmSave7/s7hsl7ax/HOBJECT1.DBF,13740,MOVE_TO_FIELDDATA,PLC/HMI/SCADA backup candidate
02. Project Backup/Factory B/SSV_HVAC/hOmSave7/s7hsl7ax/HOBJECT1.MDX,4096,MOVE_TO_FIELDDATA,PLC/HMI/SCADA backup candidate
02. Project Backup/Factory B/SSV_HVAC/hOmSave7/s7hsl7ax/HRELATI1.DBF,23658,MOVE_TO_FIELDDATA,PLC/HMI/SCADA backup candidate
02. Project Backup/Factory B/SSV_HVAC/hOmSave7/s7hsl7ax/HRELATI1.MDX,33792,MOVE_TO_FIELDDATA,PLC/HMI/SCADA backup candidate
02. Project Backup/Factory B/SSV_HVAC/hOmSave7/s7hss30x/HATTARY1.DBF,2669,MOVE_TO_FIELDDATA,PLC/HMI/SCADA backup candidate
02. Project Backup/Factory B/SSV_HVAC/hOmSave7/s7hss30x/HATTARY1.DBT,23552,MOVE_TO_FIELDDATA,PLC/HMI/SCADA backup candidate
02. Project Backup/Factory B/SSV_HVAC/hOmSave7/s7hss30x/HATTARY1.MDX,4096,MOVE_TO_FIELDDATA,PLC/HMI/SCADA backup candidate
02. Project Backup/Factory B/SSV_HVAC/hOmSave7/s7hss30x/HATTRIB1.DBF,46216,MOVE_TO_FIELDDATA,PLC/HMI/SCADA backup candidate
02. Project Backup/Factory B/SSV_HVAC/hOmSave7/s7hss30x/HATTRIB1.MDX,14336,MOVE_TO_FIELDDATA,PLC/HMI/SCADA backup candidate
02. Project Backup/Factory B/SSV_HVAC/hOmSave7/s7hss30x/HATTRME1.DBF,646,MOVE_TO_FIELDDATA,PLC/HMI/SCADA backup candidate
02. Project Backup/Factory B/SSV_HVAC/hOmSave7/s7hss30x/HATTRME1.DBT,6144,MOVE_TO_FIELDDATA,PLC/HMI/SCADA backup candidate
02. Project Backup/Factory B/SSV_HVAC/hOmSave7/s7hss30x/HATTRME1.MDX,6144,MOVE_TO_FIELDDATA,PLC/HMI/SCADA backup candidate
02. Project Backup/Factory B/SSV_HVAC/hOmSave7/s7hss30x/HLASTID2.DBF,336,MOVE_TO_FIELDDATA,PLC/HMI/SCADA backup candidate
02. Project Backup/Factory B/SSV_HVAC/hOmSave7/s7hss30x/hLockID1,0,MOVE_TO_FIELDDATA,PLC/HMI/SCADA backup candidate
02. Project Backup/Factory B/SSV_HVAC/hOmSave7/s7hss30x/HOBJECT1.DBF,23335,MOVE_TO_FIELDDATA,PLC/HMI/SCADA backup candidate
02. Project Backup/Factory B/SSV_HVAC/hOmSave7/s7hss30x/HOBJECT1.MDX,4096,MOVE_TO_FIELDDATA,PLC/HMI/SCADA backup candidate
02. Project Backup/Factory B/SSV_HVAC/hOmSave7/s7hss30x/HRELATI1.DBF,29976,MOVE_TO_FIELDDATA,PLC/HMI/SCADA backup candidate
02. Project Backup/Factory B/SSV_HVAC/hOmSave7/s7hss30x/HRELATI1.MDX,40960,MOVE_TO_FIELDDATA,PLC/HMI/SCADA backup candidate
02. Project Backup/Factory B/SSV_HVAC/hOmSave7/s7hssiox/HATTARY1.DBF,1514,MOVE_TO_FIELDDATA,PLC/HMI/SCADA backup candidate
02. Project Backup/Factory B/SSV_HVAC/hOmSave7/s7hssiox/HATTARY1.DBT,12800,MOVE_TO_FIELDDATA,PLC/HMI/SCADA backup candidate
02. Project Backup/Factory B/SSV_HVAC/hOmSave7/s7hssiox/HATTARY1.MDX,4096,MOVE_TO_FIELDDATA,PLC/HMI/SCADA backup candidate
02. Project Backup/Factory B/SSV_HVAC/hOmSave7/s7hssiox/HATTRIB1.DBF,58501,MOVE_TO_FIELDDATA,PLC/HMI/SCADA backup candidate
02. Project Backup/Factory B/SSV_HVAC/hOmSave7/s7hssiox/HATTRIB1.MDX,19456,MOVE_TO_FIELDDATA,PLC/HMI/SCADA backup candidate
02. Project Backup/Factory B/SSV_HVAC/hOmSave7/s7hssiox/HATTRME1.DBF,2274,MOVE_TO_FIELDDATA,PLC/HMI/SCADA backup candidate
02. Project Backup/Factory B/SSV_HVAC/hOmSave7/s7hssiox/HATTRME1.DBT,25088,MOVE_TO_FIELDDATA,PLC/HMI/SCADA backup candidate
02. Project Backup/Factory B/SSV_HVAC/hOmSave7/s7hssiox/HATTRME1.MDX,8192,MOVE_TO_FIELDDATA,PLC/HMI/SCADA backup candidate
02. Project Backup/Factory B/SSV_HVAC/hOmSave7/s7hssiox/HLASTID2.DBF,336,MOVE_TO_FIELDDATA,PLC/HMI/SCADA backup candidate
02. Project Backup/Factory B/SSV_HVAC/hOmSave7/s7hssiox/hLockID1,0,MOVE_TO_FIELDDATA,PLC/HMI/SCADA backup candidate
02. Project Backup/Factory B/SSV_HVAC/hOmSave7/s7hssiox/HOBJECT1.DBF,12730,MOVE_TO_FIELDDATA,PLC/HMI/SCADA backup candidate
02. Project Backup/Factory B/SSV_HVAC/hOmSave7/s7hssiox/HOBJECT1.MDX,4096,MOVE_TO_FIELDDATA,PLC/HMI/SCADA backup candidate
02. Project Backup/Factory B/SSV_HVAC/hOmSave7/s7hssiox/HRELATI1.DBF,8682,MOVE_TO_FIELDDATA,PLC/HMI/SCADA backup candidate
02. Project Backup/Factory B/SSV_HVAC/hOmSave7/s7hssiox/HRELATI1.MDX,15360,MOVE_TO_FIELDDATA,PLC/HMI/SCADA backup candidate
02. Project Backup/Factory B/SSV_HVAC/hOmSave7/s7hstatx/1.s7h,9981,MOVE_TO_FIELDDATA,PLC/HMI/SCADA backup candidate
02. Project Backup/Factory B/SSV_HVAC/hOmSave7/s7hstatx/10.s7h,9933,MOVE_TO_FIELDDATA,PLC/HMI/SCADA backup candidate
02. Project Backup/Factory B/SSV_HVAC/hOmSave7/s7hstatx/13.s7h,9885,MOVE_TO_FIELDDATA,PLC/HMI/SCADA backup candidate
02. Project Backup/Factory B/SSV_HVAC/hOmSave7/s7hstatx/16.s7h,9970,MOVE_TO_FIELDDATA,PLC/HMI/SCADA backup candidate
02. Project Backup/Factory B/SSV_HVAC/hOmSave7/s7hstatx/19.s7h,4193,MOVE_TO_FIELDDATA,PLC/HMI/SCADA backup candidate
02. Project Backup/Factory B/SSV_HVAC/hOmSave7/s7hstatx/1d.s7h,10029,MOVE_TO_FIELDDATA,PLC/HMI/SCADA backup candidate
02. Project Backup/Factory B/SSV_HVAC/hOmSave7/s7hstatx/20.s7h,12750,MOVE_TO_FIELDDATA,PLC/HMI/SCADA backup candidate
02. Project Backup/Factory B/SSV_HVAC/hOmSave7/s7hstatx/29.s7h,6881,MOVE_TO_FIELDDATA,PLC/HMI/SCADA backup candidate
02. Project Backup/Factory B/SSV_HVAC/hOmSave7/s7hstatx/4.s7h,12747,MOVE_TO_FIELDDATA,PLC/HMI/SCADA backup candidate
02. Project Backup/Factory B/SSV_HVAC/hOmSave7/s7hstatx/7.s7h,10125,MOVE_TO_FIELDDATA,PLC/HMI/SCADA backup candidate
02. Project Backup/Factory B/SSV_HVAC/hOmSave7/s7hstatx/a.s7h,9885,MOVE_TO_FIELDDATA,PLC/HMI/SCADA backup candidate
02. Project Backup/Factory B/SSV_HVAC/hOmSave7/s7hstatx/d.s7h,9774,MOVE_TO_FIELDDATA,PLC/HMI/SCADA backup candidate
02. Project Backup/Factory B/SSV_HVAC/hOmSave7/s7hstatx/HADDRES3.DBF,2666,MOVE_TO_FIELDDATA,PLC/HMI/SCADA backup candidate
02. Project Backup/Factory B/SSV_HVAC/hOmSave7/s7hstatx/HADDRES3.DBT,20480,MOVE_TO_FIELDDATA,PLC/HMI/SCADA backup candidate
02. Project Backup/Factory B/SSV_HVAC/hOmSave7/s7hstatx/HADDRES3.MDX,4096,MOVE_TO_FIELDDATA,PLC/HMI/SCADA backup candidate
02. Project Backup/Factory B/SSV_HVAC/hOmSave7/s7hstatx/HATTARY1.DBF,2504,MOVE_TO_FIELDDATA,PLC/HMI/SCADA backup candidate
02. Project Backup/Factory B/SSV_HVAC/hOmSave7/s7hstatx/HATTARY1.DBT,22016,MOVE_TO_FIELDDATA,PLC/HMI/SCADA backup candidate
02. Project Backup/Factory B/SSV_HVAC/hOmSave7/s7hstatx/HATTARY1.MDX,4096,MOVE_TO_FIELDDATA,PLC/HMI/SCADA backup candidate
02. Project Backup/Factory B/SSV_HVAC/hOmSave7/s7hstatx/HATTRIB1.DBF,44326,MOVE_TO_FIELDDATA,PLC/HMI/SCADA backup candidate
02. Project Backup/Factory B/SSV_HVAC/hOmSave7/s7hstatx/HATTRIB1.MDX,12288,MOVE_TO_FIELDDATA,PLC/HMI/SCADA backup candidate
02. Project Backup/Factory B/SSV_HVAC/hOmSave7/s7hstatx/HATTRME1.DBF,4474,MOVE_TO_FIELDDATA,PLC/HMI/SCADA backup candidate
02. Project Backup/Factory B/SSV_HVAC/hOmSave7/s7hstatx/HATTRME1.DBT,50688,MOVE_TO_FIELDDATA,PLC/HMI/SCADA backup candidate
02. Project Backup/Factory B/SSV_HVAC/hOmSave7/s7hstatx/HATTRME1.MDX,11264,MOVE_TO_FIELDDATA,PLC/HMI/SCADA backup candidate
02. Project Backup/Factory B/SSV_HVAC/hOmSave7/s7hstatx/HLASTID2.DBF,336,MOVE_TO_FIELDDATA,PLC/HMI/SCADA backup candidate
02. Project Backup/Factory B/SSV_HVAC/hOmSave7/s7hstatx/hLockID1,0,MOVE_TO_FIELDDATA,PLC/HMI/SCADA backup candidate
02. Project Backup/Factory B/SSV_HVAC/hOmSave7/s7hstatx/HOBJECT1.DBF,21820,MOVE_TO_FIELDDATA,PLC/HMI/SCADA backup candidate
02. Project Backup/Factory B/SSV_HVAC/hOmSave7/s7hstatx/HOBJECT1.MDX,4096,MOVE_TO_FIELDDATA,PLC/HMI/SCADA backup candidate
02. Project Backup/Factory B/SSV_HVAC/hOmSave7/s7hstatx/HRELATI1.DBF,19368,MOVE_TO_FIELDDATA,PLC/HMI/SCADA backup candidate
02. Project Backup/Factory B/SSV_HVAC/hOmSave7/s7hstatx/HRELATI1.MDX,28672,MOVE_TO_FIELDDATA,PLC/HMI/SCADA backup candidate
02. Project Backup/Factory B/SSV_HVAC/hrs/GNRESOFF.DBF,22652,MOVE_TO_FIELDDATA,PLC/HMI/SCADA backup candidate
02. Project Backup/Factory B/SSV_HVAC/hrs/GNRESOFF.MDX,4096,MOVE_TO_FIELDDATA,PLC/HMI/SCADA backup candidate
02. Project Backup/Factory B/SSV_HVAC/hrs/lastrgf.res,4,MOVE_TO_FIELDDATA,PLC/HMI/SCADA backup candidate
02. Project Backup/Factory B/SSV_HVAC/hrs/lastrsf.res,4,MOVE_TO_FIELDDATA,PLC/HMI/SCADA backup candidate
02. Project Backup/Factory B/SSV_HVAC/hrs/lastrsn.res,4,MOVE_TO_FIELDDATA,PLC/HMI/SCADA backup candidate
02. Project Backup/Factory B/SSV_HVAC/hrs/linkhrs.lnk,39424,MOVE_TO_FIELDDATA,PLC/HMI/SCADA backup candidate
02. Project Backup/Factory B/SSV_HVAC/hrs/rgflock.res,0,MOVE_TO_FIELDDATA,PLC/HMI/SCADA backup candidate
02. Project Backup/Factory B/SSV_HVAC/hrs/rsflock.res,0,MOVE_TO_FIELDDATA,PLC/HMI/SCADA backup candidate
02. Project Backup/Factory B/SSV_HVAC/hrs/rsnlock.res,0,MOVE_TO_FIELDDATA,PLC/HMI/SCADA backup candidate
02. Project Backup/Factory B/SSV_HVAC/hrs/S7RESOFF.DBF,11366,MOVE_TO_FIELDDATA,PLC/HMI/SCADA backup candidate
02. Project Backup/Factory B/SSV_HVAC/hrs/S7RESOFF.MDX,4096,MOVE_TO_FIELDDATA,PLC/HMI/SCADA backup candidate
02. Project Backup/Factory B/SSV_HVAC/hrs/S7RESONL.DBF,32803,MOVE_TO_FIELDDATA,PLC/HMI/SCADA backup candidate
02. Project Backup/Factory B/SSV_HVAC/hrs/S7RESONL.MDX,4096,MOVE_TO_FIELDDATA,PLC/HMI/SCADA backup candidate
02. Project Backup/Factory B/SSV_HVAC/link.lnk,1536,MOVE_TO_FIELDDATA,PLC/HMI/SCADA backup candidate
02. Project Backup/Factory B/SSV_HVAC/meldeom/meldvers.dat,4,MOVE_TO_FIELDDATA,PLC/HMI/SCADA backup candidate
02. Project Backup/Factory B/SSV_HVAC/meldeom/TEXTLNK.DBF,336,MOVE_TO_FIELDDATA,PLC/HMI/SCADA backup candidate
02. Project Backup/Factory B/SSV_HVAC/meldeom/TEXTLNK.MDX,12288,MOVE_TO_FIELDDATA,PLC/HMI/SCADA backup candidate
02. Project Backup/Factory B/SSV_HVAC/meldeom/TEXTOM.DBF,872,MOVE_TO_FIELDDATA,PLC/HMI/SCADA backup candidate
02. Project Backup/Factory B/SSV_HVAC/meldeom/TEXTOM.DBT,1024,MOVE_TO_FIELDDATA,PLC/HMI/SCADA backup candidate
02. Project Backup/Factory B/SSV_HVAC/meldeom/textom.hid,4,MOVE_TO_FIELDDATA,PLC/HMI/SCADA backup candidate
02. Project Backup/Factory B/SSV_HVAC/meldeom/textom.lck,0,MOVE_TO_FIELDDATA,PLC/HMI/SCADA backup candidate
02. Project Backup/Factory B/SSV_HVAC/meldeom/TEXTOM.MDX,8192,MOVE_TO_FIELDDATA,PLC/HMI/SCADA backup candidate
02. Project Backup/Factory B/SSV_HVAC/ombstx/offline/00000001/BAUSTEIN.DBF,13464,MOVE_TO_FIELDDATA,PLC/HMI/SCADA backup candidate
02. Project Backup/Factory B/SSV_HVAC/ombstx/offline/00000001/BAUSTEIN.DBT,74752,MOVE_TO_FIELDDATA,PLC/HMI/SCADA backup candidate
02. Project Backup/Factory B/SSV_HVAC/ombstx/offline/00000001/baustein.id,4,MOVE_TO_FIELDDATA,PLC/HMI/SCADA backup candidate
02. Project Backup/Factory B/SSV_HVAC/ombstx/offline/00000001/baustein.lck,0,MOVE_TO_FIELDDATA,PLC/HMI/SCADA backup candidate
02. Project Backup/Factory B/SSV_HVAC/ombstx/offline/00000001/BAUSTEIN.MDX,13312,MOVE_TO_FIELDDATA,PLC/HMI/SCADA backup candidate
02. Project Backup/Factory B/SSV_HVAC/ombstx/offline/00000001/links.lnk,1024,MOVE_TO_FIELDDATA,PLC/HMI/SCADA backup candidate
02. Project Backup/Factory B/SSV_HVAC/ombstx/offline/00000001/SUBBLK.DBF,29826,MOVE_TO_FIELDDATA,PLC/HMI/SCADA backup candidate
02. Project Backup/Factory B/SSV_HVAC/ombstx/offline/00000001/SUBBLK.DBT,392192,MOVE_TO_FIELDDATA,PLC/HMI/SCADA backup candidate
02. Project Backup/Factory B/SSV_HVAC/ombstx/offline/00000001/usfapx.ini,0,MOVE_TO_FIELDDATA,PLC/HMI/SCADA backup candidate
02. Project Backup/Factory B/SSV_HVAC/ombstx/offline/00000002/BAUSTEIN.DBF,16161,MOVE_TO_FIELDDATA,PLC/HMI/SCADA backup candidate
02. Project Backup/Factory B/SSV_HVAC/ombstx/offline/00000002/BAUSTEIN.DBT,89600,MOVE_TO_FIELDDATA,PLC/HMI/SCADA backup candidate
02. Project Backup/Factory B/SSV_HVAC/ombstx/offline/00000002/baustein.id,4,MOVE_TO_FIELDDATA,PLC/HMI/SCADA backup candidate
02. Project Backup/Factory B/SSV_HVAC/ombstx/offline/00000002/baustein.lck,0,MOVE_TO_FIELDDATA,PLC/HMI/SCADA backup candidate
02. Project Backup/Factory B/SSV_HVAC/ombstx/offline/00000002/BAUSTEIN.MDX,15360,MOVE_TO_FIELDDATA,PLC/HMI/SCADA backup candidate
02. Project Backup/Factory B/SSV_HVAC/ombstx/offline/00000002/links.lnk,1024,MOVE_TO_FIELDDATA,PLC/HMI/SCADA backup candidate
02. Project Backup/Factory B/SSV_HVAC/ombstx/offline/00000002/SUBBLK.DBF,38850,MOVE_TO_FIELDDATA,PLC/HMI/SCADA backup candidate
02. Project Backup/Factory B/SSV_HVAC/ombstx/offline/00000002/SUBBLK.DBT,544256,MOVE_TO_FIELDDATA,PLC/HMI/SCADA backup candidate
02. Project Backup/Factory B/SSV_HVAC/ombstx/offline/00000002/usfapx.ini,0,MOVE_TO_FIELDDATA,PLC/HMI/SCADA backup candidate
02. Project Backup/Factory B/SSV_HVAC/ombstx/offline/00000003/BAUSTEIN.DBF,10860,MOVE_TO_FIELDDATA,PLC/HMI/SCADA backup candidate
02. Project Backup/Factory B/SSV_HVAC/ombstx/offline/00000003/BAUSTEIN.DBT,59392,MOVE_TO_FIELDDATA,PLC/HMI/SCADA backup candidate
02. Project Backup/Factory B/SSV_HVAC/ombstx/offline/00000003/baustein.id,4,MOVE_TO_FIELDDATA,PLC/HMI/SCADA backup candidate
02. Project Backup/Factory B/SSV_HVAC/ombstx/offline/00000003/baustein.lck,0,MOVE_TO_FIELDDATA,PLC/HMI/SCADA backup candidate
02. Project Backup/Factory B/SSV_HVAC/ombstx/offline/00000003/BAUSTEIN.MDX,12288,MOVE_TO_FIELDDATA,PLC/HMI/SCADA backup candidate
02. Project Backup/Factory B/SSV_HVAC/ombstx/offline/00000003/links.lnk,1024,MOVE_TO_FIELDDATA,PLC/HMI/SCADA backup candidate
02. Project Backup/Factory B/SSV_HVAC/ombstx/offline/00000003/SUBBLK.DBF,23298,MOVE_TO_FIELDDATA,PLC/HMI/SCADA backup candidate
02. Project Backup/Factory B/SSV_HVAC/ombstx/offline/00000003/SUBBLK.DBT,327680,MOVE_TO_FIELDDATA,PLC/HMI/SCADA backup candidate
02. Project Backup/Factory B/SSV_HVAC/ombstx/offline/00000003/usfapx.ini,0,MOVE_TO_FIELDDATA,PLC/HMI/SCADA backup candidate
02. Project Backup/Factory B/SSV_HVAC/ombstx/offline/00000004/BAUSTEIN.DBF,10395,MOVE_TO_FIELDDATA,PLC/HMI/SCADA backup candidate
02. Project Backup/Factory B/SSV_HVAC/ombstx/offline/00000004/BAUSTEIN.DBT,56832,MOVE_TO_FIELDDATA,PLC/HMI/SCADA backup candidate
02. Project Backup/Factory B/SSV_HVAC/ombstx/offline/00000004/baustein.id,4,MOVE_TO_FIELDDATA,PLC/HMI/SCADA backup candidate
02. Project Backup/Factory B/SSV_HVAC/ombstx/offline/00000004/baustein.lck,0,MOVE_TO_FIELDDATA,PLC/HMI/SCADA backup candidate
02. Project Backup/Factory B/SSV_HVAC/ombstx/offline/00000004/BAUSTEIN.MDX,12288,MOVE_TO_FIELDDATA,PLC/HMI/SCADA backup candidate
02. Project Backup/Factory B/SSV_HVAC/ombstx/offline/00000004/links.lnk,1024,MOVE_TO_FIELDDATA,PLC/HMI/SCADA backup candidate
02. Project Backup/Factory B/SSV_HVAC/ombstx/offline/00000004/SUBBLK.DBF,22338,MOVE_TO_FIELDDATA,PLC/HMI/SCADA backup candidate
02. Project Backup/Factory B/SSV_HVAC/ombstx/offline/00000004/SUBBLK.DBT,317440,MOVE_TO_FIELDDATA,PLC/HMI/SCADA backup candidate
02. Project Backup/Factory B/SSV_HVAC/ombstx/offline/00000004/usfapx.ini,0,MOVE_TO_FIELDDATA,PLC/HMI/SCADA backup candidate
02. Project Backup/Factory B/SSV_HVAC/ombstx/offline/00000005/BAUSTEIN.DBF,9744,MOVE_TO_FIELDDATA,PLC/HMI/SCADA backup candidate
02. Project Backup/Factory B/SSV_HVAC/ombstx/offline/00000005/BAUSTEIN.DBT,100352,MOVE_TO_FIELDDATA,PLC/HMI/SCADA backup candidate
02. Project Backup/Factory B/SSV_HVAC/ombstx/offline/00000005/baustein.id,4,MOVE_TO_FIELDDATA,PLC/HMI/SCADA backup candidate
02. Project Backup/Factory B/SSV_HVAC/ombstx/offline/00000005/baustein.lck,0,MOVE_TO_FIELDDATA,PLC/HMI/SCADA backup candidate
02. Project Backup/Factory B/SSV_HVAC/ombstx/offline/00000005/BAUSTEIN.MDX,11264,MOVE_TO_FIELDDATA,PLC/HMI/SCADA backup candidate
02. Project Backup/Factory B/SSV_HVAC/ombstx/offline/00000005/links.lnk,1024,MOVE_TO_FIELDDATA,PLC/HMI/SCADA backup candidate
02. Project Backup/Factory B/SSV_HVAC/ombstx/offline/00000005/SUBBLK.DBF,77442,MOVE_TO_FIELDDATA,PLC/HMI/SCADA backup candidate
02. Project Backup/Factory B/SSV_HVAC/ombstx/offline/00000005/SUBBLK.DBT,762368,MOVE_TO_FIELDDATA,PLC/HMI/SCADA backup candidate
02. Project Backup/Factory B/SSV_HVAC/ombstx/offline/00000005/usfapx.ini,0,MOVE_TO_FIELDDATA,PLC/HMI/SCADA backup candidate
02. Project Backup/Factory B/SSV_HVAC/ombstx/offline/00000006/BAUSTEIN.DBF,15231,MOVE_TO_FIELDDATA,PLC/HMI/SCADA backup candidate
02. Project Backup/Factory B/SSV_HVAC/ombstx/offline/00000006/BAUSTEIN.DBT,83968,MOVE_TO_FIELDDATA,PLC/HMI/SCADA backup candidate
02. Project Backup/Factory B/SSV_HVAC/ombstx/offline/00000006/baustein.id,4,MOVE_TO_FIELDDATA,PLC/HMI/SCADA backup candidate
02. Project Backup/Factory B/SSV_HVAC/ombstx/offline/00000006/baustein.lck,0,MOVE_TO_FIELDDATA,PLC/HMI/SCADA backup candidate
02. Project Backup/Factory B/SSV_HVAC/ombstx/offline/00000006/BAUSTEIN.MDX,15360,MOVE_TO_FIELDDATA,PLC/HMI/SCADA backup candidate
02. Project Backup/Factory B/SSV_HVAC/ombstx/offline/00000006/links.lnk,1024,MOVE_TO_FIELDDATA,PLC/HMI/SCADA backup candidate
02. Project Backup/Factory B/SSV_HVAC/ombstx/offline/00000006/SUBBLK.DBF,34626,MOVE_TO_FIELDDATA,PLC/HMI/SCADA backup candidate
02. Project Backup/Factory B/SSV_HVAC/ombstx/offline/00000006/SUBBLK.DBT,460800,MOVE_TO_FIELDDATA,PLC/HMI/SCADA backup candidate
02. Project Backup/Factory B/SSV_HVAC/ombstx/offline/00000006/usfapx.ini,0,MOVE_TO_FIELDDATA,PLC/HMI/SCADA backup candidate
02. Project Backup/Factory B/SSV_HVAC/ombstx/offline/00000007/BAUSTEIN.DBF,10953,MOVE_TO_FIELDDATA,PLC/HMI/SCADA backup candidate
02. Project Backup/Factory B/SSV_HVAC/ombstx/offline/00000007/BAUSTEIN.DBT,65536,MOVE_TO_FIELDDATA,PLC/HMI/SCADA backup candidate
02. Project Backup/Factory B/SSV_HVAC/ombstx/offline/00000007/baustein.id,4,MOVE_TO_FIELDDATA,PLC/HMI/SCADA backup candidate
02. Project Backup/Factory B/SSV_HVAC/ombstx/offline/00000007/baustein.lck,0,MOVE_TO_FIELDDATA,PLC/HMI/SCADA backup candidate
02. Project Backup/Factory B/SSV_HVAC/ombstx/offline/00000007/BAUSTEIN.MDX,11264,MOVE_TO_FIELDDATA,PLC/HMI/SCADA backup candidate
02. Project Backup/Factory B/SSV_HVAC/ombstx/offline/00000007/links.lnk,1024,MOVE_TO_FIELDDATA,PLC/HMI/SCADA backup candidate
02. Project Backup/Factory B/SSV_HVAC/ombstx/offline/00000007/SUBBLK.DBF,34818,MOVE_TO_FIELDDATA,PLC/HMI/SCADA backup candidate
02. Project Backup/Factory B/SSV_HVAC/ombstx/offline/00000007/SUBBLK.DBT,490496,MOVE_TO_FIELDDATA,PLC/HMI/SCADA backup candidate
02. Project Backup/Factory B/SSV_HVAC/ombstx/offline/00000007/usfapx.ini,0,MOVE_TO_FIELDDATA,PLC/HMI/SCADA backup candidate
02. Project Backup/Factory B/SSV_HVAC/ombstx/offline/00000008/BAUSTEIN.DBF,10116,MOVE_TO_FIELDDATA,PLC/HMI/SCADA backup candidate
02. Project Backup/Factory B/SSV_HVAC/ombstx/offline/00000008/BAUSTEIN.DBT,59392,MOVE_TO_FIELDDATA,PLC/HMI/SCADA backup candidate
02. Project Backup/Factory B/SSV_HVAC/ombstx/offline/00000008/baustein.id,4,MOVE_TO_FIELDDATA,PLC/HMI/SCADA backup candidate
02. Project Backup/Factory B/SSV_HVAC/ombstx/offline/00000008/baustein.lck,0,MOVE_TO_FIELDDATA,PLC/HMI/SCADA backup candidate
02. Project Backup/Factory B/SSV_HVAC/ombstx/offline/00000008/BAUSTEIN.MDX,11264,MOVE_TO_FIELDDATA,PLC/HMI/SCADA backup candidate
02. Project Backup/Factory B/SSV_HVAC/ombstx/offline/00000008/links.lnk,1024,MOVE_TO_FIELDDATA,PLC/HMI/SCADA backup candidate
02. Project Backup/Factory B/SSV_HVAC/ombstx/offline/00000008/SUBBLK.DBF,27522,MOVE_TO_FIELDDATA,PLC/HMI/SCADA backup candidate
02. Project Backup/Factory B/SSV_HVAC/ombstx/offline/00000008/SUBBLK.DBT,463872,MOVE_TO_FIELDDATA,PLC/HMI/SCADA backup candidate
02. Project Backup/Factory B/SSV_HVAC/ombstx/offline/00000008/usfapx.ini,0,MOVE_TO_FIELDDATA,PLC/HMI/SCADA backup candidate
02. Project Backup/Factory B/SSV_HVAC/ombstx/offline/0000000b/BAUSTEIN.DBF,24810,MOVE_TO_FIELDDATA,PLC/HMI/SCADA backup candidate
02. Project Backup/Factory B/SSV_HVAC/ombstx/offline/0000000b/BAUSTEIN.DBT,143872,MOVE_TO_FIELDDATA,PLC/HMI/SCADA backup candidate
02. Project Backup/Factory B/SSV_HVAC/ombstx/offline/0000000b/baustein.id,4,MOVE_TO_FIELDDATA,PLC/HMI/SCADA backup candidate
02. Project Backup/Factory B/SSV_HVAC/ombstx/offline/0000000b/baustein.lck,0,MOVE_TO_FIELDDATA,PLC/HMI/SCADA backup candidate
02. Project Backup/Factory B/SSV_HVAC/ombstx/offline/0000000b/BAUSTEIN.MDX,21504,MOVE_TO_FIELDDATA,PLC/HMI/SCADA backup candidate
02. Project Backup/Factory B/SSV_HVAC/ombstx/offline/0000000b/links.lnk,1024,MOVE_TO_FIELDDATA,PLC/HMI/SCADA backup candidate
02. Project Backup/Factory B/SSV_HVAC/ombstx/offline/0000000b/SUBBLK.DBF,68226,MOVE_TO_FIELDDATA,PLC/HMI/SCADA backup candidate
02. Project Backup/Factory B/SSV_HVAC/ombstx/offline/0000000b/SUBBLK.DBT,833024,MOVE_TO_FIELDDATA,PLC/HMI/SCADA backup candidate
02. Project Backup/Factory B/SSV_HVAC/ombstx/offline/0000000b/usfapx.ini,0,MOVE_TO_FIELDDATA,PLC/HMI/SCADA backup candidate
02. Project Backup/Factory B/SSV_HVAC/ombstx/offline/0000000c/BAUSTEIN.DBF,12813,MOVE_TO_FIELDDATA,PLC/HMI/SCADA backup candidate
02. Project Backup/Factory B/SSV_HVAC/ombstx/offline/0000000c/BAUSTEIN.DBT,88576,MOVE_TO_FIELDDATA,PLC/HMI/SCADA backup candidate
02. Project Backup/Factory B/SSV_HVAC/ombstx/offline/0000000c/baustein.id,4,MOVE_TO_FIELDDATA,PLC/HMI/SCADA backup candidate
02. Project Backup/Factory B/SSV_HVAC/ombstx/offline/0000000c/baustein.lck,0,MOVE_TO_FIELDDATA,PLC/HMI/SCADA backup candidate
02. Project Backup/Factory B/SSV_HVAC/ombstx/offline/0000000c/BAUSTEIN.MDX,12288,MOVE_TO_FIELDDATA,PLC/HMI/SCADA backup candidate
02. Project Backup/Factory B/SSV_HVAC/ombstx/offline/0000000c/links.lnk,1024,MOVE_TO_FIELDDATA,PLC/HMI/SCADA backup candidate
02. Project Backup/Factory B/SSV_HVAC/ombstx/offline/0000000c/SUBBLK.DBF,91650,MOVE_TO_FIELDDATA,PLC/HMI/SCADA backup candidate
02. Project Backup/Factory B/SSV_HVAC/ombstx/offline/0000000c/SUBBLK.DBT,1098240,MOVE_TO_FIELDDATA,PLC/HMI/SCADA backup candidate
02. Project Backup/Factory B/SSV_HVAC/ombstx/offline/0000000c/usfapx.ini,0,MOVE_TO_FIELDDATA,PLC/HMI/SCADA backup candidate
02. Project Backup/Factory B/SSV_HVAC/ombstx/offline/0000000f/BAUSTEIN.DBF,7977,MOVE_TO_FIELDDATA,PLC/HMI/SCADA backup candidate
02. Project Backup/Factory B/SSV_HVAC/ombstx/offline/0000000f/BAUSTEIN.DBT,46080,MOVE_TO_FIELDDATA,PLC/HMI/SCADA backup candidate
02. Project Backup/Factory B/SSV_HVAC/ombstx/offline/0000000f/baustein.id,4,MOVE_TO_FIELDDATA,PLC/HMI/SCADA backup candidate
02. Project Backup/Factory B/SSV_HVAC/ombstx/offline/0000000f/baustein.lck,0,MOVE_TO_FIELDDATA,PLC/HMI/SCADA backup candidate
02. Project Backup/Factory B/SSV_HVAC/ombstx/offline/0000000f/BAUSTEIN.MDX,10240,MOVE_TO_FIELDDATA,PLC/HMI/SCADA backup candidate
02. Project Backup/Factory B/SSV_HVAC/ombstx/offline/0000000f/links.lnk,1024,MOVE_TO_FIELDDATA,PLC/HMI/SCADA backup candidate
02. Project Backup/Factory B/SSV_HVAC/ombstx/offline/0000000f/SUBBLK.DBF,24834,MOVE_TO_FIELDDATA,PLC/HMI/SCADA backup candidate
02. Project Backup/Factory B/SSV_HVAC/ombstx/offline/0000000f/SUBBLK.DBT,304640,MOVE_TO_FIELDDATA,PLC/HMI/SCADA backup candidate
02. Project Backup/Factory B/SSV_HVAC/ombstx/offline/0000000f/usfapx.ini,0,MOVE_TO_FIELDDATA,PLC/HMI/SCADA backup candidate
02. Project Backup/Factory B/SSV_HVAC/ombstx/offline/BSTCNTOF.DBF,9602,MOVE_TO_FIELDDATA,PLC/HMI/SCADA backup candidate
02. Project Backup/Factory B/SSV_HVAC/ombstx/offline/bstcntof.id,4,MOVE_TO_FIELDDATA,PLC/HMI/SCADA backup candidate
02. Project Backup/Factory B/SSV_HVAC/ombstx/offline/bstcntof.lck,0,MOVE_TO_FIELDDATA,PLC/HMI/SCADA backup candidate
02. Project Backup/Factory B/SSV_HVAC/ombstx/offline/BSTCNTOF.MDX,4096,MOVE_TO_FIELDDATA,PLC/HMI/SCADA backup candidate
02. Project Backup/Factory B/SSV_HVAC/ombstx/online/BSTCNTON.DBF,27954,MOVE_TO_FIELDDATA,PLC/HMI/SCADA backup candidate
02. Project Backup/Factory B/SSV_HVAC/ombstx/online/bstcnton.id,4,MOVE_TO_FIELDDATA,PLC/HMI/SCADA backup candidate
02. Project Backup/Factory B/SSV_HVAC/ombstx/online/bstcnton.lck,0,MOVE_TO_FIELDDATA,PLC/HMI/SCADA backup candidate
02. Project Backup/Factory B/SSV_HVAC/ombstx/online/BSTCNTON.MDX,4096,MOVE_TO_FIELDDATA,PLC/HMI/SCADA backup candidate
02. Project Backup/Factory B/SSV_HVAC/ombstx/online/links.lnk,28672,MOVE_TO_FIELDDATA,PLC/HMI/SCADA backup candidate
02. Project Backup/Factory B/SSV_HVAC/omgd/gdflock.res,0,MOVE_TO_FIELDDATA,PLC/HMI/SCADA backup candidate
02. Project Backup/Factory B/SSV_HVAC/omgd/lastgd,4,MOVE_TO_FIELDDATA,PLC/HMI/SCADA backup candidate
02. Project Backup/Factory B/SSV_HVAC/omgd/linkgd/00000001.DBF,414,MOVE_TO_FIELDDATA,PLC/HMI/SCADA backup candidate
02. Project Backup/Factory B/SSV_HVAC/omgd/S7GD.DBF,2215,MOVE_TO_FIELDDATA,PLC/HMI/SCADA backup candidate
02. Project Backup/Factory B/SSV_HVAC/omgd/S7GD.DBT,1024,MOVE_TO_FIELDDATA,PLC/HMI/SCADA backup candidate
02. Project Backup/Factory B/SSV_HVAC/omgd/S7GD.MDX,4096,MOVE_TO_FIELDDATA,PLC/HMI/SCADA backup candidate
02. Project Backup/Factory B/SSV_HVAC/pgs/gsflock.res,0,MOVE_TO_FIELDDATA,PLC/HMI/SCADA backup candidate
02. Project Backup/Factory B/SSV_HVAC/pgs/lastgs,4,MOVE_TO_FIELDDATA,PLC/HMI/SCADA backup candidate
02. Project Backup/Factory B/SSV_HVAC/pgs/linkgs/00000001.DBF,414,MOVE_TO_FIELDDATA,PLC/HMI/SCADA backup candidate
02. Project Backup/Factory B/SSV_HVAC/pgs/S7GS.DBF,3615,MOVE_TO_FIELDDATA,PLC/HMI/SCADA backup candidate
02. Project Backup/Factory B/SSV_HVAC/pgs/S7GS.MDX,4096,MOVE_TO_FIELDDATA,PLC/HMI/SCADA backup candidate
02. Project Backup/Factory B/SSV_HVAC/s7asrcom/00000001/S7CONTAI.DBF,450,MOVE_TO_FIELDDATA,PLC/HMI/SCADA backup candidate
02. Project Backup/Factory B/SSV_HVAC/s7asrcom/00000001/S7CONTAI.MDX,8192,MOVE_TO_FIELDDATA,PLC/HMI/SCADA backup candidate
02. Project Backup/Factory B/SSV_HVAC/s7asrcom/00000001/S7LINKS.DBF,414,MOVE_TO_FIELDDATA,PLC/HMI/SCADA backup candidate
02. Project Backup/Factory B/SSV_HVAC/s7asrcom/00000001/s7source.lck,0,MOVE_TO_FIELDDATA,PLC/HMI/SCADA backup candidate
02. Project Backup/Factory B/SSV_HVAC/s7asrcom/00000002/S7CONTAI.DBF,450,MOVE_TO_FIELDDATA,PLC/HMI/SCADA backup candidate
02. Project Backup/Factory B/SSV_HVAC/s7asrcom/00000002/S7CONTAI.MDX,8192,MOVE_TO_FIELDDATA,PLC/HMI/SCADA backup candidate
02. Project Backup/Factory B/SSV_HVAC/s7asrcom/00000002/S7LINKS.DBF,414,MOVE_TO_FIELDDATA,PLC/HMI/SCADA backup candidate
02. Project Backup/Factory B/SSV_HVAC/s7asrcom/00000002/s7source.lck,0,MOVE_TO_FIELDDATA,PLC/HMI/SCADA backup candidate
02. Project Backup/Factory B/SSV_HVAC/s7asrcom/00000003/S7CONTAI.DBF,450,MOVE_TO_FIELDDATA,PLC/HMI/SCADA backup candidate
02. Project Backup/Factory B/SSV_HVAC/s7asrcom/00000003/S7CONTAI.MDX,8192,MOVE_TO_FIELDDATA,PLC/HMI/SCADA backup candidate
02. Project Backup/Factory B/SSV_HVAC/s7asrcom/00000003/S7LINKS.DBF,414,MOVE_TO_FIELDDATA,PLC/HMI/SCADA backup candidate
02. Project Backup/Factory B/SSV_HVAC/s7asrcom/00000003/s7source.lck,0,MOVE_TO_FIELDDATA,PLC/HMI/SCADA backup candidate
02. Project Backup/Factory B/SSV_HVAC/s7asrcom/00000004/S7CONTAI.DBF,450,MOVE_TO_FIELDDATA,PLC/HMI/SCADA backup candidate
02. Project Backup/Factory B/SSV_HVAC/s7asrcom/00000004/S7CONTAI.MDX,8192,MOVE_TO_FIELDDATA,PLC/HMI/SCADA backup candidate
02. Project Backup/Factory B/SSV_HVAC/s7asrcom/00000004/S7LINKS.DBF,414,MOVE_TO_FIELDDATA,PLC/HMI/SCADA backup candidate
02. Project Backup/Factory B/SSV_HVAC/s7asrcom/00000004/s7source.lck,0,MOVE_TO_FIELDDATA,PLC/HMI/SCADA backup candidate
02. Project Backup/Factory B/SSV_HVAC/s7asrcom/00000005/S7CONTAI.DBF,450,MOVE_TO_FIELDDATA,PLC/HMI/SCADA backup candidate
02. Project Backup/Factory B/SSV_HVAC/s7asrcom/00000005/S7CONTAI.MDX,8192,MOVE_TO_FIELDDATA,PLC/HMI/SCADA backup candidate
02. Project Backup/Factory B/SSV_HVAC/s7asrcom/00000005/S7LINKS.DBF,414,MOVE_TO_FIELDDATA,PLC/HMI/SCADA backup candidate
02. Project Backup/Factory B/SSV_HVAC/s7asrcom/00000005/s7source.lck,0,MOVE_TO_FIELDDATA,PLC/HMI/SCADA backup candidate
02. Project Backup/Factory B/SSV_HVAC/s7asrcom/00000006/S7CONTAI.DBF,450,MOVE_TO_FIELDDATA,PLC/HMI/SCADA backup candidate
02. Project Backup/Factory B/SSV_HVAC/s7asrcom/00000006/S7CONTAI.MDX,8192,MOVE_TO_FIELDDATA,PLC/HMI/SCADA backup candidate
02. Project Backup/Factory B/SSV_HVAC/s7asrcom/00000006/S7LINKS.DBF,414,MOVE_TO_FIELDDATA,PLC/HMI/SCADA backup candidate
02. Project Backup/Factory B/SSV_HVAC/s7asrcom/00000006/s7source.lck,0,MOVE_TO_FIELDDATA,PLC/HMI/SCADA backup candidate
02. Project Backup/Factory B/SSV_HVAC/s7asrcom/00000007/S7CONTAI.DBF,450,MOVE_TO_FIELDDATA,PLC/HMI/SCADA backup candidate
02. Project Backup/Factory B/SSV_HVAC/s7asrcom/00000007/S7CONTAI.MDX,8192,MOVE_TO_FIELDDATA,PLC/HMI/SCADA backup candidate
02. Project Backup/Factory B/SSV_HVAC/s7asrcom/00000007/S7LINKS.DBF,414,MOVE_TO_FIELDDATA,PLC/HMI/SCADA backup candidate
02. Project Backup/Factory B/SSV_HVAC/s7asrcom/00000007/s7source.lck,0,MOVE_TO_FIELDDATA,PLC/HMI/SCADA backup candidate
02. Project Backup/Factory B/SSV_HVAC/s7asrcom/00000008/S7CONTAI.DBF,450,MOVE_TO_FIELDDATA,PLC/HMI/SCADA backup candidate
02. Project Backup/Factory B/SSV_HVAC/s7asrcom/00000008/S7CONTAI.MDX,8192,MOVE_TO_FIELDDATA,PLC/HMI/SCADA backup candidate
02. Project Backup/Factory B/SSV_HVAC/s7asrcom/00000008/S7LINKS.DBF,414,MOVE_TO_FIELDDATA,PLC/HMI/SCADA backup candidate
02. Project Backup/Factory B/SSV_HVAC/s7asrcom/00000008/s7source.lck,0,MOVE_TO_FIELDDATA,PLC/HMI/SCADA backup candidate
02. Project Backup/Factory B/SSV_HVAC/s7asrcom/0000000b/S7CONTAI.DBF,450,MOVE_TO_FIELDDATA,PLC/HMI/SCADA backup candidate
02. Project Backup/Factory B/SSV_HVAC/s7asrcom/0000000b/S7CONTAI.MDX,8192,MOVE_TO_FIELDDATA,PLC/HMI/SCADA backup candidate
02. Project Backup/Factory B/SSV_HVAC/s7asrcom/0000000b/S7LINKS.DBF,414,MOVE_TO_FIELDDATA,PLC/HMI/SCADA backup candidate
02. Project Backup/Factory B/SSV_HVAC/s7asrcom/0000000b/s7source.lck,0,MOVE_TO_FIELDDATA,PLC/HMI/SCADA backup candidate
02. Project Backup/Factory B/SSV_HVAC/s7asrcom/0000000c/S7CONTAI.DBF,450,MOVE_TO_FIELDDATA,PLC/HMI/SCADA backup candidate
02. Project Backup/Factory B/SSV_HVAC/s7asrcom/0000000c/S7CONTAI.MDX,8192,MOVE_TO_FIELDDATA,PLC/HMI/SCADA backup candidate
02. Project Backup/Factory B/SSV_HVAC/s7asrcom/0000000c/S7LINKS.DBF,414,MOVE_TO_FIELDDATA,PLC/HMI/SCADA backup candidate
02. Project Backup/Factory B/SSV_HVAC/s7asrcom/0000000c/s7source.lck,0,MOVE_TO_FIELDDATA,PLC/HMI/SCADA backup candidate
02. Project Backup/Factory B/SSV_HVAC/s7asrcom/0000000f/S7CONTAI.DBF,450,MOVE_TO_FIELDDATA,PLC/HMI/SCADA backup candidate
02. Project Backup/Factory B/SSV_HVAC/s7asrcom/0000000f/S7CONTAI.MDX,8192,MOVE_TO_FIELDDATA,PLC/HMI/SCADA backup candidate
02. Project Backup/Factory B/SSV_HVAC/s7asrcom/0000000f/S7LINKS.DBF,414,MOVE_TO_FIELDDATA,PLC/HMI/SCADA backup candidate
02. Project Backup/Factory B/SSV_HVAC/s7asrcom/0000000f/s7source.lck,0,MOVE_TO_FIELDDATA,PLC/HMI/SCADA backup candidate
02. Project Backup/Factory B/SSV_HVAC/s7asrcom/s7cntID.src,8,MOVE_TO_FIELDDATA,PLC/HMI/SCADA backup candidate
02. Project Backup/Factory B/SSV_HVAC/s7asrcom/S7CNTREF.DBF,8928,MOVE_TO_FIELDDATA,PLC/HMI/SCADA backup candidate
02. Project Backup/Factory B/SSV_HVAC/s7asrcom/S7CNTREF.MDX,4096,MOVE_TO_FIELDDATA,PLC/HMI/SCADA backup candidate
02. Project Backup/Factory B/SSV_HVAC/s7asrcom/s7contai.lck,0,MOVE_TO_FIELDDATA,PLC/HMI/SCADA backup candidate
02. Project Backup/Factory B/SSV_HVAC/s7extref/s7pltref.lck,0,MOVE_TO_FIELDDATA,PLC/HMI/SCADA backup candidate
02. Project Backup/Factory B/SSV_HVAC/s7extref/s7pltref.xml,77,MOVE_TO_FIELDDATA,PLC/HMI/SCADA backup candidate
02. Project Backup/Factory B/SSV_HVAC/s7netpro.npa,1888,MOVE_TO_FIELDDATA,PLC/HMI/SCADA backup candidate
02. Project Backup/Factory B/SSV_HVAC/S7Netze/S7NONFGX.id,4,MOVE_TO_FIELDDATA,PLC/HMI/SCADA backup candidate
02. Project Backup/Factory B/SSV_HVAC/S7Netze/S7NONFGX.lnk,32768,MOVE_TO_FIELDDATA,PLC/HMI/SCADA backup candidate
02. Project Backup/Factory B/SSV_HVAC/S7Netze/S7NONFGX.tab,247383,MOVE_TO_FIELDDATA,PLC/HMI/SCADA backup candidate
02. Project Backup/Factory B/SSV_HVAC/S7NFREMX/S7NFREMX.tab,0,MOVE_TO_FIELDDATA,PLC/HMI/SCADA backup candidate
02. Project Backup/Factory B/SSV_HVAC/S7PPLOMX/layout,130,MOVE_TO_FIELDDATA,PLC/HMI/SCADA backup candidate
02. Project Backup/Factory B/SSV_HVAC/sdb/00000001/00000003.PG,650,MOVE_TO_FIELDDATA,PLC/HMI/SCADA backup candidate
02. Project Backup/Factory B/SSV_HVAC/sdb/00000001/000000d0.PG,338,MOVE_TO_FIELDDATA,PLC/HMI/SCADA backup candidate
02. Project Backup/Factory B/SSV_HVAC/sdb/00000001/0000010d.PG,566,MOVE_TO_FIELDDATA,PLC/HMI/SCADA backup candidate
02. Project Backup/Factory B/SSV_HVAC/sdb/00000001/0000010e.PG,142,MOVE_TO_FIELDDATA,PLC/HMI/SCADA backup candidate
02. Project Backup/Factory B/SSV_HVAC/sdb/00000001/0000010f.PG,2230,MOVE_TO_FIELDDATA,PLC/HMI/SCADA backup candidate
02. Project Backup/Factory B/SSV_HVAC/sdb/00000001/00000110.PG,696,MOVE_TO_FIELDDATA,PLC/HMI/SCADA backup candidate
02. Project Backup/Factory B/SSV_HVAC/sdb/00000001/00000111.PG,306,MOVE_TO_FIELDDATA,PLC/HMI/SCADA backup candidate
02. Project Backup/Factory B/SSV_HVAC/sdb/00000001/00000112.PG,922,MOVE_TO_FIELDDATA,PLC/HMI/SCADA backup candidate
02. Project Backup/Factory B/SSV_HVAC/sdb/00000001/00000113.PG,716,MOVE_TO_FIELDDATA,PLC/HMI/SCADA backup candidate
02. Project Backup/Factory B/SSV_HVAC/sdb/00000001/00000114.PG,624,MOVE_TO_FIELDDATA,PLC/HMI/SCADA backup candidate
02. Project Backup/Factory B/SSV_HVAC/sdb/00000001/00000115.PG,138,MOVE_TO_FIELDDATA,PLC/HMI/SCADA backup candidate
02. Project Backup/Factory B/SSV_HVAC/sdb/00000001/00000116.PG,306,MOVE_TO_FIELDDATA,PLC/HMI/SCADA backup candidate
02. Project Backup/Factory B/SSV_HVAC/sdb/00000001/00000117.PG,152,MOVE_TO_FIELDDATA,PLC/HMI/SCADA backup candidate
02. Project Backup/Factory B/SSV_HVAC/sdb/00000001/00000118.PG,238,MOVE_TO_FIELDDATA,PLC/HMI/SCADA backup candidate
02. Project Backup/Factory B/SSV_HVAC/sdb/00000001/link/00000001.DBF,414,MOVE_TO_FIELDDATA,PLC/HMI/SCADA backup candidate
02. Project Backup/Factory B/SSV_HVAC/sdb/00000001/list/00000001.DBF,31434,MOVE_TO_FIELDDATA,PLC/HMI/SCADA backup candidate
02. Project Backup/Factory B/SSV_HVAC/sdb/00000001/list/00000001.MDX,4096,MOVE_TO_FIELDDATA,PLC/HMI/SCADA backup candidate
02. Project Backup/Factory B/SSV_HVAC/sdb/00000002/00000003.PG,650,MOVE_TO_FIELDDATA,PLC/HMI/SCADA backup candidate
02. Project Backup/Factory B/SSV_HVAC/sdb/00000002/000000cf.PG,338,MOVE_TO_FIELDDATA,PLC/HMI/SCADA backup candidate
02. Project Backup/Factory B/SSV_HVAC/sdb/00000002/000000dd.PG,306,MOVE_TO_FIELDDATA,PLC/HMI/SCADA backup candidate
02. Project Backup/Factory B/SSV_HVAC/sdb/00000002/000000de.PG,920,MOVE_TO_FIELDDATA,PLC/HMI/SCADA backup candidate
02. Project Backup/Factory B/SSV_HVAC/sdb/00000002/000000df.PG,920,MOVE_TO_FIELDDATA,PLC/HMI/SCADA backup candidate
02. Project Backup/Factory B/SSV_HVAC/sdb/00000002/000000e0.PG,820,MOVE_TO_FIELDDATA,PLC/HMI/SCADA backup candidate
02. Project Backup/Factory B/SSV_HVAC/sdb/00000002/000000e1.PG,138,MOVE_TO_FIELDDATA,PLC/HMI/SCADA backup candidate
02. Project Backup/Factory B/SSV_HVAC/sdb/00000002/000000e2.PG,306,MOVE_TO_FIELDDATA,PLC/HMI/SCADA backup candidate
02. Project Backup/Factory B/SSV_HVAC/sdb/00000002/000000e3.PG,152,MOVE_TO_FIELDDATA,PLC/HMI/SCADA backup candidate
02. Project Backup/Factory B/SSV_HVAC/sdb/00000002/000000e4.PG,566,MOVE_TO_FIELDDATA,PLC/HMI/SCADA backup candidate
02. Project Backup/Factory B/SSV_HVAC/sdb/00000002/000000e5.PG,142,MOVE_TO_FIELDDATA,PLC/HMI/SCADA backup candidate
02. Project Backup/Factory B/SSV_HVAC/sdb/00000002/000000e6.PG,2804,MOVE_TO_FIELDDATA,PLC/HMI/SCADA backup candidate
02. Project Backup/Factory B/SSV_HVAC/sdb/00000002/000000e7.PG,696,MOVE_TO_FIELDDATA,PLC/HMI/SCADA backup candidate
02. Project Backup/Factory B/SSV_HVAC/sdb/00000002/000000e8.PG,238,MOVE_TO_FIELDDATA,PLC/HMI/SCADA backup candidate
02. Project Backup/Factory B/SSV_HVAC/sdb/00000002/link/00000002.DBF,414,MOVE_TO_FIELDDATA,PLC/HMI/SCADA backup candidate
02. Project Backup/Factory B/SSV_HVAC/sdb/00000002/list/00000002.DBF,26106,MOVE_TO_FIELDDATA,PLC/HMI/SCADA backup candidate
02. Project Backup/Factory B/SSV_HVAC/sdb/00000002/list/00000002.MDX,4096,MOVE_TO_FIELDDATA,PLC/HMI/SCADA backup candidate
02. Project Backup/Factory B/SSV_HVAC/sdb/00000003/00000003.PG,650,MOVE_TO_FIELDDATA,PLC/HMI/SCADA backup candidate
02. Project Backup/Factory B/SSV_HVAC/sdb/00000003/000000cf.PG,338,MOVE_TO_FIELDDATA,PLC/HMI/SCADA backup candidate
02. Project Backup/Factory B/SSV_HVAC/sdb/00000003/000000dd.PG,306,MOVE_TO_FIELDDATA,PLC/HMI/SCADA backup candidate
02. Project Backup/Factory B/SSV_HVAC/sdb/00000003/000000de.PG,920,MOVE_TO_FIELDDATA,PLC/HMI/SCADA backup candidate
02. Project Backup/Factory B/SSV_HVAC/sdb/00000003/000000df.PG,836,MOVE_TO_FIELDDATA,PLC/HMI/SCADA backup candidate
02. Project Backup/Factory B/SSV_HVAC/sdb/00000003/000000e0.PG,702,MOVE_TO_FIELDDATA,PLC/HMI/SCADA backup candidate
02. Project Backup/Factory B/SSV_HVAC/sdb/00000003/000000e1.PG,138,MOVE_TO_FIELDDATA,PLC/HMI/SCADA backup candidate
02. Project Backup/Factory B/SSV_HVAC/sdb/00000003/000000e2.PG,306,MOVE_TO_FIELDDATA,PLC/HMI/SCADA backup candidate
02. Project Backup/Factory B/SSV_HVAC/sdb/00000003/000000e3.PG,152,MOVE_TO_FIELDDATA,PLC/HMI/SCADA backup candidate
02. Project Backup/Factory B/SSV_HVAC/sdb/00000003/000000e4.PG,566,MOVE_TO_FIELDDATA,PLC/HMI/SCADA backup candidate
02. Project Backup/Factory B/SSV_HVAC/sdb/00000003/000000e5.PG,142,MOVE_TO_FIELDDATA,PLC/HMI/SCADA backup candidate
02. Project Backup/Factory B/SSV_HVAC/sdb/00000003/000000e6.PG,2410,MOVE_TO_FIELDDATA,PLC/HMI/SCADA backup candidate
02. Project Backup/Factory B/SSV_HVAC/sdb/00000003/000000e7.PG,696,MOVE_TO_FIELDDATA,PLC/HMI/SCADA backup candidate
02. Project Backup/Factory B/SSV_HVAC/sdb/00000003/000000e8.PG,238,MOVE_TO_FIELDDATA,PLC/HMI/SCADA backup candidate
02. Project Backup/Factory B/SSV_HVAC/sdb/00000003/link/00000003.DBF,414,MOVE_TO_FIELDDATA,PLC/HMI/SCADA backup candidate
02. Project Backup/Factory B/SSV_HVAC/sdb/00000003/list/00000003.DBF,26106,MOVE_TO_FIELDDATA,PLC/HMI/SCADA backup candidate
02. Project Backup/Factory B/SSV_HVAC/sdb/00000003/list/00000003.MDX,4096,MOVE_TO_FIELDDATA,PLC/HMI/SCADA backup candidate
02. Project Backup/Factory B/SSV_HVAC/sdb/00000004/00000003.PG,650,MOVE_TO_FIELDDATA,PLC/HMI/SCADA backup candidate
02. Project Backup/Factory B/SSV_HVAC/sdb/00000004/000000cf.PG,338,MOVE_TO_FIELDDATA,PLC/HMI/SCADA backup candidate
02. Project Backup/Factory B/SSV_HVAC/sdb/00000004/000000e9.PG,696,MOVE_TO_FIELDDATA,PLC/HMI/SCADA backup candidate
02. Project Backup/Factory B/SSV_HVAC/sdb/00000004/000000ea.PG,2120,MOVE_TO_FIELDDATA,PLC/HMI/SCADA backup candidate
02. Project Backup/Factory B/SSV_HVAC/sdb/00000004/000000eb.PG,306,MOVE_TO_FIELDDATA,PLC/HMI/SCADA backup candidate
02. Project Backup/Factory B/SSV_HVAC/sdb/00000004/000000ec.PG,142,MOVE_TO_FIELDDATA,PLC/HMI/SCADA backup candidate
02. Project Backup/Factory B/SSV_HVAC/sdb/00000004/000000ed.PG,702,MOVE_TO_FIELDDATA,PLC/HMI/SCADA backup candidate
02. Project Backup/Factory B/SSV_HVAC/sdb/00000004/000000ee.PG,152,MOVE_TO_FIELDDATA,PLC/HMI/SCADA backup candidate
02. Project Backup/Factory B/SSV_HVAC/sdb/00000004/000000ef.PG,306,MOVE_TO_FIELDDATA,PLC/HMI/SCADA backup candidate
02. Project Backup/Factory B/SSV_HVAC/sdb/00000004/000000f0.PG,138,MOVE_TO_FIELDDATA,PLC/HMI/SCADA backup candidate
02. Project Backup/Factory B/SSV_HVAC/sdb/00000004/000000f1.PG,572,MOVE_TO_FIELDDATA,PLC/HMI/SCADA backup candidate
02. Project Backup/Factory B/SSV_HVAC/sdb/00000004/000000f2.PG,636,MOVE_TO_FIELDDATA,PLC/HMI/SCADA backup candidate
02. Project Backup/Factory B/SSV_HVAC/sdb/00000004/000000f3.PG,920,MOVE_TO_FIELDDATA,PLC/HMI/SCADA backup candidate
02. Project Backup/Factory B/SSV_HVAC/sdb/00000004/000000f4.PG,238,MOVE_TO_FIELDDATA,PLC/HMI/SCADA backup candidate
02. Project Backup/Factory B/SSV_HVAC/sdb/00000004/link/00000004.DBF,414,MOVE_TO_FIELDDATA,PLC/HMI/SCADA backup candidate
02. Project Backup/Factory B/SSV_HVAC/sdb/00000004/list/00000004.DBF,27438,MOVE_TO_FIELDDATA,PLC/HMI/SCADA backup candidate
02. Project Backup/Factory B/SSV_HVAC/sdb/00000004/list/00000004.MDX,4096,MOVE_TO_FIELDDATA,PLC/HMI/SCADA backup candidate
02. Project Backup/Factory B/SSV_HVAC/sdb/00000005/00000003.PG,650,MOVE_TO_FIELDDATA,PLC/HMI/SCADA backup candidate
02. Project Backup/Factory B/SSV_HVAC/sdb/00000005/000000e8.PG,338,MOVE_TO_FIELDDATA,PLC/HMI/SCADA backup candidate
02. Project Backup/Factory B/SSV_HVAC/sdb/00000005/000000ea.PG,696,MOVE_TO_FIELDDATA,PLC/HMI/SCADA backup candidate
02. Project Backup/Factory B/SSV_HVAC/sdb/00000005/000000eb.PG,1886,MOVE_TO_FIELDDATA,PLC/HMI/SCADA backup candidate
02. Project Backup/Factory B/SSV_HVAC/sdb/00000005/000000ec.PG,142,MOVE_TO_FIELDDATA,PLC/HMI/SCADA backup candidate
02. Project Backup/Factory B/SSV_HVAC/sdb/00000005/000000ed.PG,566,MOVE_TO_FIELDDATA,PLC/HMI/SCADA backup candidate
02. Project Backup/Factory B/SSV_HVAC/sdb/00000005/000000ee.PG,152,MOVE_TO_FIELDDATA,PLC/HMI/SCADA backup candidate
02. Project Backup/Factory B/SSV_HVAC/sdb/00000005/000000ef.PG,306,MOVE_TO_FIELDDATA,PLC/HMI/SCADA backup candidate
02. Project Backup/Factory B/SSV_HVAC/sdb/00000005/000000f0.PG,138,MOVE_TO_FIELDDATA,PLC/HMI/SCADA backup candidate
02. Project Backup/Factory B/SSV_HVAC/sdb/00000005/000000f1.PG,520,MOVE_TO_FIELDDATA,PLC/HMI/SCADA backup candidate
02. Project Backup/Factory B/SSV_HVAC/sdb/00000005/000000f2.PG,592,MOVE_TO_FIELDDATA,PLC/HMI/SCADA backup candidate
02. Project Backup/Factory B/SSV_HVAC/sdb/00000005/000000f3.PG,920,MOVE_TO_FIELDDATA,PLC/HMI/SCADA backup candidate
02. Project Backup/Factory B/SSV_HVAC/sdb/00000005/000000f4.PG,306,MOVE_TO_FIELDDATA,PLC/HMI/SCADA backup candidate
02. Project Backup/Factory B/SSV_HVAC/sdb/00000005/000000f5.PG,238,MOVE_TO_FIELDDATA,PLC/HMI/SCADA backup candidate
02. Project Backup/Factory B/SSV_HVAC/sdb/00000005/link/00000005.DBF,414,MOVE_TO_FIELDDATA,PLC/HMI/SCADA backup candidate
02. Project Backup/Factory B/SSV_HVAC/sdb/00000005/list/00000005.DBF,27549,MOVE_TO_FIELDDATA,PLC/HMI/SCADA backup candidate
02. Project Backup/Factory B/SSV_HVAC/sdb/00000005/list/00000005.MDX,4096,MOVE_TO_FIELDDATA,PLC/HMI/SCADA backup candidate
02. Project Backup/Factory B/SSV_HVAC/sdb/00000006/00000003.PG,650,MOVE_TO_FIELDDATA,PLC/HMI/SCADA backup candidate
02. Project Backup/Factory B/SSV_HVAC/sdb/00000006/000000d0.PG,338,MOVE_TO_FIELDDATA,PLC/HMI/SCADA backup candidate
02. Project Backup/Factory B/SSV_HVAC/sdb/00000006/000000f5.PG,702,MOVE_TO_FIELDDATA,PLC/HMI/SCADA backup candidate
02. Project Backup/Factory B/SSV_HVAC/sdb/00000006/000000f6.PG,142,MOVE_TO_FIELDDATA,PLC/HMI/SCADA backup candidate
02. Project Backup/Factory B/SSV_HVAC/sdb/00000006/000000f7.PG,2180,MOVE_TO_FIELDDATA,PLC/HMI/SCADA backup candidate
02. Project Backup/Factory B/SSV_HVAC/sdb/00000006/000000f8.PG,696,MOVE_TO_FIELDDATA,PLC/HMI/SCADA backup candidate
02. Project Backup/Factory B/SSV_HVAC/sdb/00000006/000000f9.PG,306,MOVE_TO_FIELDDATA,PLC/HMI/SCADA backup candidate
02. Project Backup/Factory B/SSV_HVAC/sdb/00000006/000000fa.PG,920,MOVE_TO_FIELDDATA,PLC/HMI/SCADA backup candidate
02. Project Backup/Factory B/SSV_HVAC/sdb/00000006/000000fb.PG,676,MOVE_TO_FIELDDATA,PLC/HMI/SCADA backup candidate
02. Project Backup/Factory B/SSV_HVAC/sdb/00000006/000000fc.PG,598,MOVE_TO_FIELDDATA,PLC/HMI/SCADA backup candidate
02. Project Backup/Factory B/SSV_HVAC/sdb/00000006/000000fd.PG,138,MOVE_TO_FIELDDATA,PLC/HMI/SCADA backup candidate
02. Project Backup/Factory B/SSV_HVAC/sdb/00000006/000000fe.PG,306,MOVE_TO_FIELDDATA,PLC/HMI/SCADA backup candidate
02. Project Backup/Factory B/SSV_HVAC/sdb/00000006/000000ff.PG,152,MOVE_TO_FIELDDATA,PLC/HMI/SCADA backup candidate
02. Project Backup/Factory B/SSV_HVAC/sdb/00000006/00000100.PG,238,MOVE_TO_FIELDDATA,PLC/HMI/SCADA backup candidate
02. Project Backup/Factory B/SSV_HVAC/sdb/00000006/link/00000006.DBF,414,MOVE_TO_FIELDDATA,PLC/HMI/SCADA backup candidate
02. Project Backup/Factory B/SSV_HVAC/sdb/00000006/list/00000006.DBF,28770,MOVE_TO_FIELDDATA,PLC/HMI/SCADA backup candidate
02. Project Backup/Factory B/SSV_HVAC/sdb/00000006/list/00000006.MDX,4096,MOVE_TO_FIELDDATA,PLC/HMI/SCADA backup candidate
02. Project Backup/Factory B/SSV_HVAC/sdb/00000007/00000003.PG,650,MOVE_TO_FIELDDATA,PLC/HMI/SCADA backup candidate
02. Project Backup/Factory B/SSV_HVAC/sdb/00000007/000000e8.PG,338,MOVE_TO_FIELDDATA,PLC/HMI/SCADA backup candidate
02. Project Backup/Factory B/SSV_HVAC/sdb/00000007/000000f5.PG,636,MOVE_TO_FIELDDATA,PLC/HMI/SCADA backup candidate
02. Project Backup/Factory B/SSV_HVAC/sdb/00000007/000000f6.PG,572,MOVE_TO_FIELDDATA,PLC/HMI/SCADA backup candidate
02. Project Backup/Factory B/SSV_HVAC/sdb/00000007/000000f7.PG,138,MOVE_TO_FIELDDATA,PLC/HMI/SCADA backup candidate
02. Project Backup/Factory B/SSV_HVAC/sdb/00000007/000000f8.PG,306,MOVE_TO_FIELDDATA,PLC/HMI/SCADA backup candidate
02. Project Backup/Factory B/SSV_HVAC/sdb/00000007/000000f9.PG,152,MOVE_TO_FIELDDATA,PLC/HMI/SCADA backup candidate
02. Project Backup/Factory B/SSV_HVAC/sdb/00000007/000000fa.PG,702,MOVE_TO_FIELDDATA,PLC/HMI/SCADA backup candidate
02. Project Backup/Factory B/SSV_HVAC/sdb/00000007/000000fb.PG,142,MOVE_TO_FIELDDATA,PLC/HMI/SCADA backup candidate
02. Project Backup/Factory B/SSV_HVAC/sdb/00000007/000000fc.PG,306,MOVE_TO_FIELDDATA,PLC/HMI/SCADA backup candidate
02. Project Backup/Factory B/SSV_HVAC/sdb/00000007/000000fd.PG,2120,MOVE_TO_FIELDDATA,PLC/HMI/SCADA backup candidate
02. Project Backup/Factory B/SSV_HVAC/sdb/00000007/000000fe.PG,696,MOVE_TO_FIELDDATA,PLC/HMI/SCADA backup candidate
02. Project Backup/Factory B/SSV_HVAC/sdb/00000007/000000ff.PG,920,MOVE_TO_FIELDDATA,PLC/HMI/SCADA backup candidate
02. Project Backup/Factory B/SSV_HVAC/sdb/00000007/00000100.PG,238,MOVE_TO_FIELDDATA,PLC/HMI/SCADA backup candidate
02. Project Backup/Factory B/SSV_HVAC/sdb/00000007/link/00000007.DBF,414,MOVE_TO_FIELDDATA,PLC/HMI/SCADA backup candidate
02. Project Backup/Factory B/SSV_HVAC/sdb/00000007/list/00000007.DBF,28770,MOVE_TO_FIELDDATA,PLC/HMI/SCADA backup candidate
02. Project Backup/Factory B/SSV_HVAC/sdb/00000007/list/00000007.MDX,4096,MOVE_TO_FIELDDATA,PLC/HMI/SCADA backup candidate
02. Project Backup/Factory B/SSV_HVAC/sdb/00000008/00000003.PG,650,MOVE_TO_FIELDDATA,PLC/HMI/SCADA backup candidate
02. Project Backup/Factory B/SSV_HVAC/sdb/00000008/00000125.PG,338,MOVE_TO_FIELDDATA,PLC/HMI/SCADA backup candidate
02. Project Backup/Factory B/SSV_HVAC/sdb/00000008/00000132.PG,922,MOVE_TO_FIELDDATA,PLC/HMI/SCADA backup candidate
02. Project Backup/Factory B/SSV_HVAC/sdb/00000008/00000133.PG,696,MOVE_TO_FIELDDATA,PLC/HMI/SCADA backup candidate
02. Project Backup/Factory B/SSV_HVAC/sdb/00000008/00000134.PG,2144,MOVE_TO_FIELDDATA,PLC/HMI/SCADA backup candidate
02. Project Backup/Factory B/SSV_HVAC/sdb/00000008/00000135.PG,142,MOVE_TO_FIELDDATA,PLC/HMI/SCADA backup candidate
02. Project Backup/Factory B/SSV_HVAC/sdb/00000008/00000136.PG,566,MOVE_TO_FIELDDATA,PLC/HMI/SCADA backup candidate
02. Project Backup/Factory B/SSV_HVAC/sdb/00000008/00000137.PG,152,MOVE_TO_FIELDDATA,PLC/HMI/SCADA backup candidate
02. Project Backup/Factory B/SSV_HVAC/sdb/00000008/00000138.PG,306,MOVE_TO_FIELDDATA,PLC/HMI/SCADA backup candidate
02. Project Backup/Factory B/SSV_HVAC/sdb/00000008/00000139.PG,138,MOVE_TO_FIELDDATA,PLC/HMI/SCADA backup candidate
02. Project Backup/Factory B/SSV_HVAC/sdb/00000008/0000013a.PG,624,MOVE_TO_FIELDDATA,PLC/HMI/SCADA backup candidate
02. Project Backup/Factory B/SSV_HVAC/sdb/00000008/0000013b.PG,700,MOVE_TO_FIELDDATA,PLC/HMI/SCADA backup candidate
02. Project Backup/Factory B/SSV_HVAC/sdb/00000008/0000013c.PG,306,MOVE_TO_FIELDDATA,PLC/HMI/SCADA backup candidate
02. Project Backup/Factory B/SSV_HVAC/sdb/00000008/0000013d.PG,238,MOVE_TO_FIELDDATA,PLC/HMI/SCADA backup candidate
02. Project Backup/Factory B/SSV_HVAC/sdb/00000008/link/00000008.DBF,414,MOVE_TO_FIELDDATA,PLC/HMI/SCADA backup candidate
02. Project Backup/Factory B/SSV_HVAC/sdb/00000008/list/00000008.DBF,35541,MOVE_TO_FIELDDATA,PLC/HMI/SCADA backup candidate
02. Project Backup/Factory B/SSV_HVAC/sdb/00000008/list/00000008.MDX,4096,MOVE_TO_FIELDDATA,PLC/HMI/SCADA backup candidate
02. Project Backup/Factory B/SSV_HVAC/sdb/00000009/00000013.PG,650,MOVE_TO_FIELDDATA,PLC/HMI/SCADA backup candidate
02. Project Backup/Factory B/SSV_HVAC/sdb/00000009/00000260.PG,106,MOVE_TO_FIELDDATA,PLC/HMI/SCADA backup candidate
02. Project Backup/Factory B/SSV_HVAC/sdb/00000009/00000261.PG,106,MOVE_TO_FIELDDATA,PLC/HMI/SCADA backup candidate
02. Project Backup/Factory B/SSV_HVAC/sdb/00000009/0000028a.PG,338,MOVE_TO_FIELDDATA,PLC/HMI/SCADA backup candidate
02. Project Backup/Factory B/SSV_HVAC/sdb/00000009/0000028b.PG,2302,MOVE_TO_FIELDDATA,PLC/HMI/SCADA backup candidate
02. Project Backup/Factory B/SSV_HVAC/sdb/00000009/0000028c.PG,142,MOVE_TO_FIELDDATA,PLC/HMI/SCADA backup candidate
02. Project Backup/Factory B/SSV_HVAC/sdb/00000009/0000028d.PG,702,MOVE_TO_FIELDDATA,PLC/HMI/SCADA backup candidate
02. Project Backup/Factory B/SSV_HVAC/sdb/00000009/0000028e.PG,152,MOVE_TO_FIELDDATA,PLC/HMI/SCADA backup candidate
02. Project Backup/Factory B/SSV_HVAC/sdb/00000009/0000028f.PG,306,MOVE_TO_FIELDDATA,PLC/HMI/SCADA backup candidate
02. Project Backup/Factory B/SSV_HVAC/sdb/00000009/00000290.PG,138,MOVE_TO_FIELDDATA,PLC/HMI/SCADA backup candidate
02. Project Backup/Factory B/SSV_HVAC/sdb/00000009/00000291.PG,650,MOVE_TO_FIELDDATA,PLC/HMI/SCADA backup candidate
02. Project Backup/Factory B/SSV_HVAC/sdb/00000009/00000292.PG,720,MOVE_TO_FIELDDATA,PLC/HMI/SCADA backup candidate
02. Project Backup/Factory B/SSV_HVAC/sdb/00000009/00000293.PG,920,MOVE_TO_FIELDDATA,PLC/HMI/SCADA backup candidate
02. Project Backup/Factory B/SSV_HVAC/sdb/00000009/00000294.PG,696,MOVE_TO_FIELDDATA,PLC/HMI/SCADA backup candidate
02. Project Backup/Factory B/SSV_HVAC/sdb/00000009/00000295.PG,306,MOVE_TO_FIELDDATA,PLC/HMI/SCADA backup candidate
02. Project Backup/Factory B/SSV_HVAC/sdb/00000009/00000296.PG,238,MOVE_TO_FIELDDATA,PLC/HMI/SCADA backup candidate
02. Project Backup/Factory B/SSV_HVAC/sdb/00000009/link/00000009.DBF,414,MOVE_TO_FIELDDATA,PLC/HMI/SCADA backup candidate
02. Project Backup/Factory B/SSV_HVAC/sdb/00000009/list/00000009.DBF,73836,MOVE_TO_FIELDDATA,PLC/HMI/SCADA backup candidate
02. Project Backup/Factory B/SSV_HVAC/sdb/00000009/list/00000009.MDX,4096,MOVE_TO_FIELDDATA,PLC/HMI/SCADA backup candidate
02. Project Backup/Factory B/SSV_HVAC/sdb/0000000a/00000118.PG,106,MOVE_TO_FIELDDATA,PLC/HMI/SCADA backup candidate
02. Project Backup/Factory B/SSV_HVAC/sdb/0000000a/00000119.PG,106,MOVE_TO_FIELDDATA,PLC/HMI/SCADA backup candidate
02. Project Backup/Factory B/SSV_HVAC/sdb/0000000a/00000123.PG,338,MOVE_TO_FIELDDATA,PLC/HMI/SCADA backup candidate
02. Project Backup/Factory B/SSV_HVAC/sdb/0000000a/00000125.PG,920,MOVE_TO_FIELDDATA,PLC/HMI/SCADA backup candidate
02. Project Backup/Factory B/SSV_HVAC/sdb/0000000a/00000126.PG,2836,MOVE_TO_FIELDDATA,PLC/HMI/SCADA backup candidate
02. Project Backup/Factory B/SSV_HVAC/sdb/0000000a/00000127.PG,744,MOVE_TO_FIELDDATA,PLC/HMI/SCADA backup candidate
02. Project Backup/Factory B/SSV_HVAC/sdb/0000000a/00000128.PG,152,MOVE_TO_FIELDDATA,PLC/HMI/SCADA backup candidate
02. Project Backup/Factory B/SSV_HVAC/sdb/0000000a/00000129.PG,510,MOVE_TO_FIELDDATA,PLC/HMI/SCADA backup candidate
02. Project Backup/Factory B/SSV_HVAC/sdb/0000000a/0000012a.PG,142,MOVE_TO_FIELDDATA,PLC/HMI/SCADA backup candidate
02. Project Backup/Factory B/SSV_HVAC/sdb/0000000a/0000012b.PG,138,MOVE_TO_FIELDDATA,PLC/HMI/SCADA backup candidate
02. Project Backup/Factory B/SSV_HVAC/sdb/0000000a/0000012c.PG,820,MOVE_TO_FIELDDATA,PLC/HMI/SCADA backup candidate
02. Project Backup/Factory B/SSV_HVAC/sdb/0000000a/0000012d.PG,306,MOVE_TO_FIELDDATA,PLC/HMI/SCADA backup candidate
02. Project Backup/Factory B/SSV_HVAC/sdb/0000000a/0000012e.PG,696,MOVE_TO_FIELDDATA,PLC/HMI/SCADA backup candidate
02. Project Backup/Factory B/SSV_HVAC/sdb/0000000a/0000012f.PG,306,MOVE_TO_FIELDDATA,PLC/HMI/SCADA backup candidate
02. Project Backup/Factory B/SSV_HVAC/sdb/0000000a/00000130.PG,238,MOVE_TO_FIELDDATA,PLC/HMI/SCADA backup candidate
02. Project Backup/Factory B/SSV_HVAC/sdb/0000000a/link/0000000A.DBF,414,MOVE_TO_FIELDDATA,PLC/HMI/SCADA backup candidate
02. Project Backup/Factory B/SSV_HVAC/sdb/0000000a/list/0000000A.DBF,34098,MOVE_TO_FIELDDATA,PLC/HMI/SCADA backup candidate
02. Project Backup/Factory B/SSV_HVAC/sdb/0000000a/list/0000000A.MDX,4096,MOVE_TO_FIELDDATA,PLC/HMI/SCADA backup candidate
02. Project Backup/Factory B/SSV_HVAC/sdb/0000000c/00000003.PG,650,MOVE_TO_FIELDDATA,PLC/HMI/SCADA backup candidate
02. Project Backup/Factory B/SSV_HVAC/sdb/0000000c/000000f8.PG,338,MOVE_TO_FIELDDATA,PLC/HMI/SCADA backup candidate
02. Project Backup/Factory B/SSV_HVAC/sdb/0000000c/0000012a.PG,696,MOVE_TO_FIELDDATA,PLC/HMI/SCADA backup candidate
02. Project Backup/Factory B/SSV_HVAC/sdb/0000000c/0000012b.PG,1266,MOVE_TO_FIELDDATA,PLC/HMI/SCADA backup candidate
02. Project Backup/Factory B/SSV_HVAC/sdb/0000000c/0000012c.PG,142,MOVE_TO_FIELDDATA,PLC/HMI/SCADA backup candidate
02. Project Backup/Factory B/SSV_HVAC/sdb/0000000c/0000012d.PG,694,MOVE_TO_FIELDDATA,PLC/HMI/SCADA backup candidate
02. Project Backup/Factory B/SSV_HVAC/sdb/0000000c/0000012e.PG,152,MOVE_TO_FIELDDATA,PLC/HMI/SCADA backup candidate
02. Project Backup/Factory B/SSV_HVAC/sdb/0000000c/0000012f.PG,306,MOVE_TO_FIELDDATA,PLC/HMI/SCADA backup candidate
02. Project Backup/Factory B/SSV_HVAC/sdb/0000000c/00000130.PG,138,MOVE_TO_FIELDDATA,PLC/HMI/SCADA backup candidate
02. Project Backup/Factory B/SSV_HVAC/sdb/0000000c/00000131.PG,246,MOVE_TO_FIELDDATA,PLC/HMI/SCADA backup candidate
02. Project Backup/Factory B/SSV_HVAC/sdb/0000000c/00000132.PG,192,MOVE_TO_FIELDDATA,PLC/HMI/SCADA backup candidate
02. Project Backup/Factory B/SSV_HVAC/sdb/0000000c/00000133.PG,924,MOVE_TO_FIELDDATA,PLC/HMI/SCADA backup candidate
02. Project Backup/Factory B/SSV_HVAC/sdb/0000000c/00000134.PG,306,MOVE_TO_FIELDDATA,PLC/HMI/SCADA backup candidate
02. Project Backup/Factory B/SSV_HVAC/sdb/0000000c/00000135.PG,238,MOVE_TO_FIELDDATA,PLC/HMI/SCADA backup candidate
02. Project Backup/Factory B/SSV_HVAC/sdb/0000000c/link/0000000C.DBF,414,MOVE_TO_FIELDDATA,PLC/HMI/SCADA backup candidate
02. Project Backup/Factory B/SSV_HVAC/sdb/0000000c/list/0000000C.DBF,34653,MOVE_TO_FIELDDATA,PLC/HMI/SCADA backup candidate
02. Project Backup/Factory B/SSV_HVAC/sdb/0000000c/list/0000000C.MDX,4096,MOVE_TO_FIELDDATA,PLC/HMI/SCADA backup candidate
02. Project Backup/Factory B/SSV_HVAC/sdb/S0112001.DBF,1301,MOVE_TO_FIELDDATA,PLC/HMI/SCADA backup candidate
02. Project Backup/Factory B/SSV_HVAC/sdb/S0112001.MDX,4096,MOVE_TO_FIELDDATA,PLC/HMI/SCADA backup candidate
02. Project Backup/Factory B/SSV_HVAC/sdb/sdblast.id,8,MOVE_TO_FIELDDATA,PLC/HMI/SCADA backup candidate
02. Project Backup/Factory B/SSV_HVAC/sdb/sdblock.lck,0,MOVE_TO_FIELDDATA,PLC/HMI/SCADA backup candidate
02. Project Backup/Factory B/SSV_HVAC/SSV_HVAC.s7p,103,MOVE_TO_FIELDDATA,PLC/HMI/SCADA backup candidate
02. Project Backup/Factory B/SSV_HVAC/SSV_HVAC.S7S,0,MOVE_TO_FIELDDATA,PLC/HMI/SCADA backup candidate
02. Project Backup/Factory B/SSV_HVAC/SyncTSvr,0,MOVE_TO_FIELDDATA,PLC/HMI/SCADA backup candidate
02. Project Backup/Factory B/SSV_HVAC/XUTILS/BS000002.lck,0,MOVE_TO_FIELDDATA,PLC/HMI/SCADA backup candidate
02. Project Backup/Factory B/SSV_HVAC/XUTILS/BS000003.lck,0,MOVE_TO_FIELDDATA,PLC/HMI/SCADA backup candidate
02. Project Backup/Factory B/SSV_HVAC/XUTILS/BS000004.lck,0,MOVE_TO_FIELDDATA,PLC/HMI/SCADA backup candidate
02. Project Backup/Factory B/SSV_HVAC/XUTILS/BS000005.lck,0,MOVE_TO_FIELDDATA,PLC/HMI/SCADA backup candidate
02. Project Backup/Factory B/SSV_HVAC/XUTILS/BS000006.lck,0,MOVE_TO_FIELDDATA,PLC/HMI/SCADA backup candidate
02. Project Backup/Factory B/SSV_HVAC/XUTILS/BS000007.lck,0,MOVE_TO_FIELDDATA,PLC/HMI/SCADA backup candidate
02. Project Backup/Factory B/SSV_HVAC/XUTILS/BS000008.lck,0,MOVE_TO_FIELDDATA,PLC/HMI/SCADA backup candidate
02. Project Backup/Factory B/SSV_HVAC/XUTILS/BS000009.lck,0,MOVE_TO_FIELDDATA,PLC/HMI/SCADA backup candidate
02. Project Backup/Factory B/SSV_HVAC/XUTILS/BS00000a.lck,0,MOVE_TO_FIELDDATA,PLC/HMI/SCADA backup candidate
02. Project Backup/Factory B/SSV_HVAC/XUTILS/BS00000b.lck,0,MOVE_TO_FIELDDATA,PLC/HMI/SCADA backup candidate
02. Project Backup/Factory B/SSV_HVAC/XUTILS/BS00000d.lck,0,MOVE_TO_FIELDDATA,PLC/HMI/SCADA backup candidate
02. Project Backup/Factory B/SSV_HVAC/XUTILS/BS112001.DBF,1325,MOVE_TO_FIELDDATA,PLC/HMI/SCADA backup candidate
02. Project Backup/Factory B/SSV_HVAC/XUTILS/BS112001.MDX,4096,MOVE_TO_FIELDDATA,PLC/HMI/SCADA backup candidate
02. Project Backup/Factory B/SSV_HVAC/XUTILS/BSlstlck.lck,0,MOVE_TO_FIELDDATA,PLC/HMI/SCADA backup candidate
02. Project Backup/Factory B/SSV_HVAC/XUTILS/BstlID.ubs,4,MOVE_TO_FIELDDATA,PLC/HMI/SCADA backup candidate
02. Project Backup/Factory B/SSV_HVAC/XUTILS/CT112001.DBF,1378,MOVE_TO_FIELDDATA,PLC/HMI/SCADA backup candidate
02. Project Backup/Factory B/SSV_HVAC/XUTILS/CT112001.MDX,4096,MOVE_TO_FIELDDATA,PLC/HMI/SCADA backup candidate
02. Project Backup/Factory B/SSV_HVAC/XUTILS/CtlistID.uct,4,MOVE_TO_FIELDDATA,PLC/HMI/SCADA backup candidate
02. Project Backup/Factory B/SSV_HVAC/XUTILS/CTlstlck.lck,0,MOVE_TO_FIELDDATA,PLC/HMI/SCADA backup candidate
02. Project Backup/Factory B/SSV_HVAC/XUTILS/links/BSL00002.DBF,414,MOVE_TO_FIELDDATA,PLC/HMI/SCADA backup candidate
02. Project Backup/Factory B/SSV_HVAC/XUTILS/links/BSL00003.DBF,414,MOVE_TO_FIELDDATA,PLC/HMI/SCADA backup candidate
02. Project Backup/Factory B/SSV_HVAC/XUTILS/links/BSL00004.DBF,414,MOVE_TO_FIELDDATA,PLC/HMI/SCADA backup candidate
02. Project Backup/Factory B/SSV_HVAC/XUTILS/links/BSL00005.DBF,414,MOVE_TO_FIELDDATA,PLC/HMI/SCADA backup candidate
02. Project Backup/Factory B/SSV_HVAC/XUTILS/links/BSL00006.DBF,414,MOVE_TO_FIELDDATA,PLC/HMI/SCADA backup candidate
02. Project Backup/Factory B/SSV_HVAC/XUTILS/links/BSL00007.DBF,414,MOVE_TO_FIELDDATA,PLC/HMI/SCADA backup candidate
02. Project Backup/Factory B/SSV_HVAC/XUTILS/links/BSL00008.DBF,414,MOVE_TO_FIELDDATA,PLC/HMI/SCADA backup candidate
02. Project Backup/Factory B/SSV_HVAC/XUTILS/links/BSL00009.DBF,414,MOVE_TO_FIELDDATA,PLC/HMI/SCADA backup candidate
02. Project Backup/Factory B/SSV_HVAC/XUTILS/links/BSL0000A.DBF,414,MOVE_TO_FIELDDATA,PLC/HMI/SCADA backup candidate
02. Project Backup/Factory B/SSV_HVAC/XUTILS/links/BSL0000B.DBF,414,MOVE_TO_FIELDDATA,PLC/HMI/SCADA backup candidate
02. Project Backup/Factory B/SSV_HVAC/XUTILS/links/BSL0000D.DBF,414,MOVE_TO_FIELDDATA,PLC/HMI/SCADA backup candidate
02. Project Backup/Factory B/SSV_HVAC/XUTILS/links/CTL00002.DBF,414,MOVE_TO_FIELDDATA,PLC/HMI/SCADA backup candidate
02. Project Backup/Factory B/SSV_HVAC/XUTILS/links/CTL00003.DBF,414,MOVE_TO_FIELDDATA,PLC/HMI/SCADA backup candidate
02. Project Backup/Factory B/SSV_HVAC/XUTILS/links/CTL00004.DBF,414,MOVE_TO_FIELDDATA,PLC/HMI/SCADA backup candidate
02. Project Backup/Factory B/SSV_HVAC/XUTILS/links/CTL00005.DBF,414,MOVE_TO_FIELDDATA,PLC/HMI/SCADA backup candidate
02. Project Backup/Factory B/SSV_HVAC/XUTILS/links/CTL00006.DBF,414,MOVE_TO_FIELDDATA,PLC/HMI/SCADA backup candidate
02. Project Backup/Factory B/SSV_HVAC/XUTILS/links/CTL00007.DBF,414,MOVE_TO_FIELDDATA,PLC/HMI/SCADA backup candidate
02. Project Backup/Factory B/SSV_HVAC/XUTILS/links/CTL00008.DBF,414,MOVE_TO_FIELDDATA,PLC/HMI/SCADA backup candidate
02. Project Backup/Factory B/SSV_HVAC/XUTILS/links/CTL00009.DBF,414,MOVE_TO_FIELDDATA,PLC/HMI/SCADA backup candidate
02. Project Backup/Factory B/SSV_HVAC/XUTILS/links/CTL0000A.DBF,414,MOVE_TO_FIELDDATA,PLC/HMI/SCADA backup candidate
02. Project Backup/Factory B/SSV_HVAC/XUTILS/links/CTL0000B.DBF,336,MOVE_TO_FIELDDATA,PLC/HMI/SCADA backup candidate
02. Project Backup/Factory B/SSV_HVAC/XUTILS/links/CTL0000C.DBF,414,MOVE_TO_FIELDDATA,PLC/HMI/SCADA backup candidate
02. Project Backup/Factory B/SSV_HVAC/XUTILS/links/CTL0000D.DBF,414,MOVE_TO_FIELDDATA,PLC/HMI/SCADA backup candidate
02. Project Backup/Factory B/SSV_HVAC/XUTILS/links/XRL00002.DBF,414,MOVE_TO_FIELDDATA,PLC/HMI/SCADA backup candidate
02. Project Backup/Factory B/SSV_HVAC/XUTILS/links/XRL00003.DBF,414,MOVE_TO_FIELDDATA,PLC/HMI/SCADA backup candidate
02. Project Backup/Factory B/SSV_HVAC/XUTILS/links/XRL00004.DBF,414,MOVE_TO_FIELDDATA,PLC/HMI/SCADA backup candidate
02. Project Backup/Factory B/SSV_HVAC/XUTILS/links/XRL00005.DBF,414,MOVE_TO_FIELDDATA,PLC/HMI/SCADA backup candidate
02. Project Backup/Factory B/SSV_HVAC/XUTILS/links/XRL00006.DBF,414,MOVE_TO_FIELDDATA,PLC/HMI/SCADA backup candidate
02. Project Backup/Factory B/SSV_HVAC/XUTILS/links/XRL00007.DBF,414,MOVE_TO_FIELDDATA,PLC/HMI/SCADA backup candidate
02. Project Backup/Factory B/SSV_HVAC/XUTILS/links/XRL00008.DBF,414,MOVE_TO_FIELDDATA,PLC/HMI/SCADA backup candidate
02. Project Backup/Factory B/SSV_HVAC/XUTILS/links/XRL00009.DBF,414,MOVE_TO_FIELDDATA,PLC/HMI/SCADA backup candidate
02. Project Backup/Factory B/SSV_HVAC/XUTILS/links/XRL0000A.DBF,414,MOVE_TO_FIELDDATA,PLC/HMI/SCADA backup candidate
02. Project Backup/Factory B/SSV_HVAC/XUTILS/links/XRL0000B.DBF,336,MOVE_TO_FIELDDATA,PLC/HMI/SCADA backup candidate
02. Project Backup/Factory B/SSV_HVAC/XUTILS/links/XRL0000C.DBF,414,MOVE_TO_FIELDDATA,PLC/HMI/SCADA backup candidate
02. Project Backup/Factory B/SSV_HVAC/XUTILS/links/XRL0000D.DBF,414,MOVE_TO_FIELDDATA,PLC/HMI/SCADA backup candidate
02. Project Backup/Factory B/SSV_HVAC/XUTILS/listen/BS000002.DBF,2240,MOVE_TO_FIELDDATA,PLC/HMI/SCADA backup candidate
02. Project Backup/Factory B/SSV_HVAC/XUTILS/listen/BS000002.MDX,6144,MOVE_TO_FIELDDATA,PLC/HMI/SCADA backup candidate
02. Project Backup/Factory B/SSV_HVAC/XUTILS/listen/BS000003.DBF,390,MOVE_TO_FIELDDATA,PLC/HMI/SCADA backup candidate
02. Project Backup/Factory B/SSV_HVAC/XUTILS/listen/BS000003.MDX,6144,MOVE_TO_FIELDDATA,PLC/HMI/SCADA backup candidate
02. Project Backup/Factory B/SSV_HVAC/XUTILS/listen/BS000004.DBF,2790,MOVE_TO_FIELDDATA,PLC/HMI/SCADA backup candidate
02. Project Backup/Factory B/SSV_HVAC/XUTILS/listen/BS000004.MDX,6144,MOVE_TO_FIELDDATA,PLC/HMI/SCADA backup candidate
02. Project Backup/Factory B/SSV_HVAC/XUTILS/listen/BS000005.DBF,790,MOVE_TO_FIELDDATA,PLC/HMI/SCADA backup candidate
02. Project Backup/Factory B/SSV_HVAC/XUTILS/listen/BS000005.MDX,6144,MOVE_TO_FIELDDATA,PLC/HMI/SCADA backup candidate
02. Project Backup/Factory B/SSV_HVAC/XUTILS/listen/BS000006.DBF,1890,MOVE_TO_FIELDDATA,PLC/HMI/SCADA backup candidate
02. Project Backup/Factory B/SSV_HVAC/XUTILS/listen/BS000006.MDX,6144,MOVE_TO_FIELDDATA,PLC/HMI/SCADA backup candidate
02. Project Backup/Factory B/SSV_HVAC/XUTILS/listen/BS000007.DBF,590,MOVE_TO_FIELDDATA,PLC/HMI/SCADA backup candidate
02. Project Backup/Factory B/SSV_HVAC/XUTILS/listen/BS000007.MDX,6144,MOVE_TO_FIELDDATA,PLC/HMI/SCADA backup candidate
02. Project Backup/Factory B/SSV_HVAC/XUTILS/listen/BS000008.DBF,2290,MOVE_TO_FIELDDATA,PLC/HMI/SCADA backup candidate
02. Project Backup/Factory B/SSV_HVAC/XUTILS/listen/BS000008.MDX,6144,MOVE_TO_FIELDDATA,PLC/HMI/SCADA backup candidate
02. Project Backup/Factory B/SSV_HVAC/XUTILS/listen/BS000009.DBF,440,MOVE_TO_FIELDDATA,PLC/HMI/SCADA backup candidate
02. Project Backup/Factory B/SSV_HVAC/XUTILS/listen/BS000009.MDX,6144,MOVE_TO_FIELDDATA,PLC/HMI/SCADA backup candidate
02. Project Backup/Factory B/SSV_HVAC/XUTILS/listen/BS00000a.DBF,340,MOVE_TO_FIELDDATA,PLC/HMI/SCADA backup candidate
02. Project Backup/Factory B/SSV_HVAC/XUTILS/listen/BS00000a.MDX,6144,MOVE_TO_FIELDDATA,PLC/HMI/SCADA backup candidate
02. Project Backup/Factory B/SSV_HVAC/XUTILS/listen/BS00000b.DBF,340,MOVE_TO_FIELDDATA,PLC/HMI/SCADA backup candidate
02. Project Backup/Factory B/SSV_HVAC/XUTILS/listen/BS00000b.MDX,6144,MOVE_TO_FIELDDATA,PLC/HMI/SCADA backup candidate
02. Project Backup/Factory B/SSV_HVAC/XUTILS/listen/BS00000d.DBF,440,MOVE_TO_FIELDDATA,PLC/HMI/SCADA backup candidate
02. Project Backup/Factory B/SSV_HVAC/XUTILS/listen/BS00000d.MDX,6144,MOVE_TO_FIELDDATA,PLC/HMI/SCADA backup candidate
02. Project Backup/Factory B/SSV_HVAC/XUTILS/listen/CT000002.DBF,25051,MOVE_TO_FIELDDATA,PLC/HMI/SCADA backup candidate
02. Project Backup/Factory B/SSV_HVAC/XUTILS/listen/CT000002.MDX,28672,MOVE_TO_FIELDDATA,PLC/HMI/SCADA backup candidate
02. Project Backup/Factory B/SSV_HVAC/XUTILS/listen/CT000003.DBF,7111,MOVE_TO_FIELDDATA,PLC/HMI/SCADA backup candidate
02. Project Backup/Factory B/SSV_HVAC/XUTILS/listen/CT000003.MDX,12288,MOVE_TO_FIELDDATA,PLC/HMI/SCADA backup candidate
02. Project Backup/Factory B/SSV_HVAC/XUTILS/listen/CT000004.DBF,41680,MOVE_TO_FIELDDATA,PLC/HMI/SCADA backup candidate
02. Project Backup/Factory B/SSV_HVAC/XUTILS/listen/CT000004.MDX,46080,MOVE_TO_FIELDDATA,PLC/HMI/SCADA backup candidate
02. Project Backup/Factory B/SSV_HVAC/XUTILS/listen/CT000005.DBF,20704,MOVE_TO_FIELDDATA,PLC/HMI/SCADA backup candidate
02. Project Backup/Factory B/SSV_HVAC/XUTILS/listen/CT000005.MDX,28672,MOVE_TO_FIELDDATA,PLC/HMI/SCADA backup candidate
02. Project Backup/Factory B/SSV_HVAC/XUTILS/listen/CT000006.DBF,38161,MOVE_TO_FIELDDATA,PLC/HMI/SCADA backup candidate
02. Project Backup/Factory B/SSV_HVAC/XUTILS/listen/CT000006.MDX,41984,MOVE_TO_FIELDDATA,PLC/HMI/SCADA backup candidate
02. Project Backup/Factory B/SSV_HVAC/XUTILS/listen/CT000007.DBF,5869,MOVE_TO_FIELDDATA,PLC/HMI/SCADA backup candidate
02. Project Backup/Factory B/SSV_HVAC/XUTILS/listen/CT000007.MDX,11264,MOVE_TO_FIELDDATA,PLC/HMI/SCADA backup candidate
02. Project Backup/Factory B/SSV_HVAC/XUTILS/listen/CT000008.DBF,32641,MOVE_TO_FIELDDATA,PLC/HMI/SCADA backup candidate
02. Project Backup/Factory B/SSV_HVAC/XUTILS/listen/CT000008.MDX,37888,MOVE_TO_FIELDDATA,PLC/HMI/SCADA backup candidate
02. Project Backup/Factory B/SSV_HVAC/XUTILS/listen/CT000009.DBF,12355,MOVE_TO_FIELDDATA,PLC/HMI/SCADA backup candidate
02. Project Backup/Factory B/SSV_HVAC/XUTILS/listen/CT000009.MDX,18432,MOVE_TO_FIELDDATA,PLC/HMI/SCADA backup candidate
02. Project Backup/Factory B/SSV_HVAC/XUTILS/listen/CT00000a.DBF,4213,MOVE_TO_FIELDDATA,PLC/HMI/SCADA backup candidate
02. Project Backup/Factory B/SSV_HVAC/XUTILS/listen/CT00000a.MDX,8192,MOVE_TO_FIELDDATA,PLC/HMI/SCADA backup candidate
02. Project Backup/Factory B/SSV_HVAC/XUTILS/listen/CT00000b.DBF,4075,MOVE_TO_FIELDDATA,PLC/HMI/SCADA backup candidate
02. Project Backup/Factory B/SSV_HVAC/XUTILS/listen/CT00000b.MDX,8192,MOVE_TO_FIELDDATA,PLC/HMI/SCADA backup candidate
02. Project Backup/Factory B/SSV_HVAC/XUTILS/listen/CT00000c.DBF,4213,MOVE_TO_FIELDDATA,PLC/HMI/SCADA backup candidate
02. Project Backup/Factory B/SSV_HVAC/XUTILS/listen/CT00000c.MDX,8192,MOVE_TO_FIELDDATA,PLC/HMI/SCADA backup candidate
02. Project Backup/Factory B/SSV_HVAC/XUTILS/listen/CT00000d.DBF,8560,MOVE_TO_FIELDDATA,PLC/HMI/SCADA backup candidate
02. Project Backup/Factory B/SSV_HVAC/XUTILS/listen/CT00000d.MDX,13312,MOVE_TO_FIELDDATA,PLC/HMI/SCADA backup candidate
02. Project Backup/Factory B/SSV_HVAC/XUTILS/listen/XR000002.DBF,386170,MOVE_TO_FIELDDATA,PLC/HMI/SCADA backup candidate
02. Project Backup/Factory B/SSV_HVAC/XUTILS/listen/XR000002.DBT,24,MOVE_TO_FIELDDATA,PLC/HMI/SCADA backup candidate
02. Project Backup/Factory B/SSV_HVAC/XUTILS/listen/XR000002.MDX,514048,MOVE_TO_FIELDDATA,PLC/HMI/SCADA backup candidate
02. Project Backup/Factory B/SSV_HVAC/XUTILS/listen/XR000003.DBF,75366,MOVE_TO_FIELDDATA,PLC/HMI/SCADA backup candidate
02. Project Backup/Factory B/SSV_HVAC/XUTILS/listen/XR000003.DBT,24,MOVE_TO_FIELDDATA,PLC/HMI/SCADA backup candidate
02. Project Backup/Factory B/SSV_HVAC/XUTILS/listen/XR000003.MDX,108544,MOVE_TO_FIELDDATA,PLC/HMI/SCADA backup candidate
02. Project Backup/Factory B/SSV_HVAC/XUTILS/listen/XR000004.DBF,554300,MOVE_TO_FIELDDATA,PLC/HMI/SCADA backup candidate
02. Project Backup/Factory B/SSV_HVAC/XUTILS/listen/XR000004.DBT,10752,MOVE_TO_FIELDDATA,PLC/HMI/SCADA backup candidate
02. Project Backup/Factory B/SSV_HVAC/XUTILS/listen/XR000004.MDX,762880,MOVE_TO_FIELDDATA,PLC/HMI/SCADA backup candidate
02. Project Backup/Factory B/SSV_HVAC/XUTILS/listen/XR000005.DBF,340504,MOVE_TO_FIELDDATA,PLC/HMI/SCADA backup candidate
02. Project Backup/Factory B/SSV_HVAC/XUTILS/listen/XR000005.DBT,24,MOVE_TO_FIELDDATA,PLC/HMI/SCADA backup candidate
02. Project Backup/Factory B/SSV_HVAC/XUTILS/listen/XR000005.MDX,508928,MOVE_TO_FIELDDATA,PLC/HMI/SCADA backup candidate
02. Project Backup/Factory B/SSV_HVAC/XUTILS/listen/XR000006.DBF,556880,MOVE_TO_FIELDDATA,PLC/HMI/SCADA backup candidate
02. Project Backup/Factory B/SSV_HVAC/XUTILS/listen/XR000006.DBT,11264,MOVE_TO_FIELDDATA,PLC/HMI/SCADA backup candidate
02. Project Backup/Factory B/SSV_HVAC/XUTILS/listen/XR000006.MDX,815104,MOVE_TO_FIELDDATA,PLC/HMI/SCADA backup candidate
02. Project Backup/Factory B/SSV_HVAC/XUTILS/listen/XR000007.DBF,90588,MOVE_TO_FIELDDATA,PLC/HMI/SCADA backup candidate
02. Project Backup/Factory B/SSV_HVAC/XUTILS/listen/XR000007.DBT,24,MOVE_TO_FIELDDATA,PLC/HMI/SCADA backup candidate
02. Project Backup/Factory B/SSV_HVAC/XUTILS/listen/XR000007.MDX,117760,MOVE_TO_FIELDDATA,PLC/HMI/SCADA backup candidate
02. Project Backup/Factory B/SSV_HVAC/XUTILS/listen/XR000008.DBF,569350,MOVE_TO_FIELDDATA,PLC/HMI/SCADA backup candidate
02. Project Backup/Factory B/SSV_HVAC/XUTILS/listen/XR000008.DBT,6144,MOVE_TO_FIELDDATA,PLC/HMI/SCADA backup candidate
02. Project Backup/Factory B/SSV_HVAC/XUTILS/listen/XR000008.MDX,797696,MOVE_TO_FIELDDATA,PLC/HMI/SCADA backup candidate
02. Project Backup/Factory B/SSV_HVAC/XUTILS/listen/XR000009.DBF,135394,MOVE_TO_FIELDDATA,PLC/HMI/SCADA backup candidate
02. Project Backup/Factory B/SSV_HVAC/XUTILS/listen/XR000009.DBT,24,MOVE_TO_FIELDDATA,PLC/HMI/SCADA backup candidate
02. Project Backup/Factory B/SSV_HVAC/XUTILS/listen/XR000009.MDX,204800,MOVE_TO_FIELDDATA,PLC/HMI/SCADA backup candidate
02. Project Backup/Factory B/SSV_HVAC/XUTILS/listen/XR00000a.DBF,31248,MOVE_TO_FIELDDATA,PLC/HMI/SCADA backup candidate
02. Project Backup/Factory B/SSV_HVAC/XUTILS/listen/XR00000a.DBT,24,MOVE_TO_FIELDDATA,PLC/HMI/SCADA backup candidate
02. Project Backup/Factory B/SSV_HVAC/XUTILS/listen/XR00000a.MDX,51200,MOVE_TO_FIELDDATA,PLC/HMI/SCADA backup candidate
02. Project Backup/Factory B/SSV_HVAC/XUTILS/listen/XR00000b.DBF,33054,MOVE_TO_FIELDDATA,PLC/HMI/SCADA backup candidate
02. Project Backup/Factory B/SSV_HVAC/XUTILS/listen/XR00000b.DBT,24,MOVE_TO_FIELDDATA,PLC/HMI/SCADA backup candidate
02. Project Backup/Factory B/SSV_HVAC/XUTILS/listen/XR00000b.MDX,50176,MOVE_TO_FIELDDATA,PLC/HMI/SCADA backup candidate
02. Project Backup/Factory B/SSV_HVAC/XUTILS/listen/XR00000c.DBF,34430,MOVE_TO_FIELDDATA,PLC/HMI/SCADA backup candidate
02. Project Backup/Factory B/SSV_HVAC/XUTILS/listen/XR00000c.DBT,24,MOVE_TO_FIELDDATA,PLC/HMI/SCADA backup candidate
02. Project Backup/Factory B/SSV_HVAC/XUTILS/listen/XR00000c.MDX,57344,MOVE_TO_FIELDDATA,PLC/HMI/SCADA backup candidate
02. Project Backup/Factory B/SSV_HVAC/XUTILS/listen/XR00000d.DBF,118710,MOVE_TO_FIELDDATA,PLC/HMI/SCADA backup candidate
02. Project Backup/Factory B/SSV_HVAC/XUTILS/listen/XR00000d.DBT,24,MOVE_TO_FIELDDATA,PLC/HMI/SCADA backup candidate
02. Project Backup/Factory B/SSV_HVAC/XUTILS/listen/XR00000d.MDX,180224,MOVE_TO_FIELDDATA,PLC/HMI/SCADA backup candidate
02. Project Backup/Factory B/SSV_HVAC/XUTILS/XR112001.DBF,1378,MOVE_TO_FIELDDATA,PLC/HMI/SCADA backup candidate
02. Project Backup/Factory B/SSV_HVAC/XUTILS/XR112001.MDX,4096,MOVE_TO_FIELDDATA,PLC/HMI/SCADA backup candidate
02. Project Backup/Factory B/SSV_HVAC/XUTILS/XRlistID.uxt,4,MOVE_TO_FIELDDATA,PLC/HMI/SCADA backup candidate
02. Project Backup/Factory B/SSV_HVAC/XUTILS/XRlstlck.lck,0,MOVE_TO_FIELDDATA,PLC/HMI/SCADA backup candidate
02. Project Backup/Factory B/SSV_HVAC/YDBs/11481/SYMLIST.DBF,17208,MOVE_TO_FIELDDATA,PLC/HMI/SCADA backup candidate
02. Project Backup/Factory B/SSV_HVAC/YDBs/11481/Symlist.id,4,MOVE_TO_FIELDDATA,PLC/HMI/SCADA backup candidate
02. Project Backup/Factory B/SSV_HVAC/YDBs/11481/SYMLIST.MDX,16384,MOVE_TO_FIELDDATA,PLC/HMI/SCADA backup candidate
02. Project Backup/Factory B/SSV_HVAC/YDBs/23977/SYMLIST.DBF,16598,MOVE_TO_FIELDDATA,PLC/HMI/SCADA backup candidate
02. Project Backup/Factory B/SSV_HVAC/YDBs/23977/Symlist.id,4,MOVE_TO_FIELDDATA,PLC/HMI/SCADA backup candidate
02. Project Backup/Factory B/SSV_HVAC/YDBs/23977/SYMLIST.MDX,16384,MOVE_TO_FIELDDATA,PLC/HMI/SCADA backup candidate
02. Project Backup/Factory B/SSV_HVAC/YDBs/2751/SYMLIST.DBF,20258,MOVE_TO_FIELDDATA,PLC/HMI/SCADA backup candidate
02. Project Backup/Factory B/SSV_HVAC/YDBs/2751/Symlist.id,4,MOVE_TO_FIELDDATA,PLC/HMI/SCADA backup candidate
02. Project Backup/Factory B/SSV_HVAC/YDBs/2751/SYMLIST.MDX,22528,MOVE_TO_FIELDDATA,PLC/HMI/SCADA backup candidate
02. Project Backup/Factory B/SSV_HVAC/YDBs/3673/SYMLIST.DBF,24833,MOVE_TO_FIELDDATA,PLC/HMI/SCADA backup candidate
02. Project Backup/Factory B/SSV_HVAC/YDBs/3673/Symlist.id,4,MOVE_TO_FIELDDATA,PLC/HMI/SCADA backup candidate
02. Project Backup/Factory B/SSV_HVAC/YDBs/3673/SYMLIST.MDX,24576,MOVE_TO_FIELDDATA,PLC/HMI/SCADA backup candidate
02. Project Backup/Factory B/SSV_HVAC/YDBs/3790/SYMLIST.DBF,24528,MOVE_TO_FIELDDATA,PLC/HMI/SCADA backup candidate
02. Project Backup/Factory B/SSV_HVAC/YDBs/3790/Symlist.id,4,MOVE_TO_FIELDDATA,PLC/HMI/SCADA backup candidate
02. Project Backup/Factory B/SSV_HVAC/YDBs/3790/SYMLIST.MDX,24576,MOVE_TO_FIELDDATA,PLC/HMI/SCADA backup candidate
02. Project Backup/Factory B/SSV_HVAC/YDBs/3836/SYMLIST.DBF,15683,MOVE_TO_FIELDDATA,PLC/HMI/SCADA backup candidate
02. Project Backup/Factory B/SSV_HVAC/YDBs/3836/Symlist.id,4,MOVE_TO_FIELDDATA,PLC/HMI/SCADA backup candidate
02. Project Backup/Factory B/SSV_HVAC/YDBs/3836/SYMLIST.MDX,16384,MOVE_TO_FIELDDATA,PLC/HMI/SCADA backup candidate
02. Project Backup/Factory B/SSV_HVAC/YDBs/4081/SYMLIST.DBF,15378,MOVE_TO_FIELDDATA,PLC/HMI/SCADA backup candidate
02. Project Backup/Factory B/SSV_HVAC/YDBs/4081/Symlist.id,4,MOVE_TO_FIELDDATA,PLC/HMI/SCADA backup candidate
02. Project Backup/Factory B/SSV_HVAC/YDBs/4081/SYMLIST.MDX,16384,MOVE_TO_FIELDDATA,PLC/HMI/SCADA backup candidate
02. Project Backup/Factory B/SSV_HVAC/YDBs/4114/SYMLIST.DBF,16598,MOVE_TO_FIELDDATA,PLC/HMI/SCADA backup candidate
02. Project Backup/Factory B/SSV_HVAC/YDBs/4114/Symlist.id,4,MOVE_TO_FIELDDATA,PLC/HMI/SCADA backup candidate
02. Project Backup/Factory B/SSV_HVAC/YDBs/4114/SYMLIST.MDX,16384,MOVE_TO_FIELDDATA,PLC/HMI/SCADA backup candidate
02. Project Backup/Factory B/SSV_HVAC/YDBs/4153/SYMLIST.DBF,17513,MOVE_TO_FIELDDATA,PLC/HMI/SCADA backup candidate
02. Project Backup/Factory B/SSV_HVAC/YDBs/4153/Symlist.id,4,MOVE_TO_FIELDDATA,PLC/HMI/SCADA backup candidate
02. Project Backup/Factory B/SSV_HVAC/YDBs/4153/SYMLIST.MDX,16384,MOVE_TO_FIELDDATA,PLC/HMI/SCADA backup candidate
02. Project Backup/Factory B/SSV_HVAC/YDBs/4241/SYMLIST.DBF,16598,MOVE_TO_FIELDDATA,PLC/HMI/SCADA backup candidate
02. Project Backup/Factory B/SSV_HVAC/YDBs/4241/Symlist.id,4,MOVE_TO_FIELDDATA,PLC/HMI/SCADA backup candidate
02. Project Backup/Factory B/SSV_HVAC/YDBs/4241/SYMLIST.MDX,16384,MOVE_TO_FIELDDATA,PLC/HMI/SCADA backup candidate
02. Project Backup/Factory B/SSV_HVAC/YDBs/4277/SYMLIST.DBF,15683,MOVE_TO_FIELDDATA,PLC/HMI/SCADA backup candidate
02. Project Backup/Factory B/SSV_HVAC/YDBs/4277/Symlist.id,4,MOVE_TO_FIELDDATA,PLC/HMI/SCADA backup candidate
02. Project Backup/Factory B/SSV_HVAC/YDBs/4277/SYMLIST.MDX,16384,MOVE_TO_FIELDDATA,PLC/HMI/SCADA backup candidate
02. Project Backup/Factory B/SSV_HVAC/YDBs/SYMLISTS.DBF,8339,MOVE_TO_FIELDDATA,PLC/HMI/SCADA backup candidate
02. Project Backup/Factory B/SSV_HVAC/YDBs/SYMLISTS.MDX,6144,MOVE_TO_FIELDDATA,PLC/HMI/SCADA backup candidate
02. Project Backup/Factory B/SSV_HVAC/YDBs/YLNKLIST.DBF,2442,MOVE_TO_FIELDDATA,PLC/HMI/SCADA backup candidate
02. Project Backup/Factory C/SSV_C_FA/ApiLog/lock,0,MOVE_TO_FIELDDATA,PLC/HMI/SCADA backup candidate
02. Project Backup/Factory C/SSV_C_FA/ApiLog/LogIDs,8,MOVE_TO_FIELDDATA,PLC/HMI/SCADA backup candidate
02. Project Backup/Factory C/SSV_C_FA/ApiLog/Step7Bas.ver,4284,MOVE_TO_FIELDDATA,PLC/HMI/SCADA backup candidate
02. Project Backup/Factory C/SSV_C_FA/ApiLog/Types,1542,MOVE_TO_FIELDDATA,PLC/HMI/SCADA backup candidate
02. Project Backup/Factory C/SSV_C_FA/CONN/CO_1/VerbHomo.dat,12,MOVE_TO_FIELDDATA,PLC/HMI/SCADA backup candidate
02. Project Backup/Factory C/SSV_C_FA/CONN/CO_11/VerbHomo.dat,12,MOVE_TO_FIELDDATA,PLC/HMI/SCADA backup candidate
02. Project Backup/Factory C/SSV_C_FA/CONN/CO_12/VerbHomo.dat,12,MOVE_TO_FIELDDATA,PLC/HMI/SCADA backup candidate
02. Project Backup/Factory C/SSV_C_FA/CONN/CO_13/VerbHomo.dat,12,MOVE_TO_FIELDDATA,PLC/HMI/SCADA backup candidate
02. Project Backup/Factory C/SSV_C_FA/CONN/CO_14/VerbHomo.dat,12,MOVE_TO_FIELDDATA,PLC/HMI/SCADA backup candidate
02. Project Backup/Factory C/SSV_C_FA/CONN/CO_15/VerbHomo.dat,12,MOVE_TO_FIELDDATA,PLC/HMI/SCADA backup candidate
02. Project Backup/Factory C/SSV_C_FA/CONN/CO_16/VerbHomo.dat,12,MOVE_TO_FIELDDATA,PLC/HMI/SCADA backup candidate
02. Project Backup/Factory C/SSV_C_FA/CONN/CO_17/VerbHomo.dat,12,MOVE_TO_FIELDDATA,PLC/HMI/SCADA backup candidate
02. Project Backup/Factory C/SSV_C_FA/CONN/CO_2/VerbHomo.dat,12,MOVE_TO_FIELDDATA,PLC/HMI/SCADA backup candidate
02. Project Backup/Factory C/SSV_C_FA/CONN/CO_20/VerbHomo.dat,12,MOVE_TO_FIELDDATA,PLC/HMI/SCADA backup candidate
02. Project Backup/Factory C/SSV_C_FA/CONN/CO_21/VerbHomo.dat,12,MOVE_TO_FIELDDATA,PLC/HMI/SCADA backup candidate
02. Project Backup/Factory C/SSV_C_FA/CONN/CO_3/VerbHomo.dat,12,MOVE_TO_FIELDDATA,PLC/HMI/SCADA backup candidate
02. Project Backup/Factory C/SSV_C_FA/CONN/CO_4/VerbHomo.dat,12,MOVE_TO_FIELDDATA,PLC/HMI/SCADA backup candidate
02. Project Backup/Factory C/SSV_C_FA/CONN/CO_5/VerbHomo.dat,12,MOVE_TO_FIELDDATA,PLC/HMI/SCADA backup candidate
02. Project Backup/Factory C/SSV_C_FA/CONN/CO_6/VerbHomo.dat,12,MOVE_TO_FIELDDATA,PLC/HMI/SCADA backup candidate
02. Project Backup/Factory C/SSV_C_FA/CONN/CO_7/VerbHomo.dat,12,MOVE_TO_FIELDDATA,PLC/HMI/SCADA backup candidate
02. Project Backup/Factory C/SSV_C_FA/CONN/CO_8/VerbHomo.dat,12,MOVE_TO_FIELDDATA,PLC/HMI/SCADA backup candidate
02. Project Backup/Factory C/SSV_C_FA/CONN/LINKVL.dbf,6144,MOVE_TO_FIELDDATA,PLC/HMI/SCADA backup candidate
02. Project Backup/Factory C/SSV_C_FA/CONN/LOCKVL.LCK,0,MOVE_TO_FIELDDATA,PLC/HMI/SCADA backup candidate
02. Project Backup/Factory C/SSV_C_FA/CONN/VERBLIST.PRO,4,MOVE_TO_FIELDDATA,PLC/HMI/SCADA backup candidate
02. Project Backup/Factory C/SSV_C_FA/CONN/VERBTAB.DBF,9586,MOVE_TO_FIELDDATA,PLC/HMI/SCADA backup candidate
02. Project Backup/Factory C/SSV_C_FA/CONN/VERBTAB.MDX,4096,MOVE_TO_FIELDDATA,PLC/HMI/SCADA backup candidate
02. Project Backup/Factory C/SSV_C_FA/CONN/VLTAB53.DBF,6726,MOVE_TO_FIELDDATA,PLC/HMI/SCADA backup candidate
02. Project Backup/Factory C/SSV_C_FA/CONN/VLTAB53.MDX,4096,MOVE_TO_FIELDDATA,PLC/HMI/SCADA backup candidate
02. Project Backup/Factory C/SSV_C_FA/Global/141099_20_dp_asi.txt,0,MOVE_TO_FIELDDATA,PLC/HMI/SCADA backup candidate
02. Project Backup/Factory C/SSV_C_FA/Global/141099_20.txt,1230,MOVE_TO_FIELDDATA,PLC/HMI/SCADA backup candidate
02. Project Backup/Factory C/SSV_C_FA/Global/141099_26_dp_asi.txt,0,MOVE_TO_FIELDDATA,PLC/HMI/SCADA backup candidate
02. Project Backup/Factory C/SSV_C_FA/Global/141099_26.txt,369,MOVE_TO_FIELDDATA,PLC/HMI/SCADA backup candidate
02. Project Backup/Factory C/SSV_C_FA/Global/141099_29_dp_asi.txt,0,MOVE_TO_FIELDDATA,PLC/HMI/SCADA backup candidate
02. Project Backup/Factory C/SSV_C_FA/Global/141099_29.txt,328,MOVE_TO_FIELDDATA,PLC/HMI/SCADA backup candidate
02. Project Backup/Factory C/SSV_C_FA/Global/141099_38_dp_asi.txt,0,MOVE_TO_FIELDDATA,PLC/HMI/SCADA backup candidate
02. Project Backup/Factory C/SSV_C_FA/Global/141099_38.txt,82,MOVE_TO_FIELDDATA,PLC/HMI/SCADA backup candidate
02. Project Backup/Factory C/SSV_C_FA/Global/141099_3b_dp_asi.txt,0,MOVE_TO_FIELDDATA,PLC/HMI/SCADA backup candidate
02. Project Backup/Factory C/SSV_C_FA/Global/141099_3b.txt,41,MOVE_TO_FIELDDATA,PLC/HMI/SCADA backup candidate
02. Project Backup/Factory C/SSV_C_FA/Global/colorder.dat,96,MOVE_TO_FIELDDATA,PLC/HMI/SCADA backup candidate
02. Project Backup/Factory C/SSV_C_FA/Global/colwidth.dat,96,MOVE_TO_FIELDDATA,PLC/HMI/SCADA backup candidate
02. Project Backup/Factory C/SSV_C_FA/Global/Font_1,35,MOVE_TO_FIELDDATA,PLC/HMI/SCADA backup candidate
02. Project Backup/Factory C/SSV_C_FA/Global/Font_2,33,MOVE_TO_FIELDDATA,PLC/HMI/SCADA backup candidate
02. Project Backup/Factory C/SSV_C_FA/Global/Language,40,MOVE_TO_FIELDDATA,PLC/HMI/SCADA backup candidate
02. Project Backup/Factory C/SSV_C_FA/Global/MkProfil/Administrator/MakeLog/Compile and Download Objects,3347,MOVE_TO_FIELDDATA,PLC/HMI/SCADA backup candidate
02. Project Backup/Factory C/SSV_C_FA/Global/MkProfil/Administrator/MakeLog/Compile/00141103/0000001E.log,512,MOVE_TO_FIELDDATA,PLC/HMI/SCADA backup candidate
02. Project Backup/Factory C/SSV_C_FA/Global/MkProfil/Administrator/MakeLog/Compile/00145301/0000000B.log,6216,MOVE_TO_FIELDDATA,PLC/HMI/SCADA backup candidate
02. Project Backup/Factory C/SSV_C_FA/Global/MkProfil/Administrator/MakeLog/Compile/S7amkprj.log,3347,MOVE_TO_FIELDDATA,PLC/HMI/SCADA backup candidate
02. Project Backup/Factory C/SSV_C_FA/Global/MkProfil/HMI1/Administrator/s7amkapx.dat,50,MOVE_TO_FIELDDATA,PLC/HMI/SCADA backup candidate
02. Project Backup/Factory C/SSV_C_FA/Global/MkProfil/HMI1/Administrator/s7amkexx.dat,100,MOVE_TO_FIELDDATA,PLC/HMI/SCADA backup candidate
02. Project Backup/Factory C/SSV_C_FA/Global/PROJECTVERSION.umf,10,MOVE_TO_FIELDDATA,PLC/HMI/SCADA backup candidate
02. Project Backup/Factory C/SSV_C_FA/Global/S7hCompressedMetadata.cmf,4623,MOVE_TO_FIELDDATA,PLC/HMI/SCADA backup candidate
02. Project Backup/Factory C/SSV_C_FA/Global/S7hMetaData.umf,27029,MOVE_TO_FIELDDATA,PLC/HMI/SCADA backup candidate
02. Project Backup/Factory C/SSV_C_FA/Global/s7netpro.npa,888,MOVE_TO_FIELDDATA,PLC/HMI/SCADA backup candidate
02. Project Backup/Factory C/SSV_C_FA/Global/s7netpro.wnd,140,MOVE_TO_FIELDDATA,PLC/HMI/SCADA backup candidate
02. Project Backup/Factory C/SSV_C_FA/hOmSave7/s7hdevnx/HATTARY1.DBF,1184,MOVE_TO_FIELDDATA,PLC/HMI/SCADA backup candidate
02. Project Backup/Factory C/SSV_C_FA/hOmSave7/s7hdevnx/HATTARY1.DBT,9728,MOVE_TO_FIELDDATA,PLC/HMI/SCADA backup candidate
02. Project Backup/Factory C/SSV_C_FA/hOmSave7/s7hdevnx/HATTARY1.MDX,4096,MOVE_TO_FIELDDATA,PLC/HMI/SCADA backup candidate
02. Project Backup/Factory C/SSV_C_FA/hOmSave7/s7hdevnx/HATTRIB1.DBF,45586,MOVE_TO_FIELDDATA,PLC/HMI/SCADA backup candidate
02. Project Backup/Factory C/SSV_C_FA/hOmSave7/s7hdevnx/HATTRIB1.MDX,14336,MOVE_TO_FIELDDATA,PLC/HMI/SCADA backup candidate
02. Project Backup/Factory C/SSV_C_FA/hOmSave7/s7hdevnx/HATTRME1.DBF,954,MOVE_TO_FIELDDATA,PLC/HMI/SCADA backup candidate
02. Project Backup/Factory C/SSV_C_FA/hOmSave7/s7hdevnx/HATTRME1.DBT,9728,MOVE_TO_FIELDDATA,PLC/HMI/SCADA backup candidate
02. Project Backup/Factory C/SSV_C_FA/hOmSave7/s7hdevnx/HATTRME1.MDX,6144,MOVE_TO_FIELDDATA,PLC/HMI/SCADA backup candidate
02. Project Backup/Factory C/SSV_C_FA/hOmSave7/s7hdevnx/HLASTID2.DBF,336,MOVE_TO_FIELDDATA,PLC/HMI/SCADA backup candidate
02. Project Backup/Factory C/SSV_C_FA/hOmSave7/s7hdevnx/hLockID1,0,MOVE_TO_FIELDDATA,PLC/HMI/SCADA backup candidate
02. Project Backup/Factory C/SSV_C_FA/hOmSave7/s7hdevnx/HOBJECT1.DBF,9700,MOVE_TO_FIELDDATA,PLC/HMI/SCADA backup candidate
02. Project Backup/Factory C/SSV_C_FA/hOmSave7/s7hdevnx/HOBJECT1.MDX,4096,MOVE_TO_FIELDDATA,PLC/HMI/SCADA backup candidate
02. Project Backup/Factory C/SSV_C_FA/hOmSave7/s7hdevnx/HRELATI1.DBF,4314,MOVE_TO_FIELDDATA,PLC/HMI/SCADA backup candidate
02. Project Backup/Factory C/SSV_C_FA/hOmSave7/s7hdevnx/HRELATI1.MDX,10240,MOVE_TO_FIELDDATA,PLC/HMI/SCADA backup candidate
02. Project Backup/Factory C/SSV_C_FA/hOmSave7/S7HDPSSX/HATTARY1.DBF,689,MOVE_TO_FIELDDATA,PLC/HMI/SCADA backup candidate
02. Project Backup/Factory C/SSV_C_FA/hOmSave7/S7HDPSSX/HATTARY1.DBT,5120,MOVE_TO_FIELDDATA,PLC/HMI/SCADA backup candidate
02. Project Backup/Factory C/SSV_C_FA/hOmSave7/S7HDPSSX/HATTARY1.MDX,4096,MOVE_TO_FIELDDATA,PLC/HMI/SCADA backup candidate
02. Project Backup/Factory C/SSV_C_FA/hOmSave7/S7HDPSSX/HATTRIB1.DBF,39916,MOVE_TO_FIELDDATA,PLC/HMI/SCADA backup candidate
02. Project Backup/Factory C/SSV_C_FA/hOmSave7/S7HDPSSX/HATTRIB1.MDX,12288,MOVE_TO_FIELDDATA,PLC/HMI/SCADA backup candidate
02. Project Backup/Factory C/SSV_C_FA/hOmSave7/S7HDPSSX/HATTRME1.DBF,162,MOVE_TO_FIELDDATA,PLC/HMI/SCADA backup candidate
02. Project Backup/Factory C/SSV_C_FA/hOmSave7/S7HDPSSX/HATTRME1.DBT,24,MOVE_TO_FIELDDATA,PLC/HMI/SCADA backup candidate
02. Project Backup/Factory C/SSV_C_FA/hOmSave7/S7HDPSSX/HATTRME1.MDX,6144,MOVE_TO_FIELDDATA,PLC/HMI/SCADA backup candidate
02. Project Backup/Factory C/SSV_C_FA/hOmSave7/S7HDPSSX/HLASTID2.DBF,336,MOVE_TO_FIELDDATA,PLC/HMI/SCADA backup candidate
02. Project Backup/Factory C/SSV_C_FA/hOmSave7/S7HDPSSX/hLockID1,0,MOVE_TO_FIELDDATA,PLC/HMI/SCADA backup candidate
02. Project Backup/Factory C/SSV_C_FA/hOmSave7/S7HDPSSX/HOBJECT1.DBF,5155,MOVE_TO_FIELDDATA,PLC/HMI/SCADA backup candidate
02. Project Backup/Factory C/SSV_C_FA/hOmSave7/S7HDPSSX/HOBJECT1.MDX,4096,MOVE_TO_FIELDDATA,PLC/HMI/SCADA backup candidate
02. Project Backup/Factory C/SSV_C_FA/hOmSave7/S7HDPSSX/HRELATI1.DBF,3378,MOVE_TO_FIELDDATA,PLC/HMI/SCADA backup candidate
02. Project Backup/Factory C/SSV_C_FA/hOmSave7/S7HDPSSX/HRELATI1.MDX,9216,MOVE_TO_FIELDDATA,PLC/HMI/SCADA backup candidate
02. Project Backup/Factory C/SSV_C_FA/hOmSave7/S7HK15AX/HATTARY1.DBF,799,MOVE_TO_FIELDDATA,PLC/HMI/SCADA backup candidate
02. Project Backup/Factory C/SSV_C_FA/hOmSave7/S7HK15AX/HATTARY1.DBT,6144,MOVE_TO_FIELDDATA,PLC/HMI/SCADA backup candidate
02. Project Backup/Factory C/SSV_C_FA/hOmSave7/S7HK15AX/HATTARY1.MDX,4096,MOVE_TO_FIELDDATA,PLC/HMI/SCADA backup candidate
02. Project Backup/Factory C/SSV_C_FA/hOmSave7/S7HK15AX/HATTRIB1.DBF,17551,MOVE_TO_FIELDDATA,PLC/HMI/SCADA backup candidate
02. Project Backup/Factory C/SSV_C_FA/hOmSave7/S7HK15AX/HATTRIB1.MDX,9216,MOVE_TO_FIELDDATA,PLC/HMI/SCADA backup candidate
02. Project Backup/Factory C/SSV_C_FA/hOmSave7/S7HK15AX/HATTRME1.DBF,1614,MOVE_TO_FIELDDATA,PLC/HMI/SCADA backup candidate
02. Project Backup/Factory C/SSV_C_FA/hOmSave7/S7HK15AX/HATTRME1.DBT,17408,MOVE_TO_FIELDDATA,PLC/HMI/SCADA backup candidate
02. Project Backup/Factory C/SSV_C_FA/hOmSave7/S7HK15AX/HATTRME1.MDX,6144,MOVE_TO_FIELDDATA,PLC/HMI/SCADA backup candidate
02. Project Backup/Factory C/SSV_C_FA/hOmSave7/S7HK15AX/HLASTID2.DBF,336,MOVE_TO_FIELDDATA,PLC/HMI/SCADA backup candidate
02. Project Backup/Factory C/SSV_C_FA/hOmSave7/S7HK15AX/hLockID1,0,MOVE_TO_FIELDDATA,PLC/HMI/SCADA backup candidate
02. Project Backup/Factory C/SSV_C_FA/hOmSave7/S7HK15AX/HOBJECT1.DBF,6165,MOVE_TO_FIELDDATA,PLC/HMI/SCADA backup candidate
02. Project Backup/Factory C/SSV_C_FA/hOmSave7/S7HK15AX/HOBJECT1.MDX,4096,MOVE_TO_FIELDDATA,PLC/HMI/SCADA backup candidate
02. Project Backup/Factory C/SSV_C_FA/hOmSave7/S7HK15AX/HRELATI1.DBF,4548,MOVE_TO_FIELDDATA,PLC/HMI/SCADA backup candidate
02. Project Backup/Factory C/SSV_C_FA/hOmSave7/S7HK15AX/HRELATI1.MDX,11264,MOVE_TO_FIELDDATA,PLC/HMI/SCADA backup candidate
02. Project Backup/Factory C/SSV_C_FA/hOmSave7/S7HK31AX/HATTARY1.DBF,689,MOVE_TO_FIELDDATA,PLC/HMI/SCADA backup candidate
02. Project Backup/Factory C/SSV_C_FA/hOmSave7/S7HK31AX/HATTARY1.DBT,14336,MOVE_TO_FIELDDATA,PLC/HMI/SCADA backup candidate
02. Project Backup/Factory C/SSV_C_FA/hOmSave7/S7HK31AX/HATTARY1.MDX,4096,MOVE_TO_FIELDDATA,PLC/HMI/SCADA backup candidate
02. Project Backup/Factory C/SSV_C_FA/hOmSave7/S7HK31AX/HATTRIB1.DBF,34246,MOVE_TO_FIELDDATA,PLC/HMI/SCADA backup candidate
02. Project Backup/Factory C/SSV_C_FA/hOmSave7/S7HK31AX/HATTRIB1.MDX,11264,MOVE_TO_FIELDDATA,PLC/HMI/SCADA backup candidate
02. Project Backup/Factory C/SSV_C_FA/hOmSave7/S7HK31AX/HATTRME1.DBF,3198,MOVE_TO_FIELDDATA,PLC/HMI/SCADA backup candidate
02. Project Backup/Factory C/SSV_C_FA/hOmSave7/S7HK31AX/HATTRME1.DBT,35840,MOVE_TO_FIELDDATA,PLC/HMI/SCADA backup candidate
02. Project Backup/Factory C/SSV_C_FA/hOmSave7/S7HK31AX/HATTRME1.MDX,8192,MOVE_TO_FIELDDATA,PLC/HMI/SCADA backup candidate
02. Project Backup/Factory C/SSV_C_FA/hOmSave7/S7HK31AX/HLASTID2.DBF,336,MOVE_TO_FIELDDATA,PLC/HMI/SCADA backup candidate
02. Project Backup/Factory C/SSV_C_FA/hOmSave7/S7HK31AX/hLockID1,0,MOVE_TO_FIELDDATA,PLC/HMI/SCADA backup candidate
02. Project Backup/Factory C/SSV_C_FA/hOmSave7/S7HK31AX/HOBJECT1.DBF,5155,MOVE_TO_FIELDDATA,PLC/HMI/SCADA backup candidate
02. Project Backup/Factory C/SSV_C_FA/hOmSave7/S7HK31AX/HOBJECT1.MDX,4096,MOVE_TO_FIELDDATA,PLC/HMI/SCADA backup candidate
02. Project Backup/Factory C/SSV_C_FA/hOmSave7/S7HK31AX/HRELATI1.DBF,7980,MOVE_TO_FIELDDATA,PLC/HMI/SCADA backup candidate
02. Project Backup/Factory C/SSV_C_FA/hOmSave7/S7HK31AX/HRELATI1.MDX,15360,MOVE_TO_FIELDDATA,PLC/HMI/SCADA backup candidate
02. Project Backup/Factory C/SSV_C_FA/hOmSave7/s7hk32ax/HATTARY1.DBF,1019,MOVE_TO_FIELDDATA,PLC/HMI/SCADA backup candidate
02. Project Backup/Factory C/SSV_C_FA/hOmSave7/s7hk32ax/HATTARY1.DBT,8192,MOVE_TO_FIELDDATA,PLC/HMI/SCADA backup candidate
02. Project Backup/Factory C/SSV_C_FA/hOmSave7/s7hk32ax/HATTARY1.MDX,4096,MOVE_TO_FIELDDATA,PLC/HMI/SCADA backup candidate
02. Project Backup/Factory C/SSV_C_FA/hOmSave7/s7hk32ax/HATTRIB1.DBF,19126,MOVE_TO_FIELDDATA,PLC/HMI/SCADA backup candidate
02. Project Backup/Factory C/SSV_C_FA/hOmSave7/s7hk32ax/HATTRIB1.MDX,8192,MOVE_TO_FIELDDATA,PLC/HMI/SCADA backup candidate
02. Project Backup/Factory C/SSV_C_FA/hOmSave7/s7hk32ax/HATTRME1.DBF,2802,MOVE_TO_FIELDDATA,PLC/HMI/SCADA backup candidate
02. Project Backup/Factory C/SSV_C_FA/hOmSave7/s7hk32ax/HATTRME1.DBT,31232,MOVE_TO_FIELDDATA,PLC/HMI/SCADA backup candidate
02. Project Backup/Factory C/SSV_C_FA/hOmSave7/s7hk32ax/HATTRME1.MDX,8192,MOVE_TO_FIELDDATA,PLC/HMI/SCADA backup candidate
02. Project Backup/Factory C/SSV_C_FA/hOmSave7/s7hk32ax/HLASTID2.DBF,336,MOVE_TO_FIELDDATA,PLC/HMI/SCADA backup candidate
02. Project Backup/Factory C/SSV_C_FA/hOmSave7/s7hk32ax/hLockID1,0,MOVE_TO_FIELDDATA,PLC/HMI/SCADA backup candidate
02. Project Backup/Factory C/SSV_C_FA/hOmSave7/s7hk32ax/HOBJECT1.DBF,8185,MOVE_TO_FIELDDATA,PLC/HMI/SCADA backup candidate
02. Project Backup/Factory C/SSV_C_FA/hOmSave7/s7hk32ax/HOBJECT1.MDX,4096,MOVE_TO_FIELDDATA,PLC/HMI/SCADA backup candidate
02. Project Backup/Factory C/SSV_C_FA/hOmSave7/s7hk32ax/HRELATI1.DBF,2598,MOVE_TO_FIELDDATA,PLC/HMI/SCADA backup candidate
02. Project Backup/Factory C/SSV_C_FA/hOmSave7/s7hk32ax/HRELATI1.MDX,8192,MOVE_TO_FIELDDATA,PLC/HMI/SCADA backup candidate
02. Project Backup/Factory C/SSV_C_FA/hOmSave7/s7hk32bx/HATTARY1.DBF,634,MOVE_TO_FIELDDATA,PLC/HMI/SCADA backup candidate
02. Project Backup/Factory C/SSV_C_FA/hOmSave7/s7hk32bx/HATTARY1.DBT,4608,MOVE_TO_FIELDDATA,PLC/HMI/SCADA backup candidate
02. Project Backup/Factory C/SSV_C_FA/hOmSave7/s7hk32bx/HATTARY1.MDX,4096,MOVE_TO_FIELDDATA,PLC/HMI/SCADA backup candidate
02. Project Backup/Factory C/SSV_C_FA/hOmSave7/s7hk32bx/HATTRIB1.DBF,10306,MOVE_TO_FIELDDATA,PLC/HMI/SCADA backup candidate
02. Project Backup/Factory C/SSV_C_FA/hOmSave7/s7hk32bx/HATTRIB1.MDX,6144,MOVE_TO_FIELDDATA,PLC/HMI/SCADA backup candidate
02. Project Backup/Factory C/SSV_C_FA/hOmSave7/s7hk32bx/HATTRME1.DBF,1570,MOVE_TO_FIELDDATA,PLC/HMI/SCADA backup candidate
02. Project Backup/Factory C/SSV_C_FA/hOmSave7/s7hk32bx/HATTRME1.DBT,16896,MOVE_TO_FIELDDATA,PLC/HMI/SCADA backup candidate
02. Project Backup/Factory C/SSV_C_FA/hOmSave7/s7hk32bx/HATTRME1.MDX,6144,MOVE_TO_FIELDDATA,PLC/HMI/SCADA backup candidate
02. Project Backup/Factory C/SSV_C_FA/hOmSave7/s7hk32bx/HLASTID2.DBF,336,MOVE_TO_FIELDDATA,PLC/HMI/SCADA backup candidate
02. Project Backup/Factory C/SSV_C_FA/hOmSave7/s7hk32bx/hLockID1,0,MOVE_TO_FIELDDATA,PLC/HMI/SCADA backup candidate
02. Project Backup/Factory C/SSV_C_FA/hOmSave7/s7hk32bx/HOBJECT1.DBF,4650,MOVE_TO_FIELDDATA,PLC/HMI/SCADA backup candidate
02. Project Backup/Factory C/SSV_C_FA/hOmSave7/s7hk32bx/HOBJECT1.MDX,4096,MOVE_TO_FIELDDATA,PLC/HMI/SCADA backup candidate
02. Project Backup/Factory C/SSV_C_FA/hOmSave7/s7hk32bx/HRELATI1.DBF,1506,MOVE_TO_FIELDDATA,PLC/HMI/SCADA backup candidate
02. Project Backup/Factory C/SSV_C_FA/hOmSave7/s7hk32bx/HRELATI1.MDX,6144,MOVE_TO_FIELDDATA,PLC/HMI/SCADA backup candidate
02. Project Backup/Factory C/SSV_C_FA/hOmSave7/s7hk33ax/HATTARY1.DBF,2999,MOVE_TO_FIELDDATA,PLC/HMI/SCADA backup candidate
02. Project Backup/Factory C/SSV_C_FA/hOmSave7/s7hk33ax/HATTARY1.DBT,26624,MOVE_TO_FIELDDATA,PLC/HMI/SCADA backup candidate
02. Project Backup/Factory C/SSV_C_FA/hOmSave7/s7hk33ax/HATTARY1.MDX,4096,MOVE_TO_FIELDDATA,PLC/HMI/SCADA backup candidate
02. Project Backup/Factory C/SSV_C_FA/hOmSave7/s7hk33ax/HATTRIB1.DBF,64486,MOVE_TO_FIELDDATA,PLC/HMI/SCADA backup candidate
02. Project Backup/Factory C/SSV_C_FA/hOmSave7/s7hk33ax/HATTRIB1.MDX,19456,MOVE_TO_FIELDDATA,PLC/HMI/SCADA backup candidate
02. Project Backup/Factory C/SSV_C_FA/hOmSave7/s7hk33ax/HATTRME1.DBF,10898,MOVE_TO_FIELDDATA,PLC/HMI/SCADA backup candidate
02. Project Backup/Factory C/SSV_C_FA/hOmSave7/s7hk33ax/HATTRME1.DBT,125440,MOVE_TO_FIELDDATA,PLC/HMI/SCADA backup candidate
02. Project Backup/Factory C/SSV_C_FA/hOmSave7/s7hk33ax/HATTRME1.MDX,21504,MOVE_TO_FIELDDATA,PLC/HMI/SCADA backup candidate
02. Project Backup/Factory C/SSV_C_FA/hOmSave7/s7hk33ax/HLASTID2.DBF,336,MOVE_TO_FIELDDATA,PLC/HMI/SCADA backup candidate
02. Project Backup/Factory C/SSV_C_FA/hOmSave7/s7hk33ax/hLockID1,0,MOVE_TO_FIELDDATA,PLC/HMI/SCADA backup candidate
02. Project Backup/Factory C/SSV_C_FA/hOmSave7/s7hk33ax/HOBJECT1.DBF,26365,MOVE_TO_FIELDDATA,PLC/HMI/SCADA backup candidate
02. Project Backup/Factory C/SSV_C_FA/hOmSave7/s7hk33ax/HOBJECT1.MDX,4096,MOVE_TO_FIELDDATA,PLC/HMI/SCADA backup candidate
02. Project Backup/Factory C/SSV_C_FA/hOmSave7/s7hk33ax/HRELATI1.DBF,8214,MOVE_TO_FIELDDATA,PLC/HMI/SCADA backup candidate
02. Project Backup/Factory C/SSV_C_FA/hOmSave7/s7hk33ax/HRELATI1.MDX,17408,MOVE_TO_FIELDDATA,PLC/HMI/SCADA backup candidate
02. Project Backup/Factory C/SSV_C_FA/hOmSave7/s7hk33cx/HATTARY1.DBF,2229,MOVE_TO_FIELDDATA,PLC/HMI/SCADA backup candidate
02. Project Backup/Factory C/SSV_C_FA/hOmSave7/s7hk33cx/HATTARY1.DBT,19456,MOVE_TO_FIELDDATA,PLC/HMI/SCADA backup candidate
02. Project Backup/Factory C/SSV_C_FA/hOmSave7/s7hk33cx/HATTARY1.MDX,4096,MOVE_TO_FIELDDATA,PLC/HMI/SCADA backup candidate
02. Project Backup/Factory C/SSV_C_FA/hOmSave7/s7hk33cx/HATTRIB1.DBF,46846,MOVE_TO_FIELDDATA,PLC/HMI/SCADA backup candidate
02. Project Backup/Factory C/SSV_C_FA/hOmSave7/s7hk33cx/HATTRIB1.MDX,12288,MOVE_TO_FIELDDATA,PLC/HMI/SCADA backup candidate
02. Project Backup/Factory C/SSV_C_FA/hOmSave7/s7hk33cx/HATTRME1.DBF,8302,MOVE_TO_FIELDDATA,PLC/HMI/SCADA backup candidate
02. Project Backup/Factory C/SSV_C_FA/hOmSave7/s7hk33cx/HATTRME1.DBT,95232,MOVE_TO_FIELDDATA,PLC/HMI/SCADA backup candidate
02. Project Backup/Factory C/SSV_C_FA/hOmSave7/s7hk33cx/HATTRME1.MDX,15360,MOVE_TO_FIELDDATA,PLC/HMI/SCADA backup candidate
02. Project Backup/Factory C/SSV_C_FA/hOmSave7/s7hk33cx/HLASTID2.DBF,336,MOVE_TO_FIELDDATA,PLC/HMI/SCADA backup candidate
02. Project Backup/Factory C/SSV_C_FA/hOmSave7/s7hk33cx/hLockID1,0,MOVE_TO_FIELDDATA,PLC/HMI/SCADA backup candidate
02. Project Backup/Factory C/SSV_C_FA/hOmSave7/s7hk33cx/HOBJECT1.DBF,19295,MOVE_TO_FIELDDATA,PLC/HMI/SCADA backup candidate
02. Project Backup/Factory C/SSV_C_FA/hOmSave7/s7hk33cx/HOBJECT1.MDX,4096,MOVE_TO_FIELDDATA,PLC/HMI/SCADA backup candidate
02. Project Backup/Factory C/SSV_C_FA/hOmSave7/s7hk33cx/HRELATI1.DBF,6030,MOVE_TO_FIELDDATA,PLC/HMI/SCADA backup candidate
02. Project Backup/Factory C/SSV_C_FA/hOmSave7/s7hk33cx/HRELATI1.MDX,10240,MOVE_TO_FIELDDATA,PLC/HMI/SCADA backup candidate
02. Project Backup/Factory C/SSV_C_FA/hOmSave7/s7hkdmax/HATTARY1.DBF,744,MOVE_TO_FIELDDATA,PLC/HMI/SCADA backup candidate
02. Project Backup/Factory C/SSV_C_FA/hOmSave7/s7hkdmax/HATTARY1.DBT,5632,MOVE_TO_FIELDDATA,PLC/HMI/SCADA backup candidate
02. Project Backup/Factory C/SSV_C_FA/hOmSave7/s7hkdmax/HATTARY1.MDX,4096,MOVE_TO_FIELDDATA,PLC/HMI/SCADA backup candidate
02. Project Backup/Factory C/SSV_C_FA/hOmSave7/s7hkdmax/HATTRIB1.DBF,12826,MOVE_TO_FIELDDATA,PLC/HMI/SCADA backup candidate
02. Project Backup/Factory C/SSV_C_FA/hOmSave7/s7hkdmax/HATTRIB1.MDX,6144,MOVE_TO_FIELDDATA,PLC/HMI/SCADA backup candidate
02. Project Backup/Factory C/SSV_C_FA/hOmSave7/s7hkdmax/HATTRME1.DBF,1922,MOVE_TO_FIELDDATA,PLC/HMI/SCADA backup candidate
02. Project Backup/Factory C/SSV_C_FA/hOmSave7/s7hkdmax/HATTRME1.DBT,20992,MOVE_TO_FIELDDATA,PLC/HMI/SCADA backup candidate
02. Project Backup/Factory C/SSV_C_FA/hOmSave7/s7hkdmax/HATTRME1.MDX,6144,MOVE_TO_FIELDDATA,PLC/HMI/SCADA backup candidate
02. Project Backup/Factory C/SSV_C_FA/hOmSave7/s7hkdmax/HLASTID2.DBF,336,MOVE_TO_FIELDDATA,PLC/HMI/SCADA backup candidate
02. Project Backup/Factory C/SSV_C_FA/hOmSave7/s7hkdmax/hLockID1,0,MOVE_TO_FIELDDATA,PLC/HMI/SCADA backup candidate
02. Project Backup/Factory C/SSV_C_FA/hOmSave7/s7hkdmax/HOBJECT1.DBF,5660,MOVE_TO_FIELDDATA,PLC/HMI/SCADA backup candidate
02. Project Backup/Factory C/SSV_C_FA/hOmSave7/s7hkdmax/HOBJECT1.MDX,4096,MOVE_TO_FIELDDATA,PLC/HMI/SCADA backup candidate
02. Project Backup/Factory C/SSV_C_FA/hOmSave7/s7hkdmax/HRELATI1.DBF,3378,MOVE_TO_FIELDDATA,PLC/HMI/SCADA backup candidate
02. Project Backup/Factory C/SSV_C_FA/hOmSave7/s7hkdmax/HRELATI1.MDX,8192,MOVE_TO_FIELDDATA,PLC/HMI/SCADA backup candidate
02. Project Backup/Factory C/SSV_C_FA/hOmSave7/s7hsl7ax/HATTARY1.DBF,799,MOVE_TO_FIELDDATA,PLC/HMI/SCADA backup candidate
02. Project Backup/Factory C/SSV_C_FA/hOmSave7/s7hsl7ax/HATTARY1.DBT,6144,MOVE_TO_FIELDDATA,PLC/HMI/SCADA backup candidate
02. Project Backup/Factory C/SSV_C_FA/hOmSave7/s7hsl7ax/HATTARY1.MDX,4096,MOVE_TO_FIELDDATA,PLC/HMI/SCADA backup candidate
02. Project Backup/Factory C/SSV_C_FA/hOmSave7/s7hsl7ax/HATTRIB1.DBF,31411,MOVE_TO_FIELDDATA,PLC/HMI/SCADA backup candidate
02. Project Backup/Factory C/SSV_C_FA/hOmSave7/s7hsl7ax/HATTRIB1.MDX,13312,MOVE_TO_FIELDDATA,PLC/HMI/SCADA backup candidate
02. Project Backup/Factory C/SSV_C_FA/hOmSave7/s7hsl7ax/HATTRME1.DBF,2098,MOVE_TO_FIELDDATA,PLC/HMI/SCADA backup candidate
02. Project Backup/Factory C/SSV_C_FA/hOmSave7/s7hsl7ax/HATTRME1.DBT,28672,MOVE_TO_FIELDDATA,PLC/HMI/SCADA backup candidate
02. Project Backup/Factory C/SSV_C_FA/hOmSave7/s7hsl7ax/HATTRME1.MDX,8192,MOVE_TO_FIELDDATA,PLC/HMI/SCADA backup candidate
02. Project Backup/Factory C/SSV_C_FA/hOmSave7/s7hsl7ax/HLASTID2.DBF,336,MOVE_TO_FIELDDATA,PLC/HMI/SCADA backup candidate
02. Project Backup/Factory C/SSV_C_FA/hOmSave7/s7hsl7ax/hLockID1,0,MOVE_TO_FIELDDATA,PLC/HMI/SCADA backup candidate
02. Project Backup/Factory C/SSV_C_FA/hOmSave7/s7hsl7ax/HOBJECT1.DBF,6165,MOVE_TO_FIELDDATA,PLC/HMI/SCADA backup candidate
02. Project Backup/Factory C/SSV_C_FA/hOmSave7/s7hsl7ax/HOBJECT1.MDX,4096,MOVE_TO_FIELDDATA,PLC/HMI/SCADA backup candidate
02. Project Backup/Factory C/SSV_C_FA/hOmSave7/s7hsl7ax/HRELATI1.DBF,10242,MOVE_TO_FIELDDATA,PLC/HMI/SCADA backup candidate
02. Project Backup/Factory C/SSV_C_FA/hOmSave7/s7hsl7ax/HRELATI1.MDX,19456,MOVE_TO_FIELDDATA,PLC/HMI/SCADA backup candidate
02. Project Backup/Factory C/SSV_C_FA/hOmSave7/s7hss30x/HATTARY1.DBF,1624,MOVE_TO_FIELDDATA,PLC/HMI/SCADA backup candidate
02. Project Backup/Factory C/SSV_C_FA/hOmSave7/s7hss30x/HATTARY1.DBT,13824,MOVE_TO_FIELDDATA,PLC/HMI/SCADA backup candidate
02. Project Backup/Factory C/SSV_C_FA/hOmSave7/s7hss30x/HATTARY1.MDX,4096,MOVE_TO_FIELDDATA,PLC/HMI/SCADA backup candidate
02. Project Backup/Factory C/SSV_C_FA/hOmSave7/s7hss30x/HATTRIB1.DBF,26686,MOVE_TO_FIELDDATA,PLC/HMI/SCADA backup candidate
02. Project Backup/Factory C/SSV_C_FA/hOmSave7/s7hss30x/HATTRIB1.MDX,10240,MOVE_TO_FIELDDATA,PLC/HMI/SCADA backup candidate
02. Project Backup/Factory C/SSV_C_FA/hOmSave7/s7hss30x/HATTRME1.DBF,426,MOVE_TO_FIELDDATA,PLC/HMI/SCADA backup candidate
02. Project Backup/Factory C/SSV_C_FA/hOmSave7/s7hss30x/HATTRME1.DBT,3584,MOVE_TO_FIELDDATA,PLC/HMI/SCADA backup candidate
02. Project Backup/Factory C/SSV_C_FA/hOmSave7/s7hss30x/HATTRME1.MDX,6144,MOVE_TO_FIELDDATA,PLC/HMI/SCADA backup candidate
02. Project Backup/Factory C/SSV_C_FA/hOmSave7/s7hss30x/HLASTID2.DBF,336,MOVE_TO_FIELDDATA,PLC/HMI/SCADA backup candidate
02. Project Backup/Factory C/SSV_C_FA/hOmSave7/s7hss30x/hLockID1,0,MOVE_TO_FIELDDATA,PLC/HMI/SCADA backup candidate
02. Project Backup/Factory C/SSV_C_FA/hOmSave7/s7hss30x/HOBJECT1.DBF,13740,MOVE_TO_FIELDDATA,PLC/HMI/SCADA backup candidate
02. Project Backup/Factory C/SSV_C_FA/hOmSave7/s7hss30x/HOBJECT1.MDX,4096,MOVE_TO_FIELDDATA,PLC/HMI/SCADA backup candidate
02. Project Backup/Factory C/SSV_C_FA/hOmSave7/s7hss30x/HRELATI1.DBF,17574,MOVE_TO_FIELDDATA,PLC/HMI/SCADA backup candidate
02. Project Backup/Factory C/SSV_C_FA/hOmSave7/s7hss30x/HRELATI1.MDX,24576,MOVE_TO_FIELDDATA,PLC/HMI/SCADA backup candidate
02. Project Backup/Factory C/SSV_C_FA/hOmSave7/s7hssiox/HATTARY1.DBF,1184,MOVE_TO_FIELDDATA,PLC/HMI/SCADA backup candidate
02. Project Backup/Factory C/SSV_C_FA/hOmSave7/s7hssiox/HATTARY1.DBT,9728,MOVE_TO_FIELDDATA,PLC/HMI/SCADA backup candidate
02. Project Backup/Factory C/SSV_C_FA/hOmSave7/s7hssiox/HATTARY1.MDX,4096,MOVE_TO_FIELDDATA,PLC/HMI/SCADA backup candidate
02. Project Backup/Factory C/SSV_C_FA/hOmSave7/s7hssiox/HATTRIB1.DBF,45586,MOVE_TO_FIELDDATA,PLC/HMI/SCADA backup candidate
02. Project Backup/Factory C/SSV_C_FA/hOmSave7/s7hssiox/HATTRIB1.MDX,14336,MOVE_TO_FIELDDATA,PLC/HMI/SCADA backup candidate
02. Project Backup/Factory C/SSV_C_FA/hOmSave7/s7hssiox/HATTRME1.DBF,1746,MOVE_TO_FIELDDATA,PLC/HMI/SCADA backup candidate
02. Project Backup/Factory C/SSV_C_FA/hOmSave7/s7hssiox/HATTRME1.DBT,18944,MOVE_TO_FIELDDATA,PLC/HMI/SCADA backup candidate
02. Project Backup/Factory C/SSV_C_FA/hOmSave7/s7hssiox/HATTRME1.MDX,6144,MOVE_TO_FIELDDATA,PLC/HMI/SCADA backup candidate
02. Project Backup/Factory C/SSV_C_FA/hOmSave7/s7hssiox/HLASTID2.DBF,336,MOVE_TO_FIELDDATA,PLC/HMI/SCADA backup candidate
02. Project Backup/Factory C/SSV_C_FA/hOmSave7/s7hssiox/hLockID1,0,MOVE_TO_FIELDDATA,PLC/HMI/SCADA backup candidate
02. Project Backup/Factory C/SSV_C_FA/hOmSave7/s7hssiox/HOBJECT1.DBF,9700,MOVE_TO_FIELDDATA,PLC/HMI/SCADA backup candidate
02. Project Backup/Factory C/SSV_C_FA/hOmSave7/s7hssiox/HOBJECT1.MDX,4096,MOVE_TO_FIELDDATA,PLC/HMI/SCADA backup candidate
02. Project Backup/Factory C/SSV_C_FA/hOmSave7/s7hssiox/HRELATI1.DBF,6576,MOVE_TO_FIELDDATA,PLC/HMI/SCADA backup candidate
02. Project Backup/Factory C/SSV_C_FA/hOmSave7/s7hssiox/HRELATI1.MDX,11264,MOVE_TO_FIELDDATA,PLC/HMI/SCADA backup candidate
02. Project Backup/Factory C/SSV_C_FA/hOmSave7/s7hstatx/13.s7h,9933,MOVE_TO_FIELDDATA,PLC/HMI/SCADA backup candidate
02. Project Backup/Factory C/SSV_C_FA/hOmSave7/s7hstatx/16.s7h,10018,MOVE_TO_FIELDDATA,PLC/HMI/SCADA backup candidate
02. Project Backup/Factory C/SSV_C_FA/hOmSave7/s7hstatx/19.s7h,4193,MOVE_TO_FIELDDATA,PLC/HMI/SCADA backup candidate
02. Project Backup/Factory C/SSV_C_FA/hOmSave7/s7hstatx/1d.s7h,9933,MOVE_TO_FIELDDATA,PLC/HMI/SCADA backup candidate
02. Project Backup/Factory C/SSV_C_FA/hOmSave7/s7hstatx/20.s7h,9936,MOVE_TO_FIELDDATA,PLC/HMI/SCADA backup candidate
02. Project Backup/Factory C/SSV_C_FA/hOmSave7/s7hstatx/26.s7h,10032,MOVE_TO_FIELDDATA,PLC/HMI/SCADA backup candidate
02. Project Backup/Factory C/SSV_C_FA/hOmSave7/s7hstatx/29.s7h,10060,MOVE_TO_FIELDDATA,PLC/HMI/SCADA backup candidate
02. Project Backup/Factory C/SSV_C_FA/hOmSave7/s7hstatx/2f.s7h,12937,MOVE_TO_FIELDDATA,PLC/HMI/SCADA backup candidate
02. Project Backup/Factory C/SSV_C_FA/hOmSave7/s7hstatx/32.s7h,9945,MOVE_TO_FIELDDATA,PLC/HMI/SCADA backup candidate
02. Project Backup/Factory C/SSV_C_FA/hOmSave7/s7hstatx/38.s7h,12937,MOVE_TO_FIELDDATA,PLC/HMI/SCADA backup candidate
02. Project Backup/Factory C/SSV_C_FA/hOmSave7/s7hstatx/3b.s7h,9992,MOVE_TO_FIELDDATA,PLC/HMI/SCADA backup candidate
02. Project Backup/Factory C/SSV_C_FA/hOmSave7/s7hstatx/d.s7h,9914,MOVE_TO_FIELDDATA,PLC/HMI/SCADA backup candidate
02. Project Backup/Factory C/SSV_C_FA/hOmSave7/s7hstatx/HADDRES3.DBF,1118,MOVE_TO_FIELDDATA,PLC/HMI/SCADA backup candidate
02. Project Backup/Factory C/SSV_C_FA/hOmSave7/s7hstatx/HADDRES3.DBT,8704,MOVE_TO_FIELDDATA,PLC/HMI/SCADA backup candidate
02. Project Backup/Factory C/SSV_C_FA/hOmSave7/s7hstatx/HADDRES3.MDX,4096,MOVE_TO_FIELDDATA,PLC/HMI/SCADA backup candidate
02. Project Backup/Factory C/SSV_C_FA/hOmSave7/s7hstatx/HATTARY1.DBF,1019,MOVE_TO_FIELDDATA,PLC/HMI/SCADA backup candidate
02. Project Backup/Factory C/SSV_C_FA/hOmSave7/s7hstatx/HATTARY1.DBT,8192,MOVE_TO_FIELDDATA,PLC/HMI/SCADA backup candidate
02. Project Backup/Factory C/SSV_C_FA/hOmSave7/s7hstatx/HATTARY1.MDX,4096,MOVE_TO_FIELDDATA,PLC/HMI/SCADA backup candidate
02. Project Backup/Factory C/SSV_C_FA/hOmSave7/s7hstatx/HATTRIB1.DBF,15976,MOVE_TO_FIELDDATA,PLC/HMI/SCADA backup candidate
02. Project Backup/Factory C/SSV_C_FA/hOmSave7/s7hstatx/HATTRIB1.MDX,8192,MOVE_TO_FIELDDATA,PLC/HMI/SCADA backup candidate
02. Project Backup/Factory C/SSV_C_FA/hOmSave7/s7hstatx/HATTRME1.DBF,1702,MOVE_TO_FIELDDATA,PLC/HMI/SCADA backup candidate
02. Project Backup/Factory C/SSV_C_FA/hOmSave7/s7hstatx/HATTRME1.DBT,18432,MOVE_TO_FIELDDATA,PLC/HMI/SCADA backup candidate
02. Project Backup/Factory C/SSV_C_FA/hOmSave7/s7hstatx/HATTRME1.MDX,6144,MOVE_TO_FIELDDATA,PLC/HMI/SCADA backup candidate
02. Project Backup/Factory C/SSV_C_FA/hOmSave7/s7hstatx/HLASTID2.DBF,336,MOVE_TO_FIELDDATA,PLC/HMI/SCADA backup candidate
02. Project Backup/Factory C/SSV_C_FA/hOmSave7/s7hstatx/hLockID1,0,MOVE_TO_FIELDDATA,PLC/HMI/SCADA backup candidate
02. Project Backup/Factory C/SSV_C_FA/hOmSave7/s7hstatx/HOBJECT1.DBF,8185,MOVE_TO_FIELDDATA,PLC/HMI/SCADA backup candidate
02. Project Backup/Factory C/SSV_C_FA/hOmSave7/s7hstatx/HOBJECT1.MDX,4096,MOVE_TO_FIELDDATA,PLC/HMI/SCADA backup candidate
02. Project Backup/Factory C/SSV_C_FA/hOmSave7/s7hstatx/HRELATI1.DBF,7044,MOVE_TO_FIELDDATA,PLC/HMI/SCADA backup candidate
02. Project Backup/Factory C/SSV_C_FA/hOmSave7/s7hstatx/HRELATI1.MDX,15360,MOVE_TO_FIELDDATA,PLC/HMI/SCADA backup candidate
02. Project Backup/Factory C/SSV_C_FA/hrs/GNRESOFF.DBF,26810,MOVE_TO_FIELDDATA,PLC/HMI/SCADA backup candidate
02. Project Backup/Factory C/SSV_C_FA/hrs/GNRESOFF.MDX,4096,MOVE_TO_FIELDDATA,PLC/HMI/SCADA backup candidate
02. Project Backup/Factory C/SSV_C_FA/hrs/lastrgf.res,4,MOVE_TO_FIELDDATA,PLC/HMI/SCADA backup candidate
02. Project Backup/Factory C/SSV_C_FA/hrs/lastrsf.res,4,MOVE_TO_FIELDDATA,PLC/HMI/SCADA backup candidate
02. Project Backup/Factory C/SSV_C_FA/hrs/lastrsn.res,4,MOVE_TO_FIELDDATA,PLC/HMI/SCADA backup candidate
02. Project Backup/Factory C/SSV_C_FA/hrs/linkhrs.lnk,36352,MOVE_TO_FIELDDATA,PLC/HMI/SCADA backup candidate
02. Project Backup/Factory C/SSV_C_FA/hrs/rgflock.res,0,MOVE_TO_FIELDDATA,PLC/HMI/SCADA backup candidate
02. Project Backup/Factory C/SSV_C_FA/hrs/rsflock.res,0,MOVE_TO_FIELDDATA,PLC/HMI/SCADA backup candidate
02. Project Backup/Factory C/SSV_C_FA/hrs/rsnlock.res,0,MOVE_TO_FIELDDATA,PLC/HMI/SCADA backup candidate
02. Project Backup/Factory C/SSV_C_FA/hrs/S7RESOFF.DBF,12554,MOVE_TO_FIELDDATA,PLC/HMI/SCADA backup candidate
02. Project Backup/Factory C/SSV_C_FA/hrs/S7RESOFF.MDX,4096,MOVE_TO_FIELDDATA,PLC/HMI/SCADA backup candidate
02. Project Backup/Factory C/SSV_C_FA/hrs/S7RESONL.DBF,38050,MOVE_TO_FIELDDATA,PLC/HMI/SCADA backup candidate
02. Project Backup/Factory C/SSV_C_FA/hrs/S7RESONL.MDX,4096,MOVE_TO_FIELDDATA,PLC/HMI/SCADA backup candidate
02. Project Backup/Factory C/SSV_C_FA/link.lnk,1536,MOVE_TO_FIELDDATA,PLC/HMI/SCADA backup candidate
02. Project Backup/Factory C/SSV_C_FA/meldeom/meldvers.dat,4,MOVE_TO_FIELDDATA,PLC/HMI/SCADA backup candidate
02. Project Backup/Factory C/SSV_C_FA/meldeom/TEXTLNK.DBF,336,MOVE_TO_FIELDDATA,PLC/HMI/SCADA backup candidate
02. Project Backup/Factory C/SSV_C_FA/meldeom/TEXTLNK.MDX,12288,MOVE_TO_FIELDDATA,PLC/HMI/SCADA backup candidate
02. Project Backup/Factory C/SSV_C_FA/meldeom/TEXTOM.DBF,872,MOVE_TO_FIELDDATA,PLC/HMI/SCADA backup candidate
02. Project Backup/Factory C/SSV_C_FA/meldeom/TEXTOM.DBT,1024,MOVE_TO_FIELDDATA,PLC/HMI/SCADA backup candidate
02. Project Backup/Factory C/SSV_C_FA/meldeom/textom.hid,4,MOVE_TO_FIELDDATA,PLC/HMI/SCADA backup candidate
02. Project Backup/Factory C/SSV_C_FA/meldeom/textom.lck,0,MOVE_TO_FIELDDATA,PLC/HMI/SCADA backup candidate
02. Project Backup/Factory C/SSV_C_FA/meldeom/TEXTOM.MDX,8192,MOVE_TO_FIELDDATA,PLC/HMI/SCADA backup candidate
02. Project Backup/Factory C/SSV_C_FA/ombstx/offline/0000000c/BAUSTEIN.DBF,11604,MOVE_TO_FIELDDATA,PLC/HMI/SCADA backup candidate
02. Project Backup/Factory C/SSV_C_FA/ombstx/offline/0000000c/BAUSTEIN.DBT,113152,MOVE_TO_FIELDDATA,PLC/HMI/SCADA backup candidate
02. Project Backup/Factory C/SSV_C_FA/ombstx/offline/0000000c/baustein.id,4,MOVE_TO_FIELDDATA,PLC/HMI/SCADA backup candidate
02. Project Backup/Factory C/SSV_C_FA/ombstx/offline/0000000c/baustein.lck,0,MOVE_TO_FIELDDATA,PLC/HMI/SCADA backup candidate
02. Project Backup/Factory C/SSV_C_FA/ombstx/offline/0000000c/BAUSTEIN.MDX,11264,MOVE_TO_FIELDDATA,PLC/HMI/SCADA backup candidate
02. Project Backup/Factory C/SSV_C_FA/ombstx/offline/0000000c/links.lnk,1024,MOVE_TO_FIELDDATA,PLC/HMI/SCADA backup candidate
02. Project Backup/Factory C/SSV_C_FA/ombstx/offline/0000000c/SUBBLK.DBF,84162,MOVE_TO_FIELDDATA,PLC/HMI/SCADA backup candidate
02. Project Backup/Factory C/SSV_C_FA/ombstx/offline/0000000c/SUBBLK.DBT,887808,MOVE_TO_FIELDDATA,PLC/HMI/SCADA backup candidate
02. Project Backup/Factory C/SSV_C_FA/ombstx/offline/0000000c/usfapx.ini,0,MOVE_TO_FIELDDATA,PLC/HMI/SCADA backup candidate
02. Project Backup/Factory C/SSV_C_FA/ombstx/offline/0000000e/BAUSTEIN.DBF,11139,MOVE_TO_FIELDDATA,PLC/HMI/SCADA backup candidate
02. Project Backup/Factory C/SSV_C_FA/ombstx/offline/0000000e/BAUSTEIN.DBT,72192,MOVE_TO_FIELDDATA,PLC/HMI/SCADA backup candidate
02. Project Backup/Factory C/SSV_C_FA/ombstx/offline/0000000e/baustein.id,4,MOVE_TO_FIELDDATA,PLC/HMI/SCADA backup candidate
02. Project Backup/Factory C/SSV_C_FA/ombstx/offline/0000000e/baustein.lck,0,MOVE_TO_FIELDDATA,PLC/HMI/SCADA backup candidate
02. Project Backup/Factory C/SSV_C_FA/ombstx/offline/0000000e/BAUSTEIN.MDX,12288,MOVE_TO_FIELDDATA,PLC/HMI/SCADA backup candidate
02. Project Backup/Factory C/SSV_C_FA/ombstx/offline/0000000e/links.lnk,1024,MOVE_TO_FIELDDATA,PLC/HMI/SCADA backup candidate
02. Project Backup/Factory C/SSV_C_FA/ombstx/offline/0000000e/SUBBLK.DBF,84162,MOVE_TO_FIELDDATA,PLC/HMI/SCADA backup candidate
02. Project Backup/Factory C/SSV_C_FA/ombstx/offline/0000000e/SUBBLK.DBT,974848,MOVE_TO_FIELDDATA,PLC/HMI/SCADA backup candidate
02. Project Backup/Factory C/SSV_C_FA/ombstx/offline/0000000e/usfapx.ini,0,MOVE_TO_FIELDDATA,PLC/HMI/SCADA backup candidate
02. Project Backup/Factory C/SSV_C_FA/ombstx/offline/0000000f/BAUSTEIN.DBF,9930,MOVE_TO_FIELDDATA,PLC/HMI/SCADA backup candidate
02. Project Backup/Factory C/SSV_C_FA/ombstx/offline/0000000f/BAUSTEIN.DBT,58880,MOVE_TO_FIELDDATA,PLC/HMI/SCADA backup candidate
02. Project Backup/Factory C/SSV_C_FA/ombstx/offline/0000000f/baustein.id,4,MOVE_TO_FIELDDATA,PLC/HMI/SCADA backup candidate
02. Project Backup/Factory C/SSV_C_FA/ombstx/offline/0000000f/baustein.lck,0,MOVE_TO_FIELDDATA,PLC/HMI/SCADA backup candidate
02. Project Backup/Factory C/SSV_C_FA/ombstx/offline/0000000f/BAUSTEIN.MDX,12288,MOVE_TO_FIELDDATA,PLC/HMI/SCADA backup candidate
02. Project Backup/Factory C/SSV_C_FA/ombstx/offline/0000000f/links.lnk,1024,MOVE_TO_FIELDDATA,PLC/HMI/SCADA backup candidate
02. Project Backup/Factory C/SSV_C_FA/ombstx/offline/0000000f/SUBBLK.DBF,74178,MOVE_TO_FIELDDATA,PLC/HMI/SCADA backup candidate
02. Project Backup/Factory C/SSV_C_FA/ombstx/offline/0000000f/SUBBLK.DBT,786432,MOVE_TO_FIELDDATA,PLC/HMI/SCADA backup candidate
02. Project Backup/Factory C/SSV_C_FA/ombstx/offline/0000000f/usfapx.ini,0,MOVE_TO_FIELDDATA,PLC/HMI/SCADA backup candidate
02. Project Backup/Factory C/SSV_C_FA/ombstx/offline/00000014/BAUSTEIN.DBF,17835,MOVE_TO_FIELDDATA,PLC/HMI/SCADA backup candidate
02. Project Backup/Factory C/SSV_C_FA/ombstx/offline/00000014/BAUSTEIN.DBT,115712,MOVE_TO_FIELDDATA,PLC/HMI/SCADA backup candidate
02. Project Backup/Factory C/SSV_C_FA/ombstx/offline/00000014/baustein.id,4,MOVE_TO_FIELDDATA,PLC/HMI/SCADA backup candidate
02. Project Backup/Factory C/SSV_C_FA/ombstx/offline/00000014/baustein.lck,0,MOVE_TO_FIELDDATA,PLC/HMI/SCADA backup candidate
02. Project Backup/Factory C/SSV_C_FA/ombstx/offline/00000014/BAUSTEIN.MDX,13312,MOVE_TO_FIELDDATA,PLC/HMI/SCADA backup candidate
02. Project Backup/Factory C/SSV_C_FA/ombstx/offline/00000014/links.lnk,1024,MOVE_TO_FIELDDATA,PLC/HMI/SCADA backup candidate
02. Project Backup/Factory C/SSV_C_FA/ombstx/offline/00000014/SUBBLK.DBF,84162,MOVE_TO_FIELDDATA,PLC/HMI/SCADA backup candidate
02. Project Backup/Factory C/SSV_C_FA/ombstx/offline/00000014/SUBBLK.DBT,1029120,MOVE_TO_FIELDDATA,PLC/HMI/SCADA backup candidate
02. Project Backup/Factory C/SSV_C_FA/ombstx/offline/00000014/usfapx.ini,0,MOVE_TO_FIELDDATA,PLC/HMI/SCADA backup candidate
02. Project Backup/Factory C/SSV_C_FA/ombstx/offline/00000015/BAUSTEIN.DBF,20439,MOVE_TO_FIELDDATA,PLC/HMI/SCADA backup candidate
02. Project Backup/Factory C/SSV_C_FA/ombstx/offline/00000015/BAUSTEIN.DBT,118272,MOVE_TO_FIELDDATA,PLC/HMI/SCADA backup candidate
02. Project Backup/Factory C/SSV_C_FA/ombstx/offline/00000015/baustein.id,4,MOVE_TO_FIELDDATA,PLC/HMI/SCADA backup candidate
02. Project Backup/Factory C/SSV_C_FA/ombstx/offline/00000015/baustein.lck,0,MOVE_TO_FIELDDATA,PLC/HMI/SCADA backup candidate
02. Project Backup/Factory C/SSV_C_FA/ombstx/offline/00000015/BAUSTEIN.MDX,12288,MOVE_TO_FIELDDATA,PLC/HMI/SCADA backup candidate
02. Project Backup/Factory C/SSV_C_FA/ombstx/offline/00000015/links.lnk,1024,MOVE_TO_FIELDDATA,PLC/HMI/SCADA backup candidate
02. Project Backup/Factory C/SSV_C_FA/ombstx/offline/00000015/SUBBLK.DBF,93570,MOVE_TO_FIELDDATA,PLC/HMI/SCADA backup candidate
02. Project Backup/Factory C/SSV_C_FA/ombstx/offline/00000015/SUBBLK.DBT,1310208,MOVE_TO_FIELDDATA,PLC/HMI/SCADA backup candidate
02. Project Backup/Factory C/SSV_C_FA/ombstx/offline/00000015/usfapx.ini,0,MOVE_TO_FIELDDATA,PLC/HMI/SCADA backup candidate
02. Project Backup/Factory C/SSV_C_FA/ombstx/offline/BSTCNTOF.DBF,10594,MOVE_TO_FIELDDATA,PLC/HMI/SCADA backup candidate
02. Project Backup/Factory C/SSV_C_FA/ombstx/offline/bstcntof.id,4,MOVE_TO_FIELDDATA,PLC/HMI/SCADA backup candidate
02. Project Backup/Factory C/SSV_C_FA/ombstx/offline/bstcntof.lck,0,MOVE_TO_FIELDDATA,PLC/HMI/SCADA backup candidate
02. Project Backup/Factory C/SSV_C_FA/ombstx/offline/BSTCNTOF.MDX,4096,MOVE_TO_FIELDDATA,PLC/HMI/SCADA backup candidate
02. Project Backup/Factory C/SSV_C_FA/ombstx/online/BSTCNTON.DBF,32418,MOVE_TO_FIELDDATA,PLC/HMI/SCADA backup candidate
02. Project Backup/Factory C/SSV_C_FA/ombstx/online/bstcnton.id,4,MOVE_TO_FIELDDATA,PLC/HMI/SCADA backup candidate
02. Project Backup/Factory C/SSV_C_FA/ombstx/online/bstcnton.lck,0,MOVE_TO_FIELDDATA,PLC/HMI/SCADA backup candidate
02. Project Backup/Factory C/SSV_C_FA/ombstx/online/BSTCNTON.MDX,4096,MOVE_TO_FIELDDATA,PLC/HMI/SCADA backup candidate
02. Project Backup/Factory C/SSV_C_FA/ombstx/online/links.lnk,33280,MOVE_TO_FIELDDATA,PLC/HMI/SCADA backup candidate
02. Project Backup/Factory C/SSV_C_FA/omgd/gdflock.res,0,MOVE_TO_FIELDDATA,PLC/HMI/SCADA backup candidate
02. Project Backup/Factory C/SSV_C_FA/omgd/lastgd,4,MOVE_TO_FIELDDATA,PLC/HMI/SCADA backup candidate
02. Project Backup/Factory C/SSV_C_FA/omgd/S7GD.DBF,2215,MOVE_TO_FIELDDATA,PLC/HMI/SCADA backup candidate
02. Project Backup/Factory C/SSV_C_FA/omgd/S7GD.DBT,1024,MOVE_TO_FIELDDATA,PLC/HMI/SCADA backup candidate
02. Project Backup/Factory C/SSV_C_FA/omgd/S7GD.MDX,4096,MOVE_TO_FIELDDATA,PLC/HMI/SCADA backup candidate
02. Project Backup/Factory C/SSV_C_FA/pgs/gsflock.res,0,MOVE_TO_FIELDDATA,PLC/HMI/SCADA backup candidate
02. Project Backup/Factory C/SSV_C_FA/pgs/lastgs,4,MOVE_TO_FIELDDATA,PLC/HMI/SCADA backup candidate
02. Project Backup/Factory C/SSV_C_FA/pgs/linkgs/00000001.DBF,414,MOVE_TO_FIELDDATA,PLC/HMI/SCADA backup candidate
02. Project Backup/Factory C/SSV_C_FA/pgs/S7GS.DBF,3615,MOVE_TO_FIELDDATA,PLC/HMI/SCADA backup candidate
02. Project Backup/Factory C/SSV_C_FA/pgs/S7GS.MDX,4096,MOVE_TO_FIELDDATA,PLC/HMI/SCADA backup candidate
02. Project Backup/Factory C/SSV_C_FA/s7asrcom/0000000c/S7CONTAI.DBF,450,MOVE_TO_FIELDDATA,PLC/HMI/SCADA backup candidate
02. Project Backup/Factory C/SSV_C_FA/s7asrcom/0000000c/S7CONTAI.MDX,8192,MOVE_TO_FIELDDATA,PLC/HMI/SCADA backup candidate
02. Project Backup/Factory C/SSV_C_FA/s7asrcom/0000000c/S7LINKS.DBF,414,MOVE_TO_FIELDDATA,PLC/HMI/SCADA backup candidate
02. Project Backup/Factory C/SSV_C_FA/s7asrcom/0000000c/s7source.lck,0,MOVE_TO_FIELDDATA,PLC/HMI/SCADA backup candidate
02. Project Backup/Factory C/SSV_C_FA/s7asrcom/0000000e/S7CONTAI.DBF,450,MOVE_TO_FIELDDATA,PLC/HMI/SCADA backup candidate
02. Project Backup/Factory C/SSV_C_FA/s7asrcom/0000000e/S7CONTAI.MDX,8192,MOVE_TO_FIELDDATA,PLC/HMI/SCADA backup candidate
02. Project Backup/Factory C/SSV_C_FA/s7asrcom/0000000e/S7LINKS.DBF,414,MOVE_TO_FIELDDATA,PLC/HMI/SCADA backup candidate
02. Project Backup/Factory C/SSV_C_FA/s7asrcom/0000000e/s7source.lck,0,MOVE_TO_FIELDDATA,PLC/HMI/SCADA backup candidate
02. Project Backup/Factory C/SSV_C_FA/s7asrcom/0000000f/S7CONTAI.DBF,450,MOVE_TO_FIELDDATA,PLC/HMI/SCADA backup candidate
02. Project Backup/Factory C/SSV_C_FA/s7asrcom/0000000f/S7CONTAI.MDX,8192,MOVE_TO_FIELDDATA,PLC/HMI/SCADA backup candidate
02. Project Backup/Factory C/SSV_C_FA/s7asrcom/0000000f/S7LINKS.DBF,414,MOVE_TO_FIELDDATA,PLC/HMI/SCADA backup candidate
02. Project Backup/Factory C/SSV_C_FA/s7asrcom/0000000f/s7source.lck,0,MOVE_TO_FIELDDATA,PLC/HMI/SCADA backup candidate
02. Project Backup/Factory C/SSV_C_FA/s7asrcom/00000014/S7CONTAI.DBF,450,MOVE_TO_FIELDDATA,PLC/HMI/SCADA backup candidate
02. Project Backup/Factory C/SSV_C_FA/s7asrcom/00000014/S7CONTAI.MDX,8192,MOVE_TO_FIELDDATA,PLC/HMI/SCADA backup candidate
02. Project Backup/Factory C/SSV_C_FA/s7asrcom/00000014/S7LINKS.DBF,414,MOVE_TO_FIELDDATA,PLC/HMI/SCADA backup candidate
02. Project Backup/Factory C/SSV_C_FA/s7asrcom/00000014/s7source.lck,0,MOVE_TO_FIELDDATA,PLC/HMI/SCADA backup candidate
02. Project Backup/Factory C/SSV_C_FA/s7asrcom/00000015/S7CONTAI.DBF,450,MOVE_TO_FIELDDATA,PLC/HMI/SCADA backup candidate
02. Project Backup/Factory C/SSV_C_FA/s7asrcom/00000015/S7CONTAI.MDX,8192,MOVE_TO_FIELDDATA,PLC/HMI/SCADA backup candidate
02. Project Backup/Factory C/SSV_C_FA/s7asrcom/00000015/S7LINKS.DBF,414,MOVE_TO_FIELDDATA,PLC/HMI/SCADA backup candidate
02. Project Backup/Factory C/SSV_C_FA/s7asrcom/00000015/s7source.lck,0,MOVE_TO_FIELDDATA,PLC/HMI/SCADA backup candidate
02. Project Backup/Factory C/SSV_C_FA/s7asrcom/s7cntID.src,8,MOVE_TO_FIELDDATA,PLC/HMI/SCADA backup candidate
02. Project Backup/Factory C/SSV_C_FA/s7asrcom/S7CNTREF.DBF,9870,MOVE_TO_FIELDDATA,PLC/HMI/SCADA backup candidate
02. Project Backup/Factory C/SSV_C_FA/s7asrcom/S7CNTREF.MDX,4096,MOVE_TO_FIELDDATA,PLC/HMI/SCADA backup candidate
02. Project Backup/Factory C/SSV_C_FA/s7asrcom/s7contai.lck,0,MOVE_TO_FIELDDATA,PLC/HMI/SCADA backup candidate
02. Project Backup/Factory C/SSV_C_FA/s7extref/s7pltref.lck,0,MOVE_TO_FIELDDATA,PLC/HMI/SCADA backup candidate
02. Project Backup/Factory C/SSV_C_FA/s7extref/s7pltref.xml,79,MOVE_TO_FIELDDATA,PLC/HMI/SCADA backup candidate
02. Project Backup/Factory C/SSV_C_FA/s7netpro.npa,888,MOVE_TO_FIELDDATA,PLC/HMI/SCADA backup candidate
02. Project Backup/Factory C/SSV_C_FA/S7Netze/S7NONFGX.id,4,MOVE_TO_FIELDDATA,PLC/HMI/SCADA backup candidate
02. Project Backup/Factory C/SSV_C_FA/S7Netze/S7NONFGX.lnk,30208,MOVE_TO_FIELDDATA,PLC/HMI/SCADA backup candidate
02. Project Backup/Factory C/SSV_C_FA/S7Netze/S7NONFGX.tab,115073,MOVE_TO_FIELDDATA,PLC/HMI/SCADA backup candidate
02. Project Backup/Factory C/SSV_C_FA/S7NFREMX/S7NFREMX.tab,0,MOVE_TO_FIELDDATA,PLC/HMI/SCADA backup candidate
02. Project Backup/Factory C/SSV_C_FA/S7PPLOMX/layout,130,MOVE_TO_FIELDDATA,PLC/HMI/SCADA backup candidate
02. Project Backup/Factory C/SSV_C_FA/sdb/0000000a/000000cd.PG,338,MOVE_TO_FIELDDATA,PLC/HMI/SCADA backup candidate
02. Project Backup/Factory C/SSV_C_FA/sdb/0000000a/000000ce.PG,152,MOVE_TO_FIELDDATA,PLC/HMI/SCADA backup candidate
02. Project Backup/Factory C/SSV_C_FA/sdb/0000000a/000000cf.PG,460,MOVE_TO_FIELDDATA,PLC/HMI/SCADA backup candidate
02. Project Backup/Factory C/SSV_C_FA/sdb/0000000a/000000d0.PG,2200,MOVE_TO_FIELDDATA,PLC/HMI/SCADA backup candidate
02. Project Backup/Factory C/SSV_C_FA/sdb/0000000a/000000d1.PG,922,MOVE_TO_FIELDDATA,PLC/HMI/SCADA backup candidate
02. Project Backup/Factory C/SSV_C_FA/sdb/0000000a/000000d2.PG,186,MOVE_TO_FIELDDATA,PLC/HMI/SCADA backup candidate
02. Project Backup/Factory C/SSV_C_FA/sdb/0000000a/000000d3.PG,696,MOVE_TO_FIELDDATA,PLC/HMI/SCADA backup candidate
02. Project Backup/Factory C/SSV_C_FA/sdb/0000000a/000000d4.PG,306,MOVE_TO_FIELDDATA,PLC/HMI/SCADA backup candidate
02. Project Backup/Factory C/SSV_C_FA/sdb/0000000a/000000d5.PG,598,MOVE_TO_FIELDDATA,PLC/HMI/SCADA backup candidate
02. Project Backup/Factory C/SSV_C_FA/sdb/0000000a/000000d6.PG,138,MOVE_TO_FIELDDATA,PLC/HMI/SCADA backup candidate
02. Project Backup/Factory C/SSV_C_FA/sdb/0000000a/000000d7.PG,142,MOVE_TO_FIELDDATA,PLC/HMI/SCADA backup candidate
02. Project Backup/Factory C/SSV_C_FA/sdb/0000000a/000000d8.PG,494,MOVE_TO_FIELDDATA,PLC/HMI/SCADA backup candidate
02. Project Backup/Factory C/SSV_C_FA/sdb/0000000a/000000d9.PG,238,MOVE_TO_FIELDDATA,PLC/HMI/SCADA backup candidate
02. Project Backup/Factory C/SSV_C_FA/sdb/0000000a/link/0000000A.DBF,414,MOVE_TO_FIELDDATA,PLC/HMI/SCADA backup candidate
02. Project Backup/Factory C/SSV_C_FA/sdb/0000000a/list/0000000A.DBF,24441,MOVE_TO_FIELDDATA,PLC/HMI/SCADA backup candidate
02. Project Backup/Factory C/SSV_C_FA/sdb/0000000a/list/0000000A.MDX,4096,MOVE_TO_FIELDDATA,PLC/HMI/SCADA backup candidate
02. Project Backup/Factory C/SSV_C_FA/sdb/0000000c/000000c0.PG,922,MOVE_TO_FIELDDATA,PLC/HMI/SCADA backup candidate
02. Project Backup/Factory C/SSV_C_FA/sdb/0000000c/000000c1.PG,2288,MOVE_TO_FIELDDATA,PLC/HMI/SCADA backup candidate
02. Project Backup/Factory C/SSV_C_FA/sdb/0000000c/000000c2.PG,338,MOVE_TO_FIELDDATA,PLC/HMI/SCADA backup candidate
02. Project Backup/Factory C/SSV_C_FA/sdb/0000000c/000000c3.PG,540,MOVE_TO_FIELDDATA,PLC/HMI/SCADA backup candidate
02. Project Backup/Factory C/SSV_C_FA/sdb/0000000c/000000c4.PG,152,MOVE_TO_FIELDDATA,PLC/HMI/SCADA backup candidate
02. Project Backup/Factory C/SSV_C_FA/sdb/0000000c/000000c5.PG,494,MOVE_TO_FIELDDATA,PLC/HMI/SCADA backup candidate
02. Project Backup/Factory C/SSV_C_FA/sdb/0000000c/000000c6.PG,186,MOVE_TO_FIELDDATA,PLC/HMI/SCADA backup candidate
02. Project Backup/Factory C/SSV_C_FA/sdb/0000000c/000000c7.PG,142,MOVE_TO_FIELDDATA,PLC/HMI/SCADA backup candidate
02. Project Backup/Factory C/SSV_C_FA/sdb/0000000c/000000c8.PG,138,MOVE_TO_FIELDDATA,PLC/HMI/SCADA backup candidate
02. Project Backup/Factory C/SSV_C_FA/sdb/0000000c/000000c9.PG,650,MOVE_TO_FIELDDATA,PLC/HMI/SCADA backup candidate
02. Project Backup/Factory C/SSV_C_FA/sdb/0000000c/000000ca.PG,306,MOVE_TO_FIELDDATA,PLC/HMI/SCADA backup candidate
02. Project Backup/Factory C/SSV_C_FA/sdb/0000000c/000000cb.PG,696,MOVE_TO_FIELDDATA,PLC/HMI/SCADA backup candidate
02. Project Backup/Factory C/SSV_C_FA/sdb/0000000c/000000cc.PG,238,MOVE_TO_FIELDDATA,PLC/HMI/SCADA backup candidate
02. Project Backup/Factory C/SSV_C_FA/sdb/0000000c/link/0000000C.DBF,414,MOVE_TO_FIELDDATA,PLC/HMI/SCADA backup candidate
02. Project Backup/Factory C/SSV_C_FA/sdb/0000000c/list/0000000C.DBF,22998,MOVE_TO_FIELDDATA,PLC/HMI/SCADA backup candidate
02. Project Backup/Factory C/SSV_C_FA/sdb/0000000c/list/0000000C.MDX,4096,MOVE_TO_FIELDDATA,PLC/HMI/SCADA backup candidate
02. Project Backup/Factory C/SSV_C_FA/sdb/0000000d/0000017c.PG,696,MOVE_TO_FIELDDATA,PLC/HMI/SCADA backup candidate
02. Project Backup/Factory C/SSV_C_FA/sdb/0000000d/0000017d.PG,338,MOVE_TO_FIELDDATA,PLC/HMI/SCADA backup candidate
02. Project Backup/Factory C/SSV_C_FA/sdb/0000000d/0000017e.PG,922,MOVE_TO_FIELDDATA,PLC/HMI/SCADA backup candidate
02. Project Backup/Factory C/SSV_C_FA/sdb/0000000d/0000017f.PG,2190,MOVE_TO_FIELDDATA,PLC/HMI/SCADA backup candidate
02. Project Backup/Factory C/SSV_C_FA/sdb/0000000d/00000180.PG,676,MOVE_TO_FIELDDATA,PLC/HMI/SCADA backup candidate
02. Project Backup/Factory C/SSV_C_FA/sdb/0000000d/00000181.PG,152,MOVE_TO_FIELDDATA,PLC/HMI/SCADA backup candidate
02. Project Backup/Factory C/SSV_C_FA/sdb/0000000d/00000182.PG,494,MOVE_TO_FIELDDATA,PLC/HMI/SCADA backup candidate
02. Project Backup/Factory C/SSV_C_FA/sdb/0000000d/00000183.PG,142,MOVE_TO_FIELDDATA,PLC/HMI/SCADA backup candidate
02. Project Backup/Factory C/SSV_C_FA/sdb/0000000d/00000184.PG,186,MOVE_TO_FIELDDATA,PLC/HMI/SCADA backup candidate
02. Project Backup/Factory C/SSV_C_FA/sdb/0000000d/00000185.PG,138,MOVE_TO_FIELDDATA,PLC/HMI/SCADA backup candidate
02. Project Backup/Factory C/SSV_C_FA/sdb/0000000d/00000186.PG,598,MOVE_TO_FIELDDATA,PLC/HMI/SCADA backup candidate
02. Project Backup/Factory C/SSV_C_FA/sdb/0000000d/00000187.PG,306,MOVE_TO_FIELDDATA,PLC/HMI/SCADA backup candidate
02. Project Backup/Factory C/SSV_C_FA/sdb/0000000d/00000188.PG,238,MOVE_TO_FIELDDATA,PLC/HMI/SCADA backup candidate
02. Project Backup/Factory C/SSV_C_FA/sdb/0000000d/link/0000000D.DBF,414,MOVE_TO_FIELDDATA,PLC/HMI/SCADA backup candidate
02. Project Backup/Factory C/SSV_C_FA/sdb/0000000d/list/0000000D.DBF,43866,MOVE_TO_FIELDDATA,PLC/HMI/SCADA backup candidate
02. Project Backup/Factory C/SSV_C_FA/sdb/0000000d/list/0000000D.MDX,4096,MOVE_TO_FIELDDATA,PLC/HMI/SCADA backup candidate
02. Project Backup/Factory C/SSV_C_FA/sdb/00000012/00000003.PG,650,MOVE_TO_FIELDDATA,PLC/HMI/SCADA backup candidate
02. Project Backup/Factory C/SSV_C_FA/sdb/00000012/0000006f.PG,338,MOVE_TO_FIELDDATA,PLC/HMI/SCADA backup candidate
02. Project Backup/Factory C/SSV_C_FA/sdb/00000012/00000088.PG,924,MOVE_TO_FIELDDATA,PLC/HMI/SCADA backup candidate
02. Project Backup/Factory C/SSV_C_FA/sdb/00000012/00000089.PG,138,MOVE_TO_FIELDDATA,PLC/HMI/SCADA backup candidate
02. Project Backup/Factory C/SSV_C_FA/sdb/00000012/0000008a.PG,306,MOVE_TO_FIELDDATA,PLC/HMI/SCADA backup candidate
02. Project Backup/Factory C/SSV_C_FA/sdb/00000012/0000008b.PG,152,MOVE_TO_FIELDDATA,PLC/HMI/SCADA backup candidate
02. Project Backup/Factory C/SSV_C_FA/sdb/00000012/0000008c.PG,540,MOVE_TO_FIELDDATA,PLC/HMI/SCADA backup candidate
02. Project Backup/Factory C/SSV_C_FA/sdb/00000012/0000008d.PG,142,MOVE_TO_FIELDDATA,PLC/HMI/SCADA backup candidate
02. Project Backup/Factory C/SSV_C_FA/sdb/00000012/0000008e.PG,3144,MOVE_TO_FIELDDATA,PLC/HMI/SCADA backup candidate
02. Project Backup/Factory C/SSV_C_FA/sdb/00000012/0000008f.PG,696,MOVE_TO_FIELDDATA,PLC/HMI/SCADA backup candidate
02. Project Backup/Factory C/SSV_C_FA/sdb/00000012/00000090.PG,916,MOVE_TO_FIELDDATA,PLC/HMI/SCADA backup candidate
02. Project Backup/Factory C/SSV_C_FA/sdb/00000012/00000091.PG,186,MOVE_TO_FIELDDATA,PLC/HMI/SCADA backup candidate
02. Project Backup/Factory C/SSV_C_FA/sdb/00000012/00000092.PG,1120,MOVE_TO_FIELDDATA,PLC/HMI/SCADA backup candidate
02. Project Backup/Factory C/SSV_C_FA/sdb/00000012/00000093.PG,238,MOVE_TO_FIELDDATA,PLC/HMI/SCADA backup candidate
02. Project Backup/Factory C/SSV_C_FA/sdb/00000012/link/00000012.DBF,414,MOVE_TO_FIELDDATA,PLC/HMI/SCADA backup candidate
02. Project Backup/Factory C/SSV_C_FA/sdb/00000012/list/00000012.DBF,16671,MOVE_TO_FIELDDATA,PLC/HMI/SCADA backup candidate
02. Project Backup/Factory C/SSV_C_FA/sdb/00000012/list/00000012.MDX,4096,MOVE_TO_FIELDDATA,PLC/HMI/SCADA backup candidate
02. Project Backup/Factory C/SSV_C_FA/sdb/00000013/00000003.PG,650,MOVE_TO_FIELDDATA,PLC/HMI/SCADA backup candidate
02. Project Backup/Factory C/SSV_C_FA/sdb/00000013/00000014.PG,338,MOVE_TO_FIELDDATA,PLC/HMI/SCADA backup candidate
02. Project Backup/Factory C/SSV_C_FA/sdb/00000013/00000028.PG,306,MOVE_TO_FIELDDATA,PLC/HMI/SCADA backup candidate
02. Project Backup/Factory C/SSV_C_FA/sdb/00000013/00000029.PG,152,MOVE_TO_FIELDDATA,PLC/HMI/SCADA backup candidate
02. Project Backup/Factory C/SSV_C_FA/sdb/00000013/0000002a.PG,540,MOVE_TO_FIELDDATA,PLC/HMI/SCADA backup candidate
02. Project Backup/Factory C/SSV_C_FA/sdb/00000013/0000002b.PG,142,MOVE_TO_FIELDDATA,PLC/HMI/SCADA backup candidate
02. Project Backup/Factory C/SSV_C_FA/sdb/00000013/0000002c.PG,2176,MOVE_TO_FIELDDATA,PLC/HMI/SCADA backup candidate
02. Project Backup/Factory C/SSV_C_FA/sdb/00000013/0000002d.PG,696,MOVE_TO_FIELDDATA,PLC/HMI/SCADA backup candidate
02. Project Backup/Factory C/SSV_C_FA/sdb/00000013/0000002e.PG,916,MOVE_TO_FIELDDATA,PLC/HMI/SCADA backup candidate
02. Project Backup/Factory C/SSV_C_FA/sdb/00000013/0000002f.PG,186,MOVE_TO_FIELDDATA,PLC/HMI/SCADA backup candidate
02. Project Backup/Factory C/SSV_C_FA/sdb/00000013/00000030.PG,556,MOVE_TO_FIELDDATA,PLC/HMI/SCADA backup candidate
02. Project Backup/Factory C/SSV_C_FA/sdb/00000013/00000031.PG,624,MOVE_TO_FIELDDATA,PLC/HMI/SCADA backup candidate
02. Project Backup/Factory C/SSV_C_FA/sdb/00000013/00000032.PG,138,MOVE_TO_FIELDDATA,PLC/HMI/SCADA backup candidate
02. Project Backup/Factory C/SSV_C_FA/sdb/00000013/00000033.PG,238,MOVE_TO_FIELDDATA,PLC/HMI/SCADA backup candidate
02. Project Backup/Factory C/SSV_C_FA/sdb/00000013/link/00000013.DBF,414,MOVE_TO_FIELDDATA,PLC/HMI/SCADA backup candidate
02. Project Backup/Factory C/SSV_C_FA/sdb/00000013/list/00000013.DBF,6015,MOVE_TO_FIELDDATA,PLC/HMI/SCADA backup candidate
02. Project Backup/Factory C/SSV_C_FA/sdb/00000013/list/00000013.MDX,4096,MOVE_TO_FIELDDATA,PLC/HMI/SCADA backup candidate
02. Project Backup/Factory C/SSV_C_FA/sdb/S0112001.DBF,1435,MOVE_TO_FIELDDATA,PLC/HMI/SCADA backup candidate
02. Project Backup/Factory C/SSV_C_FA/sdb/S0112001.MDX,4096,MOVE_TO_FIELDDATA,PLC/HMI/SCADA backup candidate
02. Project Backup/Factory C/SSV_C_FA/sdb/sdblast.id,8,MOVE_TO_FIELDDATA,PLC/HMI/SCADA backup candidate
02. Project Backup/Factory C/SSV_C_FA/sdb/sdblock.lck,0,MOVE_TO_FIELDDATA,PLC/HMI/SCADA backup candidate
02. Project Backup/Factory C/SSV_C_FA/SSV_C_FA.s7p,103,MOVE_TO_FIELDDATA,PLC/HMI/SCADA backup candidate
02. Project Backup/Factory C/SSV_C_FA/SSV_C_FA.S7S,0,MOVE_TO_FIELDDATA,PLC/HMI/SCADA backup candidate
02. Project Backup/Factory C/SSV_C_FA/SSV_HV_1/ApiLog/lock,0,MOVE_TO_FIELDDATA,PLC/HMI/SCADA backup candidate
02. Project Backup/Factory C/SSV_C_FA/SSV_HV_1/ApiLog/LogIDs,8,MOVE_TO_FIELDDATA,PLC/HMI/SCADA backup candidate
02. Project Backup/Factory C/SSV_C_FA/SSV_HV_1/ApiLog/Step7Bas.ver,3577,MOVE_TO_FIELDDATA,PLC/HMI/SCADA backup candidate
02. Project Backup/Factory C/SSV_C_FA/SSV_HV_1/ApiLog/Types,1427,MOVE_TO_FIELDDATA,PLC/HMI/SCADA backup candidate
02. Project Backup/Factory C/SSV_C_FA/SSV_HV_1/CONN/CO_1/HOMOLINK.dbf,4096,MOVE_TO_FIELDDATA,PLC/HMI/SCADA backup candidate
02. Project Backup/Factory C/SSV_C_FA/SSV_HV_1/CONN/CO_1/homolock,0,MOVE_TO_FIELDDATA,PLC/HMI/SCADA backup candidate
02. Project Backup/Factory C/SSV_C_FA/SSV_HV_1/CONN/CO_1/HOMOVERB.DBF,4022,MOVE_TO_FIELDDATA,PLC/HMI/SCADA backup candidate
02. Project Backup/Factory C/SSV_C_FA/SSV_HV_1/CONN/CO_1/HOMOVERB.MDX,4096,MOVE_TO_FIELDDATA,PLC/HMI/SCADA backup candidate
02. Project Backup/Factory C/SSV_C_FA/SSV_HV_1/CONN/CO_1/HOMOVERB.PRO,4,MOVE_TO_FIELDDATA,PLC/HMI/SCADA backup candidate
02. Project Backup/Factory C/SSV_C_FA/SSV_HV_1/CONN/CO_1/HOMTABV4.DBF,2586,MOVE_TO_FIELDDATA,PLC/HMI/SCADA backup candidate
02. Project Backup/Factory C/SSV_C_FA/SSV_HV_1/CONN/CO_1/HOMTABV4.MDX,4096,MOVE_TO_FIELDDATA,PLC/HMI/SCADA backup candidate
02. Project Backup/Factory C/SSV_C_FA/SSV_HV_1/CONN/CO_1/HOMTABV5.DBF,12179,MOVE_TO_FIELDDATA,PLC/HMI/SCADA backup candidate
02. Project Backup/Factory C/SSV_C_FA/SSV_HV_1/CONN/CO_1/HOMTABV5.MDX,4096,MOVE_TO_FIELDDATA,PLC/HMI/SCADA backup candidate
02. Project Backup/Factory C/SSV_C_FA/SSV_HV_1/CONN/CO_1/VerbHomo.dat,12,MOVE_TO_FIELDDATA,PLC/HMI/SCADA backup candidate
02. Project Backup/Factory C/SSV_C_FA/SSV_HV_1/CONN/CO_11/HOMOLINK.dbf,4096,MOVE_TO_FIELDDATA,PLC/HMI/SCADA backup candidate
02. Project Backup/Factory C/SSV_C_FA/SSV_HV_1/CONN/CO_11/homolock,0,MOVE_TO_FIELDDATA,PLC/HMI/SCADA backup candidate
02. Project Backup/Factory C/SSV_C_FA/SSV_HV_1/CONN/CO_11/HOMOVERB.DBF,4022,MOVE_TO_FIELDDATA,PLC/HMI/SCADA backup candidate
02. Project Backup/Factory C/SSV_C_FA/SSV_HV_1/CONN/CO_11/HOMOVERB.MDX,4096,MOVE_TO_FIELDDATA,PLC/HMI/SCADA backup candidate
02. Project Backup/Factory C/SSV_C_FA/SSV_HV_1/CONN/CO_11/HOMOVERB.PRO,4,MOVE_TO_FIELDDATA,PLC/HMI/SCADA backup candidate
02. Project Backup/Factory C/SSV_C_FA/SSV_HV_1/CONN/CO_11/HOMTABV4.DBF,2586,MOVE_TO_FIELDDATA,PLC/HMI/SCADA backup candidate
02. Project Backup/Factory C/SSV_C_FA/SSV_HV_1/CONN/CO_11/HOMTABV4.MDX,4096,MOVE_TO_FIELDDATA,PLC/HMI/SCADA backup candidate
02. Project Backup/Factory C/SSV_C_FA/SSV_HV_1/CONN/CO_11/HOMTABV5.DBF,12179,MOVE_TO_FIELDDATA,PLC/HMI/SCADA backup candidate
02. Project Backup/Factory C/SSV_C_FA/SSV_HV_1/CONN/CO_11/HOMTABV5.MDX,4096,MOVE_TO_FIELDDATA,PLC/HMI/SCADA backup candidate
02. Project Backup/Factory C/SSV_C_FA/SSV_HV_1/CONN/CO_11/VerbHomo.dat,12,MOVE_TO_FIELDDATA,PLC/HMI/SCADA backup candidate
02. Project Backup/Factory C/SSV_C_FA/SSV_HV_1/CONN/CO_13/HOMOLINK.dbf,4096,MOVE_TO_FIELDDATA,PLC/HMI/SCADA backup candidate
02. Project Backup/Factory C/SSV_C_FA/SSV_HV_1/CONN/CO_13/homolock,0,MOVE_TO_FIELDDATA,PLC/HMI/SCADA backup candidate
02. Project Backup/Factory C/SSV_C_FA/SSV_HV_1/CONN/CO_13/HOMOVERB.DBF,4022,MOVE_TO_FIELDDATA,PLC/HMI/SCADA backup candidate
02. Project Backup/Factory C/SSV_C_FA/SSV_HV_1/CONN/CO_13/HOMOVERB.MDX,4096,MOVE_TO_FIELDDATA,PLC/HMI/SCADA backup candidate
02. Project Backup/Factory C/SSV_C_FA/SSV_HV_1/CONN/CO_13/HOMOVERB.PRO,4,MOVE_TO_FIELDDATA,PLC/HMI/SCADA backup candidate
02. Project Backup/Factory C/SSV_C_FA/SSV_HV_1/CONN/CO_13/HOMTABV4.DBF,2586,MOVE_TO_FIELDDATA,PLC/HMI/SCADA backup candidate
02. Project Backup/Factory C/SSV_C_FA/SSV_HV_1/CONN/CO_13/HOMTABV4.MDX,4096,MOVE_TO_FIELDDATA,PLC/HMI/SCADA backup candidate
02. Project Backup/Factory C/SSV_C_FA/SSV_HV_1/CONN/CO_13/HOMTABV5.DBF,12179,MOVE_TO_FIELDDATA,PLC/HMI/SCADA backup candidate
02. Project Backup/Factory C/SSV_C_FA/SSV_HV_1/CONN/CO_13/HOMTABV5.MDX,4096,MOVE_TO_FIELDDATA,PLC/HMI/SCADA backup candidate
02. Project Backup/Factory C/SSV_C_FA/SSV_HV_1/CONN/CO_13/VerbHomo.dat,12,MOVE_TO_FIELDDATA,PLC/HMI/SCADA backup candidate
02. Project Backup/Factory C/SSV_C_FA/SSV_HV_1/CONN/CO_2/HOMOLINK.dbf,4096,MOVE_TO_FIELDDATA,PLC/HMI/SCADA backup candidate
02. Project Backup/Factory C/SSV_C_FA/SSV_HV_1/CONN/CO_2/homolock,0,MOVE_TO_FIELDDATA,PLC/HMI/SCADA backup candidate
02. Project Backup/Factory C/SSV_C_FA/SSV_HV_1/CONN/CO_2/HOMOVERB.DBF,4022,MOVE_TO_FIELDDATA,PLC/HMI/SCADA backup candidate
02. Project Backup/Factory C/SSV_C_FA/SSV_HV_1/CONN/CO_2/HOMOVERB.MDX,4096,MOVE_TO_FIELDDATA,PLC/HMI/SCADA backup candidate
02. Project Backup/Factory C/SSV_C_FA/SSV_HV_1/CONN/CO_2/HOMOVERB.PRO,4,MOVE_TO_FIELDDATA,PLC/HMI/SCADA backup candidate
02. Project Backup/Factory C/SSV_C_FA/SSV_HV_1/CONN/CO_2/HOMTABV4.DBF,2586,MOVE_TO_FIELDDATA,PLC/HMI/SCADA backup candidate
02. Project Backup/Factory C/SSV_C_FA/SSV_HV_1/CONN/CO_2/HOMTABV4.MDX,4096,MOVE_TO_FIELDDATA,PLC/HMI/SCADA backup candidate
02. Project Backup/Factory C/SSV_C_FA/SSV_HV_1/CONN/CO_2/HOMTABV5.DBF,12179,MOVE_TO_FIELDDATA,PLC/HMI/SCADA backup candidate
02. Project Backup/Factory C/SSV_C_FA/SSV_HV_1/CONN/CO_2/HOMTABV5.MDX,4096,MOVE_TO_FIELDDATA,PLC/HMI/SCADA backup candidate
02. Project Backup/Factory C/SSV_C_FA/SSV_HV_1/CONN/CO_2/VerbHomo.dat,12,MOVE_TO_FIELDDATA,PLC/HMI/SCADA backup candidate
02. Project Backup/Factory C/SSV_C_FA/SSV_HV_1/CONN/CO_3/HOMOLINK.dbf,4096,MOVE_TO_FIELDDATA,PLC/HMI/SCADA backup candidate
02. Project Backup/Factory C/SSV_C_FA/SSV_HV_1/CONN/CO_3/homolock,0,MOVE_TO_FIELDDATA,PLC/HMI/SCADA backup candidate
02. Project Backup/Factory C/SSV_C_FA/SSV_HV_1/CONN/CO_3/HOMOVERB.DBF,4022,MOVE_TO_FIELDDATA,PLC/HMI/SCADA backup candidate
02. Project Backup/Factory C/SSV_C_FA/SSV_HV_1/CONN/CO_3/HOMOVERB.MDX,4096,MOVE_TO_FIELDDATA,PLC/HMI/SCADA backup candidate
02. Project Backup/Factory C/SSV_C_FA/SSV_HV_1/CONN/CO_3/HOMOVERB.PRO,4,MOVE_TO_FIELDDATA,PLC/HMI/SCADA backup candidate
02. Project Backup/Factory C/SSV_C_FA/SSV_HV_1/CONN/CO_3/HOMTABV4.DBF,2586,MOVE_TO_FIELDDATA,PLC/HMI/SCADA backup candidate
02. Project Backup/Factory C/SSV_C_FA/SSV_HV_1/CONN/CO_3/HOMTABV4.MDX,4096,MOVE_TO_FIELDDATA,PLC/HMI/SCADA backup candidate
02. Project Backup/Factory C/SSV_C_FA/SSV_HV_1/CONN/CO_3/HOMTABV5.DBF,12179,MOVE_TO_FIELDDATA,PLC/HMI/SCADA backup candidate
02. Project Backup/Factory C/SSV_C_FA/SSV_HV_1/CONN/CO_3/HOMTABV5.MDX,4096,MOVE_TO_FIELDDATA,PLC/HMI/SCADA backup candidate
02. Project Backup/Factory C/SSV_C_FA/SSV_HV_1/CONN/CO_3/VerbHomo.dat,12,MOVE_TO_FIELDDATA,PLC/HMI/SCADA backup candidate
02. Project Backup/Factory C/SSV_C_FA/SSV_HV_1/CONN/CO_4/HOMOLINK.dbf,4096,MOVE_TO_FIELDDATA,PLC/HMI/SCADA backup candidate
02. Project Backup/Factory C/SSV_C_FA/SSV_HV_1/CONN/CO_4/homolock,0,MOVE_TO_FIELDDATA,PLC/HMI/SCADA backup candidate
02. Project Backup/Factory C/SSV_C_FA/SSV_HV_1/CONN/CO_4/HOMOVERB.DBF,4022,MOVE_TO_FIELDDATA,PLC/HMI/SCADA backup candidate
02. Project Backup/Factory C/SSV_C_FA/SSV_HV_1/CONN/CO_4/HOMOVERB.MDX,4096,MOVE_TO_FIELDDATA,PLC/HMI/SCADA backup candidate
02. Project Backup/Factory C/SSV_C_FA/SSV_HV_1/CONN/CO_4/HOMOVERB.PRO,4,MOVE_TO_FIELDDATA,PLC/HMI/SCADA backup candidate
02. Project Backup/Factory C/SSV_C_FA/SSV_HV_1/CONN/CO_4/HOMTABV4.DBF,2586,MOVE_TO_FIELDDATA,PLC/HMI/SCADA backup candidate
02. Project Backup/Factory C/SSV_C_FA/SSV_HV_1/CONN/CO_4/HOMTABV4.MDX,4096,MOVE_TO_FIELDDATA,PLC/HMI/SCADA backup candidate
02. Project Backup/Factory C/SSV_C_FA/SSV_HV_1/CONN/CO_4/HOMTABV5.DBF,12179,MOVE_TO_FIELDDATA,PLC/HMI/SCADA backup candidate
02. Project Backup/Factory C/SSV_C_FA/SSV_HV_1/CONN/CO_4/HOMTABV5.MDX,4096,MOVE_TO_FIELDDATA,PLC/HMI/SCADA backup candidate
02. Project Backup/Factory C/SSV_C_FA/SSV_HV_1/CONN/CO_4/VerbHomo.dat,12,MOVE_TO_FIELDDATA,PLC/HMI/SCADA backup candidate
02. Project Backup/Factory C/SSV_C_FA/SSV_HV_1/CONN/CO_5/HOMOLINK.dbf,4096,MOVE_TO_FIELDDATA,PLC/HMI/SCADA backup candidate
02. Project Backup/Factory C/SSV_C_FA/SSV_HV_1/CONN/CO_5/homolock,0,MOVE_TO_FIELDDATA,PLC/HMI/SCADA backup candidate
02. Project Backup/Factory C/SSV_C_FA/SSV_HV_1/CONN/CO_5/HOMOVERB.DBF,4022,MOVE_TO_FIELDDATA,PLC/HMI/SCADA backup candidate
02. Project Backup/Factory C/SSV_C_FA/SSV_HV_1/CONN/CO_5/HOMOVERB.MDX,4096,MOVE_TO_FIELDDATA,PLC/HMI/SCADA backup candidate
02. Project Backup/Factory C/SSV_C_FA/SSV_HV_1/CONN/CO_5/HOMOVERB.PRO,4,MOVE_TO_FIELDDATA,PLC/HMI/SCADA backup candidate
02. Project Backup/Factory C/SSV_C_FA/SSV_HV_1/CONN/CO_5/HOMTABV4.DBF,2586,MOVE_TO_FIELDDATA,PLC/HMI/SCADA backup candidate
02. Project Backup/Factory C/SSV_C_FA/SSV_HV_1/CONN/CO_5/HOMTABV4.MDX,4096,MOVE_TO_FIELDDATA,PLC/HMI/SCADA backup candidate
02. Project Backup/Factory C/SSV_C_FA/SSV_HV_1/CONN/CO_5/HOMTABV5.DBF,12179,MOVE_TO_FIELDDATA,PLC/HMI/SCADA backup candidate
02. Project Backup/Factory C/SSV_C_FA/SSV_HV_1/CONN/CO_5/HOMTABV5.MDX,4096,MOVE_TO_FIELDDATA,PLC/HMI/SCADA backup candidate
02. Project Backup/Factory C/SSV_C_FA/SSV_HV_1/CONN/CO_5/VerbHomo.dat,12,MOVE_TO_FIELDDATA,PLC/HMI/SCADA backup candidate
02. Project Backup/Factory C/SSV_C_FA/SSV_HV_1/CONN/CO_6/HOMOLINK.dbf,4096,MOVE_TO_FIELDDATA,PLC/HMI/SCADA backup candidate
02. Project Backup/Factory C/SSV_C_FA/SSV_HV_1/CONN/CO_6/homolock,0,MOVE_TO_FIELDDATA,PLC/HMI/SCADA backup candidate
02. Project Backup/Factory C/SSV_C_FA/SSV_HV_1/CONN/CO_6/HOMOVERB.DBF,4022,MOVE_TO_FIELDDATA,PLC/HMI/SCADA backup candidate
02. Project Backup/Factory C/SSV_C_FA/SSV_HV_1/CONN/CO_6/HOMOVERB.MDX,4096,MOVE_TO_FIELDDATA,PLC/HMI/SCADA backup candidate
02. Project Backup/Factory C/SSV_C_FA/SSV_HV_1/CONN/CO_6/HOMOVERB.PRO,4,MOVE_TO_FIELDDATA,PLC/HMI/SCADA backup candidate
02. Project Backup/Factory C/SSV_C_FA/SSV_HV_1/CONN/CO_6/HOMTABV4.DBF,2586,MOVE_TO_FIELDDATA,PLC/HMI/SCADA backup candidate
02. Project Backup/Factory C/SSV_C_FA/SSV_HV_1/CONN/CO_6/HOMTABV4.MDX,4096,MOVE_TO_FIELDDATA,PLC/HMI/SCADA backup candidate
02. Project Backup/Factory C/SSV_C_FA/SSV_HV_1/CONN/CO_6/HOMTABV5.DBF,12179,MOVE_TO_FIELDDATA,PLC/HMI/SCADA backup candidate
02. Project Backup/Factory C/SSV_C_FA/SSV_HV_1/CONN/CO_6/HOMTABV5.MDX,4096,MOVE_TO_FIELDDATA,PLC/HMI/SCADA backup candidate
02. Project Backup/Factory C/SSV_C_FA/SSV_HV_1/CONN/CO_6/VerbHomo.dat,12,MOVE_TO_FIELDDATA,PLC/HMI/SCADA backup candidate
02. Project Backup/Factory C/SSV_C_FA/SSV_HV_1/CONN/CO_7/HOMOLINK.dbf,4096,MOVE_TO_FIELDDATA,PLC/HMI/SCADA backup candidate
02. Project Backup/Factory C/SSV_C_FA/SSV_HV_1/CONN/CO_7/homolock,0,MOVE_TO_FIELDDATA,PLC/HMI/SCADA backup candidate
02. Project Backup/Factory C/SSV_C_FA/SSV_HV_1/CONN/CO_7/HOMOVERB.DBF,4022,MOVE_TO_FIELDDATA,PLC/HMI/SCADA backup candidate
02. Project Backup/Factory C/SSV_C_FA/SSV_HV_1/CONN/CO_7/HOMOVERB.MDX,4096,MOVE_TO_FIELDDATA,PLC/HMI/SCADA backup candidate
02. Project Backup/Factory C/SSV_C_FA/SSV_HV_1/CONN/CO_7/HOMOVERB.PRO,4,MOVE_TO_FIELDDATA,PLC/HMI/SCADA backup candidate
02. Project Backup/Factory C/SSV_C_FA/SSV_HV_1/CONN/CO_7/HOMTABV4.DBF,2586,MOVE_TO_FIELDDATA,PLC/HMI/SCADA backup candidate
02. Project Backup/Factory C/SSV_C_FA/SSV_HV_1/CONN/CO_7/HOMTABV4.MDX,4096,MOVE_TO_FIELDDATA,PLC/HMI/SCADA backup candidate
02. Project Backup/Factory C/SSV_C_FA/SSV_HV_1/CONN/CO_7/HOMTABV5.DBF,12179,MOVE_TO_FIELDDATA,PLC/HMI/SCADA backup candidate
02. Project Backup/Factory C/SSV_C_FA/SSV_HV_1/CONN/CO_7/HOMTABV5.MDX,4096,MOVE_TO_FIELDDATA,PLC/HMI/SCADA backup candidate
02. Project Backup/Factory C/SSV_C_FA/SSV_HV_1/CONN/CO_7/VerbHomo.dat,12,MOVE_TO_FIELDDATA,PLC/HMI/SCADA backup candidate
02. Project Backup/Factory C/SSV_C_FA/SSV_HV_1/CONN/CO_8/HOMOLINK.dbf,4096,MOVE_TO_FIELDDATA,PLC/HMI/SCADA backup candidate
02. Project Backup/Factory C/SSV_C_FA/SSV_HV_1/CONN/CO_8/homolock,0,MOVE_TO_FIELDDATA,PLC/HMI/SCADA backup candidate
02. Project Backup/Factory C/SSV_C_FA/SSV_HV_1/CONN/CO_8/HOMOVERB.DBF,4022,MOVE_TO_FIELDDATA,PLC/HMI/SCADA backup candidate
02. Project Backup/Factory C/SSV_C_FA/SSV_HV_1/CONN/CO_8/HOMOVERB.MDX,4096,MOVE_TO_FIELDDATA,PLC/HMI/SCADA backup candidate
02. Project Backup/Factory C/SSV_C_FA/SSV_HV_1/CONN/CO_8/HOMOVERB.PRO,4,MOVE_TO_FIELDDATA,PLC/HMI/SCADA backup candidate
02. Project Backup/Factory C/SSV_C_FA/SSV_HV_1/CONN/CO_8/HOMTABV4.DBF,2586,MOVE_TO_FIELDDATA,PLC/HMI/SCADA backup candidate
02. Project Backup/Factory C/SSV_C_FA/SSV_HV_1/CONN/CO_8/HOMTABV4.MDX,4096,MOVE_TO_FIELDDATA,PLC/HMI/SCADA backup candidate
02. Project Backup/Factory C/SSV_C_FA/SSV_HV_1/CONN/CO_8/HOMTABV5.DBF,12179,MOVE_TO_FIELDDATA,PLC/HMI/SCADA backup candidate
02. Project Backup/Factory C/SSV_C_FA/SSV_HV_1/CONN/CO_8/HOMTABV5.MDX,4096,MOVE_TO_FIELDDATA,PLC/HMI/SCADA backup candidate
02. Project Backup/Factory C/SSV_C_FA/SSV_HV_1/CONN/CO_8/VerbHomo.dat,12,MOVE_TO_FIELDDATA,PLC/HMI/SCADA backup candidate
02. Project Backup/Factory C/SSV_C_FA/SSV_HV_1/CONN/LINKVL.dbf,6144,MOVE_TO_FIELDDATA,PLC/HMI/SCADA backup candidate
02. Project Backup/Factory C/SSV_C_FA/SSV_HV_1/CONN/LOCKVL.LCK,0,MOVE_TO_FIELDDATA,PLC/HMI/SCADA backup candidate
02. Project Backup/Factory C/SSV_C_FA/SSV_HV_1/CONN/VERBLIST.PRO,4,MOVE_TO_FIELDDATA,PLC/HMI/SCADA backup candidate
02. Project Backup/Factory C/SSV_C_FA/SSV_HV_1/CONN/VERBTAB.DBF,5970,MOVE_TO_FIELDDATA,PLC/HMI/SCADA backup candidate
02. Project Backup/Factory C/SSV_C_FA/SSV_HV_1/CONN/VERBTAB.MDX,4096,MOVE_TO_FIELDDATA,PLC/HMI/SCADA backup candidate
02. Project Backup/Factory C/SSV_C_FA/SSV_HV_1/CONN/VLTAB53.DBF,4190,MOVE_TO_FIELDDATA,PLC/HMI/SCADA backup candidate
02. Project Backup/Factory C/SSV_C_FA/SSV_HV_1/CONN/VLTAB53.MDX,4096,MOVE_TO_FIELDDATA,PLC/HMI/SCADA backup candidate
02. Project Backup/Factory C/SSV_C_FA/SSV_HV_1/Global/141099_1_dp_asi.txt,0,MOVE_TO_FIELDDATA,PLC/HMI/SCADA backup candidate
02. Project Backup/Factory C/SSV_C_FA/SSV_HV_1/Global/141099_1.txt,41,MOVE_TO_FIELDDATA,PLC/HMI/SCADA backup candidate
02. Project Backup/Factory C/SSV_C_FA/SSV_HV_1/Global/141099_10_dp_asi.txt,0,MOVE_TO_FIELDDATA,PLC/HMI/SCADA backup candidate
02. Project Backup/Factory C/SSV_C_FA/SSV_HV_1/Global/141099_10.txt,41,MOVE_TO_FIELDDATA,PLC/HMI/SCADA backup candidate
02. Project Backup/Factory C/SSV_C_FA/SSV_HV_1/Global/141099_13_dp_asi.txt,0,MOVE_TO_FIELDDATA,PLC/HMI/SCADA backup candidate
02. Project Backup/Factory C/SSV_C_FA/SSV_HV_1/Global/141099_13.txt,41,MOVE_TO_FIELDDATA,PLC/HMI/SCADA backup candidate
02. Project Backup/Factory C/SSV_C_FA/SSV_HV_1/Global/141099_16_dp_asi.txt,0,MOVE_TO_FIELDDATA,PLC/HMI/SCADA backup candidate
02. Project Backup/Factory C/SSV_C_FA/SSV_HV_1/Global/141099_16.txt,41,MOVE_TO_FIELDDATA,PLC/HMI/SCADA backup candidate
02. Project Backup/Factory C/SSV_C_FA/SSV_HV_1/Global/141099_1d_dp_asi.txt,0,MOVE_TO_FIELDDATA,PLC/HMI/SCADA backup candidate
02. Project Backup/Factory C/SSV_C_FA/SSV_HV_1/Global/141099_1d.txt,697,MOVE_TO_FIELDDATA,PLC/HMI/SCADA backup candidate
02. Project Backup/Factory C/SSV_C_FA/SSV_HV_1/Global/141099_20_dp_asi.txt,0,MOVE_TO_FIELDDATA,PLC/HMI/SCADA backup candidate
02. Project Backup/Factory C/SSV_C_FA/SSV_HV_1/Global/141099_20.txt,41,MOVE_TO_FIELDDATA,PLC/HMI/SCADA backup candidate
02. Project Backup/Factory C/SSV_C_FA/SSV_HV_1/Global/141099_23_dp_asi.txt,0,MOVE_TO_FIELDDATA,PLC/HMI/SCADA backup candidate
02. Project Backup/Factory C/SSV_C_FA/SSV_HV_1/Global/141099_23.txt,41,MOVE_TO_FIELDDATA,PLC/HMI/SCADA backup candidate
02. Project Backup/Factory C/SSV_C_FA/SSV_HV_1/Global/141099_4_dp_asi.txt,0,MOVE_TO_FIELDDATA,PLC/HMI/SCADA backup candidate
02. Project Backup/Factory C/SSV_C_FA/SSV_HV_1/Global/141099_4.txt,41,MOVE_TO_FIELDDATA,PLC/HMI/SCADA backup candidate
02. Project Backup/Factory C/SSV_C_FA/SSV_HV_1/Global/141099_7_dp_asi.txt,0,MOVE_TO_FIELDDATA,PLC/HMI/SCADA backup candidate
02. Project Backup/Factory C/SSV_C_FA/SSV_HV_1/Global/141099_7.txt,41,MOVE_TO_FIELDDATA,PLC/HMI/SCADA backup candidate
02. Project Backup/Factory C/SSV_C_FA/SSV_HV_1/Global/141099_a_dp_asi.txt,0,MOVE_TO_FIELDDATA,PLC/HMI/SCADA backup candidate
02. Project Backup/Factory C/SSV_C_FA/SSV_HV_1/Global/141099_a.txt,41,MOVE_TO_FIELDDATA,PLC/HMI/SCADA backup candidate
02. Project Backup/Factory C/SSV_C_FA/SSV_HV_1/Global/141099_d_dp_asi.txt,0,MOVE_TO_FIELDDATA,PLC/HMI/SCADA backup candidate
02. Project Backup/Factory C/SSV_C_FA/SSV_HV_1/Global/141099_d.txt,41,MOVE_TO_FIELDDATA,PLC/HMI/SCADA backup candidate
02. Project Backup/Factory C/SSV_C_FA/SSV_HV_1/Global/colorder.dat,96,MOVE_TO_FIELDDATA,PLC/HMI/SCADA backup candidate
02. Project Backup/Factory C/SSV_C_FA/SSV_HV_1/Global/colwidth.dat,96,MOVE_TO_FIELDDATA,PLC/HMI/SCADA backup candidate
02. Project Backup/Factory C/SSV_C_FA/SSV_HV_1/Global/Font_1,35,MOVE_TO_FIELDDATA,PLC/HMI/SCADA backup candidate
02. Project Backup/Factory C/SSV_C_FA/SSV_HV_1/Global/Font_2,33,MOVE_TO_FIELDDATA,PLC/HMI/SCADA backup candidate
02. Project Backup/Factory C/SSV_C_FA/SSV_HV_1/Global/Language,40,MOVE_TO_FIELDDATA,PLC/HMI/SCADA backup candidate
02. Project Backup/Factory C/SSV_C_FA/SSV_HV_1/Global/MkProfil/Administrator/MakeLog/Compile and Download Objects,3347,MOVE_TO_FIELDDATA,PLC/HMI/SCADA backup candidate
02. Project Backup/Factory C/SSV_C_FA/SSV_HV_1/Global/MkProfil/Administrator/MakeLog/Compile/00141103/0000001E.log,512,MOVE_TO_FIELDDATA,PLC/HMI/SCADA backup candidate
02. Project Backup/Factory C/SSV_C_FA/SSV_HV_1/Global/MkProfil/Administrator/MakeLog/Compile/00145301/0000000B.log,6216,MOVE_TO_FIELDDATA,PLC/HMI/SCADA backup candidate
02. Project Backup/Factory C/SSV_C_FA/SSV_HV_1/Global/MkProfil/Administrator/MakeLog/Compile/S7amkprj.log,3347,MOVE_TO_FIELDDATA,PLC/HMI/SCADA backup candidate
02. Project Backup/Factory C/SSV_C_FA/SSV_HV_1/Global/MkProfil/HMI1/Administrator/s7amkapx.dat,50,MOVE_TO_FIELDDATA,PLC/HMI/SCADA backup candidate
02. Project Backup/Factory C/SSV_C_FA/SSV_HV_1/Global/MkProfil/HMI1/Administrator/s7amkexx.dat,100,MOVE_TO_FIELDDATA,PLC/HMI/SCADA backup candidate
02. Project Backup/Factory C/SSV_C_FA/SSV_HV_1/Global/PROJECTVERSION.umf,10,MOVE_TO_FIELDDATA,PLC/HMI/SCADA backup candidate
02. Project Backup/Factory C/SSV_C_FA/SSV_HV_1/Global/S7hCompressedMetadata.cmf,797190,MOVE_TO_FIELDDATA,PLC/HMI/SCADA backup candidate
02. Project Backup/Factory C/SSV_C_FA/SSV_HV_1/Global/S7hMetaData.umf,5521128,MOVE_TO_FIELDDATA,PLC/HMI/SCADA backup candidate
02. Project Backup/Factory C/SSV_C_FA/SSV_HV_1/Global/s7netpro.npa,1568,MOVE_TO_FIELDDATA,PLC/HMI/SCADA backup candidate
02. Project Backup/Factory C/SSV_C_FA/SSV_HV_1/Global/s7netpro.wnd,140,MOVE_TO_FIELDDATA,PLC/HMI/SCADA backup candidate
02. Project Backup/Factory C/SSV_C_FA/SSV_HV_1/hOmSave7/s7h0074x/HATTARY1.DBF,524,MOVE_TO_FIELDDATA,PLC/HMI/SCADA backup candidate
02. Project Backup/Factory C/SSV_C_FA/SSV_HV_1/hOmSave7/s7h0074x/HATTARY1.DBT,3584,MOVE_TO_FIELDDATA,PLC/HMI/SCADA backup candidate
02. Project Backup/Factory C/SSV_C_FA/SSV_HV_1/hOmSave7/s7h0074x/HATTARY1.MDX,4096,MOVE_TO_FIELDDATA,PLC/HMI/SCADA backup candidate
02. Project Backup/Factory C/SSV_C_FA/SSV_HV_1/hOmSave7/s7h0074x/HATTRIB1.DBF,7786,MOVE_TO_FIELDDATA,PLC/HMI/SCADA backup candidate
02. Project Backup/Factory C/SSV_C_FA/SSV_HV_1/hOmSave7/s7h0074x/HATTRIB1.MDX,6144,MOVE_TO_FIELDDATA,PLC/HMI/SCADA backup candidate
02. Project Backup/Factory C/SSV_C_FA/SSV_HV_1/hOmSave7/s7h0074x/HATTRME1.DBF,1482,MOVE_TO_FIELDDATA,PLC/HMI/SCADA backup candidate
02. Project Backup/Factory C/SSV_C_FA/SSV_HV_1/hOmSave7/s7h0074x/HATTRME1.DBT,15872,MOVE_TO_FIELDDATA,PLC/HMI/SCADA backup candidate
02. Project Backup/Factory C/SSV_C_FA/SSV_HV_1/hOmSave7/s7h0074x/HATTRME1.MDX,6144,MOVE_TO_FIELDDATA,PLC/HMI/SCADA backup candidate
02. Project Backup/Factory C/SSV_C_FA/SSV_HV_1/hOmSave7/s7h0074x/HLASTID2.DBF,336,MOVE_TO_FIELDDATA,PLC/HMI/SCADA backup candidate
02. Project Backup/Factory C/SSV_C_FA/SSV_HV_1/hOmSave7/s7h0074x/hLockID1,0,MOVE_TO_FIELDDATA,PLC/HMI/SCADA backup candidate
02. Project Backup/Factory C/SSV_C_FA/SSV_HV_1/hOmSave7/s7h0074x/HOBJECT1.DBF,3640,MOVE_TO_FIELDDATA,PLC/HMI/SCADA backup candidate
02. Project Backup/Factory C/SSV_C_FA/SSV_HV_1/hOmSave7/s7h0074x/HOBJECT1.MDX,4096,MOVE_TO_FIELDDATA,PLC/HMI/SCADA backup candidate
02. Project Backup/Factory C/SSV_C_FA/SSV_HV_1/hOmSave7/s7h0074x/HRELATI1.DBF,1194,MOVE_TO_FIELDDATA,PLC/HMI/SCADA backup candidate
02. Project Backup/Factory C/SSV_C_FA/SSV_HV_1/hOmSave7/s7h0074x/HRELATI1.MDX,6144,MOVE_TO_FIELDDATA,PLC/HMI/SCADA backup candidate
02. Project Backup/Factory C/SSV_C_FA/SSV_HV_1/hOmSave7/s7hdevnx/HATTARY1.DBF,1514,MOVE_TO_FIELDDATA,PLC/HMI/SCADA backup candidate
02. Project Backup/Factory C/SSV_C_FA/SSV_HV_1/hOmSave7/s7hdevnx/HATTARY1.DBT,12800,MOVE_TO_FIELDDATA,PLC/HMI/SCADA backup candidate
02. Project Backup/Factory C/SSV_C_FA/SSV_HV_1/hOmSave7/s7hdevnx/HATTARY1.MDX,4096,MOVE_TO_FIELDDATA,PLC/HMI/SCADA backup candidate
02. Project Backup/Factory C/SSV_C_FA/SSV_HV_1/hOmSave7/s7hdevnx/HATTRIB1.DBF,60706,MOVE_TO_FIELDDATA,PLC/HMI/SCADA backup candidate
02. Project Backup/Factory C/SSV_C_FA/SSV_HV_1/hOmSave7/s7hdevnx/HATTRIB1.MDX,20480,MOVE_TO_FIELDDATA,PLC/HMI/SCADA backup candidate
02. Project Backup/Factory C/SSV_C_FA/SSV_HV_1/hOmSave7/s7hdevnx/HATTRME1.DBF,1218,MOVE_TO_FIELDDATA,PLC/HMI/SCADA backup candidate
02. Project Backup/Factory C/SSV_C_FA/SSV_HV_1/hOmSave7/s7hdevnx/HATTRME1.DBT,12800,MOVE_TO_FIELDDATA,PLC/HMI/SCADA backup candidate
02. Project Backup/Factory C/SSV_C_FA/SSV_HV_1/hOmSave7/s7hdevnx/HATTRME1.MDX,6144,MOVE_TO_FIELDDATA,PLC/HMI/SCADA backup candidate
02. Project Backup/Factory C/SSV_C_FA/SSV_HV_1/hOmSave7/s7hdevnx/HLASTID2.DBF,336,MOVE_TO_FIELDDATA,PLC/HMI/SCADA backup candidate
02. Project Backup/Factory C/SSV_C_FA/SSV_HV_1/hOmSave7/s7hdevnx/hLockID1,0,MOVE_TO_FIELDDATA,PLC/HMI/SCADA backup candidate
02. Project Backup/Factory C/SSV_C_FA/SSV_HV_1/hOmSave7/s7hdevnx/HOBJECT1.DBF,12730,MOVE_TO_FIELDDATA,PLC/HMI/SCADA backup candidate
02. Project Backup/Factory C/SSV_C_FA/SSV_HV_1/hOmSave7/s7hdevnx/HOBJECT1.MDX,4096,MOVE_TO_FIELDDATA,PLC/HMI/SCADA backup candidate
02. Project Backup/Factory C/SSV_C_FA/SSV_HV_1/hOmSave7/s7hdevnx/HRELATI1.DBF,5718,MOVE_TO_FIELDDATA,PLC/HMI/SCADA backup candidate
02. Project Backup/Factory C/SSV_C_FA/SSV_HV_1/hOmSave7/s7hdevnx/HRELATI1.MDX,14336,MOVE_TO_FIELDDATA,PLC/HMI/SCADA backup candidate
02. Project Backup/Factory C/SSV_C_FA/SSV_HV_1/hOmSave7/S7HDPSSX/HATTARY1.DBF,854,MOVE_TO_FIELDDATA,PLC/HMI/SCADA backup candidate
02. Project Backup/Factory C/SSV_C_FA/SSV_HV_1/hOmSave7/S7HDPSSX/HATTARY1.DBT,6656,MOVE_TO_FIELDDATA,PLC/HMI/SCADA backup candidate
02. Project Backup/Factory C/SSV_C_FA/SSV_HV_1/hOmSave7/S7HDPSSX/HATTARY1.MDX,4096,MOVE_TO_FIELDDATA,PLC/HMI/SCADA backup candidate
02. Project Backup/Factory C/SSV_C_FA/SSV_HV_1/hOmSave7/S7HDPSSX/HATTRIB1.DBF,53146,MOVE_TO_FIELDDATA,PLC/HMI/SCADA backup candidate
02. Project Backup/Factory C/SSV_C_FA/SSV_HV_1/hOmSave7/S7HDPSSX/HATTRIB1.MDX,18432,MOVE_TO_FIELDDATA,PLC/HMI/SCADA backup candidate
02. Project Backup/Factory C/SSV_C_FA/SSV_HV_1/hOmSave7/S7HDPSSX/HATTRME1.DBF,162,MOVE_TO_FIELDDATA,PLC/HMI/SCADA backup candidate
02. Project Backup/Factory C/SSV_C_FA/SSV_HV_1/hOmSave7/S7HDPSSX/HATTRME1.DBT,24,MOVE_TO_FIELDDATA,PLC/HMI/SCADA backup candidate
02. Project Backup/Factory C/SSV_C_FA/SSV_HV_1/hOmSave7/S7HDPSSX/HATTRME1.MDX,6144,MOVE_TO_FIELDDATA,PLC/HMI/SCADA backup candidate
02. Project Backup/Factory C/SSV_C_FA/SSV_HV_1/hOmSave7/S7HDPSSX/HLASTID2.DBF,336,MOVE_TO_FIELDDATA,PLC/HMI/SCADA backup candidate
02. Project Backup/Factory C/SSV_C_FA/SSV_HV_1/hOmSave7/S7HDPSSX/hLockID1,0,MOVE_TO_FIELDDATA,PLC/HMI/SCADA backup candidate
02. Project Backup/Factory C/SSV_C_FA/SSV_HV_1/hOmSave7/S7HDPSSX/HOBJECT1.DBF,6670,MOVE_TO_FIELDDATA,PLC/HMI/SCADA backup candidate
02. Project Backup/Factory C/SSV_C_FA/SSV_HV_1/hOmSave7/S7HDPSSX/HOBJECT1.MDX,4096,MOVE_TO_FIELDDATA,PLC/HMI/SCADA backup candidate
02. Project Backup/Factory C/SSV_C_FA/SSV_HV_1/hOmSave7/S7HDPSSX/HRELATI1.DBF,4002,MOVE_TO_FIELDDATA,PLC/HMI/SCADA backup candidate
02. Project Backup/Factory C/SSV_C_FA/SSV_HV_1/hOmSave7/S7HDPSSX/HRELATI1.MDX,11264,MOVE_TO_FIELDDATA,PLC/HMI/SCADA backup candidate
02. Project Backup/Factory C/SSV_C_FA/SSV_HV_1/hOmSave7/S7HK15AX/HATTARY1.DBF,1514,MOVE_TO_FIELDDATA,PLC/HMI/SCADA backup candidate
02. Project Backup/Factory C/SSV_C_FA/SSV_HV_1/hOmSave7/S7HK15AX/HATTARY1.DBT,12800,MOVE_TO_FIELDDATA,PLC/HMI/SCADA backup candidate
02. Project Backup/Factory C/SSV_C_FA/SSV_HV_1/hOmSave7/S7HK15AX/HATTARY1.MDX,4096,MOVE_TO_FIELDDATA,PLC/HMI/SCADA backup candidate
02. Project Backup/Factory C/SSV_C_FA/SSV_HV_1/hOmSave7/S7HK15AX/HATTRIB1.DBF,38026,MOVE_TO_FIELDDATA,PLC/HMI/SCADA backup candidate
02. Project Backup/Factory C/SSV_C_FA/SSV_HV_1/hOmSave7/S7HK15AX/HATTRIB1.MDX,15360,MOVE_TO_FIELDDATA,PLC/HMI/SCADA backup candidate
02. Project Backup/Factory C/SSV_C_FA/SSV_HV_1/hOmSave7/S7HK15AX/HATTRME1.DBF,3330,MOVE_TO_FIELDDATA,PLC/HMI/SCADA backup candidate
02. Project Backup/Factory C/SSV_C_FA/SSV_HV_1/hOmSave7/S7HK15AX/HATTRME1.DBT,37376,MOVE_TO_FIELDDATA,PLC/HMI/SCADA backup candidate
02. Project Backup/Factory C/SSV_C_FA/SSV_HV_1/hOmSave7/S7HK15AX/HATTRME1.MDX,11264,MOVE_TO_FIELDDATA,PLC/HMI/SCADA backup candidate
02. Project Backup/Factory C/SSV_C_FA/SSV_HV_1/hOmSave7/S7HK15AX/HLASTID2.DBF,336,MOVE_TO_FIELDDATA,PLC/HMI/SCADA backup candidate
02. Project Backup/Factory C/SSV_C_FA/SSV_HV_1/hOmSave7/S7HK15AX/hLockID1,0,MOVE_TO_FIELDDATA,PLC/HMI/SCADA backup candidate
02. Project Backup/Factory C/SSV_C_FA/SSV_HV_1/hOmSave7/S7HK15AX/HOBJECT1.DBF,12730,MOVE_TO_FIELDDATA,PLC/HMI/SCADA backup candidate
02. Project Backup/Factory C/SSV_C_FA/SSV_HV_1/hOmSave7/S7HK15AX/HOBJECT1.MDX,4096,MOVE_TO_FIELDDATA,PLC/HMI/SCADA backup candidate
02. Project Backup/Factory C/SSV_C_FA/SSV_HV_1/hOmSave7/S7HK15AX/HRELATI1.DBF,9618,MOVE_TO_FIELDDATA,PLC/HMI/SCADA backup candidate
02. Project Backup/Factory C/SSV_C_FA/SSV_HV_1/hOmSave7/S7HK15AX/HRELATI1.MDX,23552,MOVE_TO_FIELDDATA,PLC/HMI/SCADA backup candidate
02. Project Backup/Factory C/SSV_C_FA/SSV_HV_1/hOmSave7/S7HK31AX/HATTARY1.DBF,854,MOVE_TO_FIELDDATA,PLC/HMI/SCADA backup candidate
02. Project Backup/Factory C/SSV_C_FA/SSV_HV_1/hOmSave7/S7HK31AX/HATTARY1.DBT,18944,MOVE_TO_FIELDDATA,PLC/HMI/SCADA backup candidate
02. Project Backup/Factory C/SSV_C_FA/SSV_HV_1/hOmSave7/S7HK31AX/HATTARY1.MDX,4096,MOVE_TO_FIELDDATA,PLC/HMI/SCADA backup candidate
02. Project Backup/Factory C/SSV_C_FA/SSV_HV_1/hOmSave7/S7HK31AX/HATTRIB1.DBF,45586,MOVE_TO_FIELDDATA,PLC/HMI/SCADA backup candidate
02. Project Backup/Factory C/SSV_C_FA/SSV_HV_1/hOmSave7/S7HK31AX/HATTRIB1.MDX,17408,MOVE_TO_FIELDDATA,PLC/HMI/SCADA backup candidate
02. Project Backup/Factory C/SSV_C_FA/SSV_HV_1/hOmSave7/S7HK31AX/HATTRME1.DBF,3858,MOVE_TO_FIELDDATA,PLC/HMI/SCADA backup candidate
02. Project Backup/Factory C/SSV_C_FA/SSV_HV_1/hOmSave7/S7HK31AX/HATTRME1.DBT,43520,MOVE_TO_FIELDDATA,PLC/HMI/SCADA backup candidate
02. Project Backup/Factory C/SSV_C_FA/SSV_HV_1/hOmSave7/S7HK31AX/HATTRME1.MDX,12288,MOVE_TO_FIELDDATA,PLC/HMI/SCADA backup candidate
02. Project Backup/Factory C/SSV_C_FA/SSV_HV_1/hOmSave7/S7HK31AX/HLASTID2.DBF,336,MOVE_TO_FIELDDATA,PLC/HMI/SCADA backup candidate
02. Project Backup/Factory C/SSV_C_FA/SSV_HV_1/hOmSave7/S7HK31AX/hLockID1,0,MOVE_TO_FIELDDATA,PLC/HMI/SCADA backup candidate
02. Project Backup/Factory C/SSV_C_FA/SSV_HV_1/hOmSave7/S7HK31AX/HOBJECT1.DBF,6670,MOVE_TO_FIELDDATA,PLC/HMI/SCADA backup candidate
02. Project Backup/Factory C/SSV_C_FA/SSV_HV_1/hOmSave7/S7HK31AX/HOBJECT1.MDX,4096,MOVE_TO_FIELDDATA,PLC/HMI/SCADA backup candidate
02. Project Backup/Factory C/SSV_C_FA/SSV_HV_1/hOmSave7/S7HK31AX/HRELATI1.DBF,10554,MOVE_TO_FIELDDATA,PLC/HMI/SCADA backup candidate
02. Project Backup/Factory C/SSV_C_FA/SSV_HV_1/hOmSave7/S7HK31AX/HRELATI1.MDX,24576,MOVE_TO_FIELDDATA,PLC/HMI/SCADA backup candidate
02. Project Backup/Factory C/SSV_C_FA/SSV_HV_1/hOmSave7/s7hk32ax/HATTARY1.DBF,1239,MOVE_TO_FIELDDATA,PLC/HMI/SCADA backup candidate
02. Project Backup/Factory C/SSV_C_FA/SSV_HV_1/hOmSave7/s7hk32ax/HATTARY1.DBT,10240,MOVE_TO_FIELDDATA,PLC/HMI/SCADA backup candidate
02. Project Backup/Factory C/SSV_C_FA/SSV_HV_1/hOmSave7/s7hk32ax/HATTARY1.MDX,4096,MOVE_TO_FIELDDATA,PLC/HMI/SCADA backup candidate
02. Project Backup/Factory C/SSV_C_FA/SSV_HV_1/hOmSave7/s7hk32ax/HATTRIB1.DBF,24166,MOVE_TO_FIELDDATA,PLC/HMI/SCADA backup candidate
02. Project Backup/Factory C/SSV_C_FA/SSV_HV_1/hOmSave7/s7hk32ax/HATTRIB1.MDX,11264,MOVE_TO_FIELDDATA,PLC/HMI/SCADA backup candidate
02. Project Backup/Factory C/SSV_C_FA/SSV_HV_1/hOmSave7/s7hk32ax/HATTRME1.DBF,3506,MOVE_TO_FIELDDATA,PLC/HMI/SCADA backup candidate
02. Project Backup/Factory C/SSV_C_FA/SSV_HV_1/hOmSave7/s7hk32ax/HATTRME1.DBT,39424,MOVE_TO_FIELDDATA,PLC/HMI/SCADA backup candidate
02. Project Backup/Factory C/SSV_C_FA/SSV_HV_1/hOmSave7/s7hk32ax/HATTRME1.MDX,11264,MOVE_TO_FIELDDATA,PLC/HMI/SCADA backup candidate
02. Project Backup/Factory C/SSV_C_FA/SSV_HV_1/hOmSave7/s7hk32ax/HLASTID2.DBF,336,MOVE_TO_FIELDDATA,PLC/HMI/SCADA backup candidate
02. Project Backup/Factory C/SSV_C_FA/SSV_HV_1/hOmSave7/s7hk32ax/hLockID1,0,MOVE_TO_FIELDDATA,PLC/HMI/SCADA backup candidate
02. Project Backup/Factory C/SSV_C_FA/SSV_HV_1/hOmSave7/s7hk32ax/HOBJECT1.DBF,10205,MOVE_TO_FIELDDATA,PLC/HMI/SCADA backup candidate
02. Project Backup/Factory C/SSV_C_FA/SSV_HV_1/hOmSave7/s7hk32ax/HOBJECT1.MDX,4096,MOVE_TO_FIELDDATA,PLC/HMI/SCADA backup candidate
02. Project Backup/Factory C/SSV_C_FA/SSV_HV_1/hOmSave7/s7hk32ax/HRELATI1.DBF,3222,MOVE_TO_FIELDDATA,PLC/HMI/SCADA backup candidate
02. Project Backup/Factory C/SSV_C_FA/SSV_HV_1/hOmSave7/s7hk32ax/HRELATI1.MDX,10240,MOVE_TO_FIELDDATA,PLC/HMI/SCADA backup candidate
02. Project Backup/Factory C/SSV_C_FA/SSV_HV_1/hOmSave7/s7hk32bx/HATTARY1.DBF,854,MOVE_TO_FIELDDATA,PLC/HMI/SCADA backup candidate
02. Project Backup/Factory C/SSV_C_FA/SSV_HV_1/hOmSave7/s7hk32bx/HATTARY1.DBT,6656,MOVE_TO_FIELDDATA,PLC/HMI/SCADA backup candidate
02. Project Backup/Factory C/SSV_C_FA/SSV_HV_1/hOmSave7/s7hk32bx/HATTARY1.MDX,4096,MOVE_TO_FIELDDATA,PLC/HMI/SCADA backup candidate
02. Project Backup/Factory C/SSV_C_FA/SSV_HV_1/hOmSave7/s7hk32bx/HATTRIB1.DBF,15346,MOVE_TO_FIELDDATA,PLC/HMI/SCADA backup candidate
02. Project Backup/Factory C/SSV_C_FA/SSV_HV_1/hOmSave7/s7hk32bx/HATTRIB1.MDX,8192,MOVE_TO_FIELDDATA,PLC/HMI/SCADA backup candidate
02. Project Backup/Factory C/SSV_C_FA/SSV_HV_1/hOmSave7/s7hk32bx/HATTRME1.DBF,2274,MOVE_TO_FIELDDATA,PLC/HMI/SCADA backup candidate
02. Project Backup/Factory C/SSV_C_FA/SSV_HV_1/hOmSave7/s7hk32bx/HATTRME1.DBT,25088,MOVE_TO_FIELDDATA,PLC/HMI/SCADA backup candidate
02. Project Backup/Factory C/SSV_C_FA/SSV_HV_1/hOmSave7/s7hk32bx/HATTRME1.MDX,8192,MOVE_TO_FIELDDATA,PLC/HMI/SCADA backup candidate
02. Project Backup/Factory C/SSV_C_FA/SSV_HV_1/hOmSave7/s7hk32bx/HLASTID2.DBF,336,MOVE_TO_FIELDDATA,PLC/HMI/SCADA backup candidate
02. Project Backup/Factory C/SSV_C_FA/SSV_HV_1/hOmSave7/s7hk32bx/hLockID1,0,MOVE_TO_FIELDDATA,PLC/HMI/SCADA backup candidate
02. Project Backup/Factory C/SSV_C_FA/SSV_HV_1/hOmSave7/s7hk32bx/HOBJECT1.DBF,6670,MOVE_TO_FIELDDATA,PLC/HMI/SCADA backup candidate
02. Project Backup/Factory C/SSV_C_FA/SSV_HV_1/hOmSave7/s7hk32bx/HOBJECT1.MDX,4096,MOVE_TO_FIELDDATA,PLC/HMI/SCADA backup candidate
02. Project Backup/Factory C/SSV_C_FA/SSV_HV_1/hOmSave7/s7hk32bx/HRELATI1.DBF,2130,MOVE_TO_FIELDDATA,PLC/HMI/SCADA backup candidate
02. Project Backup/Factory C/SSV_C_FA/SSV_HV_1/hOmSave7/s7hk32bx/HRELATI1.MDX,8192,MOVE_TO_FIELDDATA,PLC/HMI/SCADA backup candidate
02. Project Backup/Factory C/SSV_C_FA/SSV_HV_1/hOmSave7/s7hk33ax/HATTARY1.DBF,5144,MOVE_TO_FIELDDATA,PLC/HMI/SCADA backup candidate
02. Project Backup/Factory C/SSV_C_FA/SSV_HV_1/hOmSave7/s7hk33ax/HATTARY1.DBT,46592,MOVE_TO_FIELDDATA,PLC/HMI/SCADA backup candidate
02. Project Backup/Factory C/SSV_C_FA/SSV_HV_1/hOmSave7/s7hk33ax/HATTARY1.MDX,6144,MOVE_TO_FIELDDATA,PLC/HMI/SCADA backup candidate
02. Project Backup/Factory C/SSV_C_FA/SSV_HV_1/hOmSave7/s7hk33ax/HATTRIB1.DBF,113626,MOVE_TO_FIELDDATA,PLC/HMI/SCADA backup candidate
02. Project Backup/Factory C/SSV_C_FA/SSV_HV_1/hOmSave7/s7hk33ax/HATTRIB1.MDX,25600,MOVE_TO_FIELDDATA,PLC/HMI/SCADA backup candidate
02. Project Backup/Factory C/SSV_C_FA/SSV_HV_1/hOmSave7/s7hk33ax/HATTRME1.DBF,19170,MOVE_TO_FIELDDATA,PLC/HMI/SCADA backup candidate
02. Project Backup/Factory C/SSV_C_FA/SSV_HV_1/hOmSave7/s7hk33ax/HATTRME1.DBT,221696,MOVE_TO_FIELDDATA,PLC/HMI/SCADA backup candidate
02. Project Backup/Factory C/SSV_C_FA/SSV_HV_1/hOmSave7/s7hk33ax/HATTRME1.MDX,28672,MOVE_TO_FIELDDATA,PLC/HMI/SCADA backup candidate
02. Project Backup/Factory C/SSV_C_FA/SSV_HV_1/hOmSave7/s7hk33ax/HLASTID2.DBF,336,MOVE_TO_FIELDDATA,PLC/HMI/SCADA backup candidate
02. Project Backup/Factory C/SSV_C_FA/SSV_HV_1/hOmSave7/s7hk33ax/hLockID1,0,MOVE_TO_FIELDDATA,PLC/HMI/SCADA backup candidate
02. Project Backup/Factory C/SSV_C_FA/SSV_HV_1/hOmSave7/s7hk33ax/HOBJECT1.DBF,46060,MOVE_TO_FIELDDATA,PLC/HMI/SCADA backup candidate
02. Project Backup/Factory C/SSV_C_FA/SSV_HV_1/hOmSave7/s7hk33ax/HOBJECT1.MDX,6144,MOVE_TO_FIELDDATA,PLC/HMI/SCADA backup candidate
02. Project Backup/Factory C/SSV_C_FA/SSV_HV_1/hOmSave7/s7hk33ax/HRELATI1.DBF,14298,MOVE_TO_FIELDDATA,PLC/HMI/SCADA backup candidate
02. Project Backup/Factory C/SSV_C_FA/SSV_HV_1/hOmSave7/s7hk33ax/HRELATI1.MDX,22528,MOVE_TO_FIELDDATA,PLC/HMI/SCADA backup candidate
02. Project Backup/Factory C/SSV_C_FA/SSV_HV_1/hOmSave7/s7hk33cx/HATTARY1.DBF,5309,MOVE_TO_FIELDDATA,PLC/HMI/SCADA backup candidate
02. Project Backup/Factory C/SSV_C_FA/SSV_HV_1/hOmSave7/s7hk33cx/HATTARY1.DBT,48128,MOVE_TO_FIELDDATA,PLC/HMI/SCADA backup candidate
02. Project Backup/Factory C/SSV_C_FA/SSV_HV_1/hOmSave7/s7hk33cx/HATTARY1.MDX,6144,MOVE_TO_FIELDDATA,PLC/HMI/SCADA backup candidate
02. Project Backup/Factory C/SSV_C_FA/SSV_HV_1/hOmSave7/s7hk33cx/HATTRIB1.DBF,117406,MOVE_TO_FIELDDATA,PLC/HMI/SCADA backup candidate
02. Project Backup/Factory C/SSV_C_FA/SSV_HV_1/hOmSave7/s7hk33cx/HATTRIB1.MDX,34816,MOVE_TO_FIELDDATA,PLC/HMI/SCADA backup candidate
02. Project Backup/Factory C/SSV_C_FA/SSV_HV_1/hOmSave7/s7hk33cx/HATTRME1.DBF,20182,MOVE_TO_FIELDDATA,PLC/HMI/SCADA backup candidate
02. Project Backup/Factory C/SSV_C_FA/SSV_HV_1/hOmSave7/s7hk33cx/HATTRME1.DBT,233472,MOVE_TO_FIELDDATA,PLC/HMI/SCADA backup candidate
02. Project Backup/Factory C/SSV_C_FA/SSV_HV_1/hOmSave7/s7hk33cx/HATTRME1.MDX,39936,MOVE_TO_FIELDDATA,PLC/HMI/SCADA backup candidate
02. Project Backup/Factory C/SSV_C_FA/SSV_HV_1/hOmSave7/s7hk33cx/HLASTID2.DBF,336,MOVE_TO_FIELDDATA,PLC/HMI/SCADA backup candidate
02. Project Backup/Factory C/SSV_C_FA/SSV_HV_1/hOmSave7/s7hk33cx/hLockID1,0,MOVE_TO_FIELDDATA,PLC/HMI/SCADA backup candidate
02. Project Backup/Factory C/SSV_C_FA/SSV_HV_1/hOmSave7/s7hk33cx/HOBJECT1.DBF,47575,MOVE_TO_FIELDDATA,PLC/HMI/SCADA backup candidate
02. Project Backup/Factory C/SSV_C_FA/SSV_HV_1/hOmSave7/s7hk33cx/HOBJECT1.MDX,6144,MOVE_TO_FIELDDATA,PLC/HMI/SCADA backup candidate
02. Project Backup/Factory C/SSV_C_FA/SSV_HV_1/hOmSave7/s7hk33cx/HRELATI1.DBF,14766,MOVE_TO_FIELDDATA,PLC/HMI/SCADA backup candidate
02. Project Backup/Factory C/SSV_C_FA/SSV_HV_1/hOmSave7/s7hk33cx/HRELATI1.MDX,32768,MOVE_TO_FIELDDATA,PLC/HMI/SCADA backup candidate
02. Project Backup/Factory C/SSV_C_FA/SSV_HV_1/hOmSave7/s7hkdmax/HATTARY1.DBF,854,MOVE_TO_FIELDDATA,PLC/HMI/SCADA backup candidate
02. Project Backup/Factory C/SSV_C_FA/SSV_HV_1/hOmSave7/s7hkdmax/HATTARY1.DBT,6656,MOVE_TO_FIELDDATA,PLC/HMI/SCADA backup candidate
02. Project Backup/Factory C/SSV_C_FA/SSV_HV_1/hOmSave7/s7hkdmax/HATTARY1.MDX,4096,MOVE_TO_FIELDDATA,PLC/HMI/SCADA backup candidate
02. Project Backup/Factory C/SSV_C_FA/SSV_HV_1/hOmSave7/s7hkdmax/HATTRIB1.DBF,15346,MOVE_TO_FIELDDATA,PLC/HMI/SCADA backup candidate
02. Project Backup/Factory C/SSV_C_FA/SSV_HV_1/hOmSave7/s7hkdmax/HATTRIB1.MDX,8192,MOVE_TO_FIELDDATA,PLC/HMI/SCADA backup candidate
02. Project Backup/Factory C/SSV_C_FA/SSV_HV_1/hOmSave7/s7hkdmax/HATTRME1.DBF,2274,MOVE_TO_FIELDDATA,PLC/HMI/SCADA backup candidate
02. Project Backup/Factory C/SSV_C_FA/SSV_HV_1/hOmSave7/s7hkdmax/HATTRME1.DBT,25088,MOVE_TO_FIELDDATA,PLC/HMI/SCADA backup candidate
02. Project Backup/Factory C/SSV_C_FA/SSV_HV_1/hOmSave7/s7hkdmax/HATTRME1.MDX,8192,MOVE_TO_FIELDDATA,PLC/HMI/SCADA backup candidate
02. Project Backup/Factory C/SSV_C_FA/SSV_HV_1/hOmSave7/s7hkdmax/HLASTID2.DBF,336,MOVE_TO_FIELDDATA,PLC/HMI/SCADA backup candidate
02. Project Backup/Factory C/SSV_C_FA/SSV_HV_1/hOmSave7/s7hkdmax/hLockID1,0,MOVE_TO_FIELDDATA,PLC/HMI/SCADA backup candidate
02. Project Backup/Factory C/SSV_C_FA/SSV_HV_1/hOmSave7/s7hkdmax/HOBJECT1.DBF,6670,MOVE_TO_FIELDDATA,PLC/HMI/SCADA backup candidate
02. Project Backup/Factory C/SSV_C_FA/SSV_HV_1/hOmSave7/s7hkdmax/HOBJECT1.MDX,4096,MOVE_TO_FIELDDATA,PLC/HMI/SCADA backup candidate
02. Project Backup/Factory C/SSV_C_FA/SSV_HV_1/hOmSave7/s7hkdmax/HRELATI1.DBF,4080,MOVE_TO_FIELDDATA,PLC/HMI/SCADA backup candidate
02. Project Backup/Factory C/SSV_C_FA/SSV_HV_1/hOmSave7/s7hkdmax/HRELATI1.MDX,11264,MOVE_TO_FIELDDATA,PLC/HMI/SCADA backup candidate
02. Project Backup/Factory C/SSV_C_FA/SSV_HV_1/hOmSave7/s7hsl7ax/HATTARY1.DBF,1514,MOVE_TO_FIELDDATA,PLC/HMI/SCADA backup candidate
02. Project Backup/Factory C/SSV_C_FA/SSV_HV_1/hOmSave7/s7hsl7ax/HATTARY1.DBT,12800,MOVE_TO_FIELDDATA,PLC/HMI/SCADA backup candidate
02. Project Backup/Factory C/SSV_C_FA/SSV_HV_1/hOmSave7/s7hsl7ax/HATTARY1.MDX,4096,MOVE_TO_FIELDDATA,PLC/HMI/SCADA backup candidate
02. Project Backup/Factory C/SSV_C_FA/SSV_HV_1/hOmSave7/s7hsl7ax/HATTRIB1.DBF,68266,MOVE_TO_FIELDDATA,PLC/HMI/SCADA backup candidate
02. Project Backup/Factory C/SSV_C_FA/SSV_HV_1/hOmSave7/s7hsl7ax/HATTRIB1.MDX,23552,MOVE_TO_FIELDDATA,PLC/HMI/SCADA backup candidate
02. Project Backup/Factory C/SSV_C_FA/SSV_HV_1/hOmSave7/s7hsl7ax/HATTRME1.DBF,4386,MOVE_TO_FIELDDATA,PLC/HMI/SCADA backup candidate
02. Project Backup/Factory C/SSV_C_FA/SSV_HV_1/hOmSave7/s7hsl7ax/HATTRME1.DBT,61952,MOVE_TO_FIELDDATA,PLC/HMI/SCADA backup candidate
02. Project Backup/Factory C/SSV_C_FA/SSV_HV_1/hOmSave7/s7hsl7ax/HATTRME1.MDX,14336,MOVE_TO_FIELDDATA,PLC/HMI/SCADA backup candidate
02. Project Backup/Factory C/SSV_C_FA/SSV_HV_1/hOmSave7/s7hsl7ax/HLASTID2.DBF,336,MOVE_TO_FIELDDATA,PLC/HMI/SCADA backup candidate
02. Project Backup/Factory C/SSV_C_FA/SSV_HV_1/hOmSave7/s7hsl7ax/hLockID1,0,MOVE_TO_FIELDDATA,PLC/HMI/SCADA backup candidate
02. Project Backup/Factory C/SSV_C_FA/SSV_HV_1/hOmSave7/s7hsl7ax/HOBJECT1.DBF,12730,MOVE_TO_FIELDDATA,PLC/HMI/SCADA backup candidate
02. Project Backup/Factory C/SSV_C_FA/SSV_HV_1/hOmSave7/s7hsl7ax/HOBJECT1.MDX,4096,MOVE_TO_FIELDDATA,PLC/HMI/SCADA backup candidate
02. Project Backup/Factory C/SSV_C_FA/SSV_HV_1/hOmSave7/s7hsl7ax/HRELATI1.DBF,24282,MOVE_TO_FIELDDATA,PLC/HMI/SCADA backup candidate
02. Project Backup/Factory C/SSV_C_FA/SSV_HV_1/hOmSave7/s7hsl7ax/HRELATI1.MDX,47104,MOVE_TO_FIELDDATA,PLC/HMI/SCADA backup candidate
02. Project Backup/Factory C/SSV_C_FA/SSV_HV_1/hOmSave7/s7hss30x/HATTARY1.DBF,2834,MOVE_TO_FIELDDATA,PLC/HMI/SCADA backup candidate
02. Project Backup/Factory C/SSV_C_FA/SSV_HV_1/hOmSave7/s7hss30x/HATTARY1.DBT,25088,MOVE_TO_FIELDDATA,PLC/HMI/SCADA backup candidate
02. Project Backup/Factory C/SSV_C_FA/SSV_HV_1/hOmSave7/s7hss30x/HATTARY1.MDX,4096,MOVE_TO_FIELDDATA,PLC/HMI/SCADA backup candidate
02. Project Backup/Factory C/SSV_C_FA/SSV_HV_1/hOmSave7/s7hss30x/HATTRIB1.DBF,49366,MOVE_TO_FIELDDATA,PLC/HMI/SCADA backup candidate
02. Project Backup/Factory C/SSV_C_FA/SSV_HV_1/hOmSave7/s7hss30x/HATTRIB1.MDX,18432,MOVE_TO_FIELDDATA,PLC/HMI/SCADA backup candidate
02. Project Backup/Factory C/SSV_C_FA/SSV_HV_1/hOmSave7/s7hss30x/HATTRME1.DBF,690,MOVE_TO_FIELDDATA,PLC/HMI/SCADA backup candidate
02. Project Backup/Factory C/SSV_C_FA/SSV_HV_1/hOmSave7/s7hss30x/HATTRME1.DBT,6656,MOVE_TO_FIELDDATA,PLC/HMI/SCADA backup candidate
02. Project Backup/Factory C/SSV_C_FA/SSV_HV_1/hOmSave7/s7hss30x/HATTRME1.MDX,6144,MOVE_TO_FIELDDATA,PLC/HMI/SCADA backup candidate
02. Project Backup/Factory C/SSV_C_FA/SSV_HV_1/hOmSave7/s7hss30x/HLASTID2.DBF,336,MOVE_TO_FIELDDATA,PLC/HMI/SCADA backup candidate
02. Project Backup/Factory C/SSV_C_FA/SSV_HV_1/hOmSave7/s7hss30x/hLockID1,0,MOVE_TO_FIELDDATA,PLC/HMI/SCADA backup candidate
02. Project Backup/Factory C/SSV_C_FA/SSV_HV_1/hOmSave7/s7hss30x/HOBJECT1.DBF,24850,MOVE_TO_FIELDDATA,PLC/HMI/SCADA backup candidate
02. Project Backup/Factory C/SSV_C_FA/SSV_HV_1/hOmSave7/s7hss30x/HOBJECT1.MDX,4096,MOVE_TO_FIELDDATA,PLC/HMI/SCADA backup candidate
02. Project Backup/Factory C/SSV_C_FA/SSV_HV_1/hOmSave7/s7hss30x/HRELATI1.DBF,33486,MOVE_TO_FIELDDATA,PLC/HMI/SCADA backup candidate
02. Project Backup/Factory C/SSV_C_FA/SSV_HV_1/hOmSave7/s7hss30x/HRELATI1.MDX,67584,MOVE_TO_FIELDDATA,PLC/HMI/SCADA backup candidate
02. Project Backup/Factory C/SSV_C_FA/SSV_HV_1/hOmSave7/s7hssiox/HATTARY1.DBF,1514,MOVE_TO_FIELDDATA,PLC/HMI/SCADA backup candidate
02. Project Backup/Factory C/SSV_C_FA/SSV_HV_1/hOmSave7/s7hssiox/HATTARY1.DBT,12800,MOVE_TO_FIELDDATA,PLC/HMI/SCADA backup candidate
02. Project Backup/Factory C/SSV_C_FA/SSV_HV_1/hOmSave7/s7hssiox/HATTARY1.MDX,4096,MOVE_TO_FIELDDATA,PLC/HMI/SCADA backup candidate
02. Project Backup/Factory C/SSV_C_FA/SSV_HV_1/hOmSave7/s7hssiox/HATTRIB1.DBF,57556,MOVE_TO_FIELDDATA,PLC/HMI/SCADA backup candidate
02. Project Backup/Factory C/SSV_C_FA/SSV_HV_1/hOmSave7/s7hssiox/HATTRIB1.MDX,20480,MOVE_TO_FIELDDATA,PLC/HMI/SCADA backup candidate
02. Project Backup/Factory C/SSV_C_FA/SSV_HV_1/hOmSave7/s7hssiox/HATTRME1.DBF,2230,MOVE_TO_FIELDDATA,PLC/HMI/SCADA backup candidate
02. Project Backup/Factory C/SSV_C_FA/SSV_HV_1/hOmSave7/s7hssiox/HATTRME1.DBT,24576,MOVE_TO_FIELDDATA,PLC/HMI/SCADA backup candidate
02. Project Backup/Factory C/SSV_C_FA/SSV_HV_1/hOmSave7/s7hssiox/HATTRME1.MDX,8192,MOVE_TO_FIELDDATA,PLC/HMI/SCADA backup candidate
02. Project Backup/Factory C/SSV_C_FA/SSV_HV_1/hOmSave7/s7hssiox/HLASTID2.DBF,336,MOVE_TO_FIELDDATA,PLC/HMI/SCADA backup candidate
02. Project Backup/Factory C/SSV_C_FA/SSV_HV_1/hOmSave7/s7hssiox/hLockID1,0,MOVE_TO_FIELDDATA,PLC/HMI/SCADA backup candidate
02. Project Backup/Factory C/SSV_C_FA/SSV_HV_1/hOmSave7/s7hssiox/HOBJECT1.DBF,12730,MOVE_TO_FIELDDATA,PLC/HMI/SCADA backup candidate
02. Project Backup/Factory C/SSV_C_FA/SSV_HV_1/hOmSave7/s7hssiox/HOBJECT1.MDX,4096,MOVE_TO_FIELDDATA,PLC/HMI/SCADA backup candidate
02. Project Backup/Factory C/SSV_C_FA/SSV_HV_1/hOmSave7/s7hssiox/HRELATI1.DBF,8682,MOVE_TO_FIELDDATA,PLC/HMI/SCADA backup candidate
02. Project Backup/Factory C/SSV_C_FA/SSV_HV_1/hOmSave7/s7hssiox/HRELATI1.MDX,21504,MOVE_TO_FIELDDATA,PLC/HMI/SCADA backup candidate
02. Project Backup/Factory C/SSV_C_FA/SSV_HV_1/hOmSave7/s7hstatx/13.s7h,9933,MOVE_TO_FIELDDATA,PLC/HMI/SCADA backup candidate
02. Project Backup/Factory C/SSV_C_FA/SSV_HV_1/hOmSave7/s7hstatx/16.s7h,10018,MOVE_TO_FIELDDATA,PLC/HMI/SCADA backup candidate
02. Project Backup/Factory C/SSV_C_FA/SSV_HV_1/hOmSave7/s7hstatx/19.s7h,4193,MOVE_TO_FIELDDATA,PLC/HMI/SCADA backup candidate
02. Project Backup/Factory C/SSV_C_FA/SSV_HV_1/hOmSave7/s7hstatx/1d.s7h,9933,MOVE_TO_FIELDDATA,PLC/HMI/SCADA backup candidate
02. Project Backup/Factory C/SSV_C_FA/SSV_HV_1/hOmSave7/s7hstatx/20.s7h,12750,MOVE_TO_FIELDDATA,PLC/HMI/SCADA backup candidate
02. Project Backup/Factory C/SSV_C_FA/SSV_HV_1/hOmSave7/s7hstatx/d.s7h,9914,MOVE_TO_FIELDDATA,PLC/HMI/SCADA backup candidate
02. Project Backup/Factory C/SSV_C_FA/SSV_HV_1/hOmSave7/s7hstatx/HADDRES3.DBF,2322,MOVE_TO_FIELDDATA,PLC/HMI/SCADA backup candidate
02. Project Backup/Factory C/SSV_C_FA/SSV_HV_1/hOmSave7/s7hstatx/HADDRES3.DBT,18432,MOVE_TO_FIELDDATA,PLC/HMI/SCADA backup candidate
02. Project Backup/Factory C/SSV_C_FA/SSV_HV_1/hOmSave7/s7hstatx/HADDRES3.MDX,4096,MOVE_TO_FIELDDATA,PLC/HMI/SCADA backup candidate
02. Project Backup/Factory C/SSV_C_FA/SSV_HV_1/hOmSave7/s7hstatx/HATTARY1.DBF,2174,MOVE_TO_FIELDDATA,PLC/HMI/SCADA backup candidate
02. Project Backup/Factory C/SSV_C_FA/SSV_HV_1/hOmSave7/s7hstatx/HATTARY1.DBT,18944,MOVE_TO_FIELDDATA,PLC/HMI/SCADA backup candidate
02. Project Backup/Factory C/SSV_C_FA/SSV_HV_1/hOmSave7/s7hstatx/HATTARY1.MDX,4096,MOVE_TO_FIELDDATA,PLC/HMI/SCADA backup candidate
02. Project Backup/Factory C/SSV_C_FA/SSV_HV_1/hOmSave7/s7hstatx/HATTRIB1.DBF,38026,MOVE_TO_FIELDDATA,PLC/HMI/SCADA backup candidate
02. Project Backup/Factory C/SSV_C_FA/SSV_HV_1/hOmSave7/s7hstatx/HATTRIB1.MDX,15360,MOVE_TO_FIELDDATA,PLC/HMI/SCADA backup candidate
02. Project Backup/Factory C/SSV_C_FA/SSV_HV_1/hOmSave7/s7hstatx/HATTRME1.DBF,3858,MOVE_TO_FIELDDATA,PLC/HMI/SCADA backup candidate
02. Project Backup/Factory C/SSV_C_FA/SSV_HV_1/hOmSave7/s7hstatx/HATTRME1.DBT,43520,MOVE_TO_FIELDDATA,PLC/HMI/SCADA backup candidate
02. Project Backup/Factory C/SSV_C_FA/SSV_HV_1/hOmSave7/s7hstatx/HATTRME1.MDX,12288,MOVE_TO_FIELDDATA,PLC/HMI/SCADA backup candidate
02. Project Backup/Factory C/SSV_C_FA/SSV_HV_1/hOmSave7/s7hstatx/HLASTID2.DBF,336,MOVE_TO_FIELDDATA,PLC/HMI/SCADA backup candidate
02. Project Backup/Factory C/SSV_C_FA/SSV_HV_1/hOmSave7/s7hstatx/hLockID1,0,MOVE_TO_FIELDDATA,PLC/HMI/SCADA backup candidate
02. Project Backup/Factory C/SSV_C_FA/SSV_HV_1/hOmSave7/s7hstatx/HOBJECT1.DBF,18790,MOVE_TO_FIELDDATA,PLC/HMI/SCADA backup candidate
02. Project Backup/Factory C/SSV_C_FA/SSV_HV_1/hOmSave7/s7hstatx/HOBJECT1.MDX,4096,MOVE_TO_FIELDDATA,PLC/HMI/SCADA backup candidate
02. Project Backup/Factory C/SSV_C_FA/SSV_HV_1/hOmSave7/s7hstatx/HRELATI1.DBF,16248,MOVE_TO_FIELDDATA,PLC/HMI/SCADA backup candidate
02. Project Backup/Factory C/SSV_C_FA/SSV_HV_1/hOmSave7/s7hstatx/HRELATI1.MDX,36864,MOVE_TO_FIELDDATA,PLC/HMI/SCADA backup candidate
02. Project Backup/Factory C/SSV_C_FA/SSV_HV_1/hrs/GNRESOFF.DBF,14930,MOVE_TO_FIELDDATA,PLC/HMI/SCADA backup candidate
02. Project Backup/Factory C/SSV_C_FA/SSV_HV_1/hrs/GNRESOFF.MDX,4096,MOVE_TO_FIELDDATA,PLC/HMI/SCADA backup candidate
02. Project Backup/Factory C/SSV_C_FA/SSV_HV_1/hrs/lastrgf.res,4,MOVE_TO_FIELDDATA,PLC/HMI/SCADA backup candidate
02. Project Backup/Factory C/SSV_C_FA/SSV_HV_1/hrs/lastrsf.res,4,MOVE_TO_FIELDDATA,PLC/HMI/SCADA backup candidate
02. Project Backup/Factory C/SSV_C_FA/SSV_HV_1/hrs/lastrsn.res,4,MOVE_TO_FIELDDATA,PLC/HMI/SCADA backup candidate
02. Project Backup/Factory C/SSV_C_FA/SSV_HV_1/hrs/linkhrs.lnk,36352,MOVE_TO_FIELDDATA,PLC/HMI/SCADA backup candidate
02. Project Backup/Factory C/SSV_C_FA/SSV_HV_1/hrs/rgflock.res,0,MOVE_TO_FIELDDATA,PLC/HMI/SCADA backup candidate
02. Project Backup/Factory C/SSV_C_FA/SSV_HV_1/hrs/rsflock.res,0,MOVE_TO_FIELDDATA,PLC/HMI/SCADA backup candidate
02. Project Backup/Factory C/SSV_C_FA/SSV_HV_1/hrs/rsnlock.res,0,MOVE_TO_FIELDDATA,PLC/HMI/SCADA backup candidate
02. Project Backup/Factory C/SSV_C_FA/SSV_HV_1/hrs/S7RESOFF.DBF,7802,MOVE_TO_FIELDDATA,PLC/HMI/SCADA backup candidate
02. Project Backup/Factory C/SSV_C_FA/SSV_HV_1/hrs/S7RESOFF.MDX,4096,MOVE_TO_FIELDDATA,PLC/HMI/SCADA backup candidate
02. Project Backup/Factory C/SSV_C_FA/SSV_HV_1/hrs/S7RESONL.DBF,21726,MOVE_TO_FIELDDATA,PLC/HMI/SCADA backup candidate
02. Project Backup/Factory C/SSV_C_FA/SSV_HV_1/hrs/S7RESONL.MDX,4096,MOVE_TO_FIELDDATA,PLC/HMI/SCADA backup candidate
02. Project Backup/Factory C/SSV_C_FA/SSV_HV_1/link.lnk,1536,MOVE_TO_FIELDDATA,PLC/HMI/SCADA backup candidate
02. Project Backup/Factory C/SSV_C_FA/SSV_HV_1/meldeom/meldvers.dat,4,MOVE_TO_FIELDDATA,PLC/HMI/SCADA backup candidate
02. Project Backup/Factory C/SSV_C_FA/SSV_HV_1/meldeom/TEXTLNK.DBF,336,MOVE_TO_FIELDDATA,PLC/HMI/SCADA backup candidate
02. Project Backup/Factory C/SSV_C_FA/SSV_HV_1/meldeom/TEXTLNK.MDX,12288,MOVE_TO_FIELDDATA,PLC/HMI/SCADA backup candidate
02. Project Backup/Factory C/SSV_C_FA/SSV_HV_1/meldeom/TEXTOM.DBF,872,MOVE_TO_FIELDDATA,PLC/HMI/SCADA backup candidate
02. Project Backup/Factory C/SSV_C_FA/SSV_HV_1/meldeom/TEXTOM.DBT,1024,MOVE_TO_FIELDDATA,PLC/HMI/SCADA backup candidate
02. Project Backup/Factory C/SSV_C_FA/SSV_HV_1/meldeom/textom.hid,4,MOVE_TO_FIELDDATA,PLC/HMI/SCADA backup candidate
02. Project Backup/Factory C/SSV_C_FA/SSV_HV_1/meldeom/textom.lck,0,MOVE_TO_FIELDDATA,PLC/HMI/SCADA backup candidate
02. Project Backup/Factory C/SSV_C_FA/SSV_HV_1/meldeom/TEXTOM.MDX,8192,MOVE_TO_FIELDDATA,PLC/HMI/SCADA backup candidate
02. Project Backup/Factory C/SSV_C_FA/SSV_HV_1/ombstx/offline/00000001/BAUSTEIN.DBF,13278,MOVE_TO_FIELDDATA,PLC/HMI/SCADA backup candidate
02. Project Backup/Factory C/SSV_C_FA/SSV_HV_1/ombstx/offline/00000001/BAUSTEIN.DBT,72192,MOVE_TO_FIELDDATA,PLC/HMI/SCADA backup candidate
02. Project Backup/Factory C/SSV_C_FA/SSV_HV_1/ombstx/offline/00000001/baustein.id,4,MOVE_TO_FIELDDATA,PLC/HMI/SCADA backup candidate
02. Project Backup/Factory C/SSV_C_FA/SSV_HV_1/ombstx/offline/00000001/baustein.lck,0,MOVE_TO_FIELDDATA,PLC/HMI/SCADA backup candidate
02. Project Backup/Factory C/SSV_C_FA/SSV_HV_1/ombstx/offline/00000001/BAUSTEIN.MDX,13312,MOVE_TO_FIELDDATA,PLC/HMI/SCADA backup candidate
02. Project Backup/Factory C/SSV_C_FA/SSV_HV_1/ombstx/offline/00000001/links.lnk,1024,MOVE_TO_FIELDDATA,PLC/HMI/SCADA backup candidate
02. Project Backup/Factory C/SSV_C_FA/SSV_HV_1/ombstx/offline/00000001/SUBBLK.DBF,27714,MOVE_TO_FIELDDATA,PLC/HMI/SCADA backup candidate
02. Project Backup/Factory C/SSV_C_FA/SSV_HV_1/ombstx/offline/00000001/SUBBLK.DBT,334848,MOVE_TO_FIELDDATA,PLC/HMI/SCADA backup candidate
02. Project Backup/Factory C/SSV_C_FA/SSV_HV_1/ombstx/offline/00000001/usfapx.ini,0,MOVE_TO_FIELDDATA,PLC/HMI/SCADA backup candidate
02. Project Backup/Factory C/SSV_C_FA/SSV_HV_1/ombstx/offline/00000002/BAUSTEIN.DBF,15603,MOVE_TO_FIELDDATA,PLC/HMI/SCADA backup candidate
02. Project Backup/Factory C/SSV_C_FA/SSV_HV_1/ombstx/offline/00000002/BAUSTEIN.DBT,84992,MOVE_TO_FIELDDATA,PLC/HMI/SCADA backup candidate
02. Project Backup/Factory C/SSV_C_FA/SSV_HV_1/ombstx/offline/00000002/baustein.id,4,MOVE_TO_FIELDDATA,PLC/HMI/SCADA backup candidate
02. Project Backup/Factory C/SSV_C_FA/SSV_HV_1/ombstx/offline/00000002/baustein.lck,0,MOVE_TO_FIELDDATA,PLC/HMI/SCADA backup candidate
02. Project Backup/Factory C/SSV_C_FA/SSV_HV_1/ombstx/offline/00000002/BAUSTEIN.MDX,15360,MOVE_TO_FIELDDATA,PLC/HMI/SCADA backup candidate
02. Project Backup/Factory C/SSV_C_FA/SSV_HV_1/ombstx/offline/00000002/links.lnk,1024,MOVE_TO_FIELDDATA,PLC/HMI/SCADA backup candidate
02. Project Backup/Factory C/SSV_C_FA/SSV_HV_1/ombstx/offline/00000002/SUBBLK.DBF,33666,MOVE_TO_FIELDDATA,PLC/HMI/SCADA backup candidate
02. Project Backup/Factory C/SSV_C_FA/SSV_HV_1/ombstx/offline/00000002/SUBBLK.DBT,434688,MOVE_TO_FIELDDATA,PLC/HMI/SCADA backup candidate
02. Project Backup/Factory C/SSV_C_FA/SSV_HV_1/ombstx/offline/00000002/usfapx.ini,0,MOVE_TO_FIELDDATA,PLC/HMI/SCADA backup candidate
02. Project Backup/Factory C/SSV_C_FA/SSV_HV_1/ombstx/offline/00000003/BAUSTEIN.DBF,10674,MOVE_TO_FIELDDATA,PLC/HMI/SCADA backup candidate
02. Project Backup/Factory C/SSV_C_FA/SSV_HV_1/ombstx/offline/00000003/BAUSTEIN.DBT,57856,MOVE_TO_FIELDDATA,PLC/HMI/SCADA backup candidate
02. Project Backup/Factory C/SSV_C_FA/SSV_HV_1/ombstx/offline/00000003/baustein.id,4,MOVE_TO_FIELDDATA,PLC/HMI/SCADA backup candidate
02. Project Backup/Factory C/SSV_C_FA/SSV_HV_1/ombstx/offline/00000003/baustein.lck,0,MOVE_TO_FIELDDATA,PLC/HMI/SCADA backup candidate
02. Project Backup/Factory C/SSV_C_FA/SSV_HV_1/ombstx/offline/00000003/BAUSTEIN.MDX,12288,MOVE_TO_FIELDDATA,PLC/HMI/SCADA backup candidate
02. Project Backup/Factory C/SSV_C_FA/SSV_HV_1/ombstx/offline/00000003/links.lnk,1024,MOVE_TO_FIELDDATA,PLC/HMI/SCADA backup candidate
02. Project Backup/Factory C/SSV_C_FA/SSV_HV_1/ombstx/offline/00000003/SUBBLK.DBF,22338,MOVE_TO_FIELDDATA,PLC/HMI/SCADA backup candidate
02. Project Backup/Factory C/SSV_C_FA/SSV_HV_1/ombstx/offline/00000003/SUBBLK.DBT,303104,MOVE_TO_FIELDDATA,PLC/HMI/SCADA backup candidate
02. Project Backup/Factory C/SSV_C_FA/SSV_HV_1/ombstx/offline/00000003/usfapx.ini,0,MOVE_TO_FIELDDATA,PLC/HMI/SCADA backup candidate
02. Project Backup/Factory C/SSV_C_FA/SSV_HV_1/ombstx/offline/00000004/BAUSTEIN.DBF,10209,MOVE_TO_FIELDDATA,PLC/HMI/SCADA backup candidate
02. Project Backup/Factory C/SSV_C_FA/SSV_HV_1/ombstx/offline/00000004/BAUSTEIN.DBT,55296,MOVE_TO_FIELDDATA,PLC/HMI/SCADA backup candidate
02. Project Backup/Factory C/SSV_C_FA/SSV_HV_1/ombstx/offline/00000004/baustein.id,4,MOVE_TO_FIELDDATA,PLC/HMI/SCADA backup candidate
02. Project Backup/Factory C/SSV_C_FA/SSV_HV_1/ombstx/offline/00000004/baustein.lck,0,MOVE_TO_FIELDDATA,PLC/HMI/SCADA backup candidate
02. Project Backup/Factory C/SSV_C_FA/SSV_HV_1/ombstx/offline/00000004/BAUSTEIN.MDX,11264,MOVE_TO_FIELDDATA,PLC/HMI/SCADA backup candidate
02. Project Backup/Factory C/SSV_C_FA/SSV_HV_1/ombstx/offline/00000004/links.lnk,1024,MOVE_TO_FIELDDATA,PLC/HMI/SCADA backup candidate
02. Project Backup/Factory C/SSV_C_FA/SSV_HV_1/ombstx/offline/00000004/SUBBLK.DBF,21378,MOVE_TO_FIELDDATA,PLC/HMI/SCADA backup candidate
02. Project Backup/Factory C/SSV_C_FA/SSV_HV_1/ombstx/offline/00000004/SUBBLK.DBT,286208,MOVE_TO_FIELDDATA,PLC/HMI/SCADA backup candidate
02. Project Backup/Factory C/SSV_C_FA/SSV_HV_1/ombstx/offline/00000004/usfapx.ini,0,MOVE_TO_FIELDDATA,PLC/HMI/SCADA backup candidate
02. Project Backup/Factory C/SSV_C_FA/SSV_HV_1/ombstx/offline/00000005/BAUSTEIN.DBF,9000,MOVE_TO_FIELDDATA,PLC/HMI/SCADA backup candidate
02. Project Backup/Factory C/SSV_C_FA/SSV_HV_1/ombstx/offline/00000005/BAUSTEIN.DBT,48640,MOVE_TO_FIELDDATA,PLC/HMI/SCADA backup candidate
02. Project Backup/Factory C/SSV_C_FA/SSV_HV_1/ombstx/offline/00000005/baustein.id,4,MOVE_TO_FIELDDATA,PLC/HMI/SCADA backup candidate
02. Project Backup/Factory C/SSV_C_FA/SSV_HV_1/ombstx/offline/00000005/baustein.lck,0,MOVE_TO_FIELDDATA,PLC/HMI/SCADA backup candidate
02. Project Backup/Factory C/SSV_C_FA/SSV_HV_1/ombstx/offline/00000005/BAUSTEIN.MDX,10240,MOVE_TO_FIELDDATA,PLC/HMI/SCADA backup candidate
02. Project Backup/Factory C/SSV_C_FA/SSV_HV_1/ombstx/offline/00000005/links.lnk,1024,MOVE_TO_FIELDDATA,PLC/HMI/SCADA backup candidate
02. Project Backup/Factory C/SSV_C_FA/SSV_HV_1/ombstx/offline/00000005/SUBBLK.DBF,18882,MOVE_TO_FIELDDATA,PLC/HMI/SCADA backup candidate
02. Project Backup/Factory C/SSV_C_FA/SSV_HV_1/ombstx/offline/00000005/SUBBLK.DBT,295936,MOVE_TO_FIELDDATA,PLC/HMI/SCADA backup candidate
02. Project Backup/Factory C/SSV_C_FA/SSV_HV_1/ombstx/offline/00000005/usfapx.ini,0,MOVE_TO_FIELDDATA,PLC/HMI/SCADA backup candidate
02. Project Backup/Factory C/SSV_C_FA/SSV_HV_1/ombstx/offline/00000006/BAUSTEIN.DBF,14766,MOVE_TO_FIELDDATA,PLC/HMI/SCADA backup candidate
02. Project Backup/Factory C/SSV_C_FA/SSV_HV_1/ombstx/offline/00000006/BAUSTEIN.DBT,80896,MOVE_TO_FIELDDATA,PLC/HMI/SCADA backup candidate
02. Project Backup/Factory C/SSV_C_FA/SSV_HV_1/ombstx/offline/00000006/baustein.id,4,MOVE_TO_FIELDDATA,PLC/HMI/SCADA backup candidate
02. Project Backup/Factory C/SSV_C_FA/SSV_HV_1/ombstx/offline/00000006/baustein.lck,0,MOVE_TO_FIELDDATA,PLC/HMI/SCADA backup candidate
02. Project Backup/Factory C/SSV_C_FA/SSV_HV_1/ombstx/offline/00000006/BAUSTEIN.MDX,14336,MOVE_TO_FIELDDATA,PLC/HMI/SCADA backup candidate
02. Project Backup/Factory C/SSV_C_FA/SSV_HV_1/ombstx/offline/00000006/links.lnk,1024,MOVE_TO_FIELDDATA,PLC/HMI/SCADA backup candidate
02. Project Backup/Factory C/SSV_C_FA/SSV_HV_1/ombstx/offline/00000006/SUBBLK.DBF,31362,MOVE_TO_FIELDDATA,PLC/HMI/SCADA backup candidate
02. Project Backup/Factory C/SSV_C_FA/SSV_HV_1/ombstx/offline/00000006/SUBBLK.DBT,420352,MOVE_TO_FIELDDATA,PLC/HMI/SCADA backup candidate
02. Project Backup/Factory C/SSV_C_FA/SSV_HV_1/ombstx/offline/00000006/usfapx.ini,0,MOVE_TO_FIELDDATA,PLC/HMI/SCADA backup candidate
02. Project Backup/Factory C/SSV_C_FA/SSV_HV_1/ombstx/offline/00000007/BAUSTEIN.DBF,10581,MOVE_TO_FIELDDATA,PLC/HMI/SCADA backup candidate
02. Project Backup/Factory C/SSV_C_FA/SSV_HV_1/ombstx/offline/00000007/BAUSTEIN.DBT,62464,MOVE_TO_FIELDDATA,PLC/HMI/SCADA backup candidate
02. Project Backup/Factory C/SSV_C_FA/SSV_HV_1/ombstx/offline/00000007/baustein.id,4,MOVE_TO_FIELDDATA,PLC/HMI/SCADA backup candidate
02. Project Backup/Factory C/SSV_C_FA/SSV_HV_1/ombstx/offline/00000007/baustein.lck,0,MOVE_TO_FIELDDATA,PLC/HMI/SCADA backup candidate
02. Project Backup/Factory C/SSV_C_FA/SSV_HV_1/ombstx/offline/00000007/BAUSTEIN.MDX,11264,MOVE_TO_FIELDDATA,PLC/HMI/SCADA backup candidate
02. Project Backup/Factory C/SSV_C_FA/SSV_HV_1/ombstx/offline/00000007/links.lnk,1024,MOVE_TO_FIELDDATA,PLC/HMI/SCADA backup candidate
02. Project Backup/Factory C/SSV_C_FA/SSV_HV_1/ombstx/offline/00000007/SUBBLK.DBF,32898,MOVE_TO_FIELDDATA,PLC/HMI/SCADA backup candidate
02. Project Backup/Factory C/SSV_C_FA/SSV_HV_1/ombstx/offline/00000007/SUBBLK.DBT,463360,MOVE_TO_FIELDDATA,PLC/HMI/SCADA backup candidate
02. Project Backup/Factory C/SSV_C_FA/SSV_HV_1/ombstx/offline/00000007/usfapx.ini,0,MOVE_TO_FIELDDATA,PLC/HMI/SCADA backup candidate
02. Project Backup/Factory C/SSV_C_FA/SSV_HV_1/ombstx/offline/00000008/BAUSTEIN.DBF,9837,MOVE_TO_FIELDDATA,PLC/HMI/SCADA backup candidate
02. Project Backup/Factory C/SSV_C_FA/SSV_HV_1/ombstx/offline/00000008/BAUSTEIN.DBT,53248,MOVE_TO_FIELDDATA,PLC/HMI/SCADA backup candidate
02. Project Backup/Factory C/SSV_C_FA/SSV_HV_1/ombstx/offline/00000008/baustein.id,4,MOVE_TO_FIELDDATA,PLC/HMI/SCADA backup candidate
02. Project Backup/Factory C/SSV_C_FA/SSV_HV_1/ombstx/offline/00000008/baustein.lck,0,MOVE_TO_FIELDDATA,PLC/HMI/SCADA backup candidate
02. Project Backup/Factory C/SSV_C_FA/SSV_HV_1/ombstx/offline/00000008/BAUSTEIN.MDX,11264,MOVE_TO_FIELDDATA,PLC/HMI/SCADA backup candidate
02. Project Backup/Factory C/SSV_C_FA/SSV_HV_1/ombstx/offline/00000008/links.lnk,1024,MOVE_TO_FIELDDATA,PLC/HMI/SCADA backup candidate
02. Project Backup/Factory C/SSV_C_FA/SSV_HV_1/ombstx/offline/00000008/SUBBLK.DBF,20610,MOVE_TO_FIELDDATA,PLC/HMI/SCADA backup candidate
02. Project Backup/Factory C/SSV_C_FA/SSV_HV_1/ombstx/offline/00000008/SUBBLK.DBT,304640,MOVE_TO_FIELDDATA,PLC/HMI/SCADA backup candidate
02. Project Backup/Factory C/SSV_C_FA/SSV_HV_1/ombstx/offline/00000008/usfapx.ini,0,MOVE_TO_FIELDDATA,PLC/HMI/SCADA backup candidate
02. Project Backup/Factory C/SSV_C_FA/SSV_HV_1/ombstx/offline/0000000b/BAUSTEIN.DBF,14952,MOVE_TO_FIELDDATA,PLC/HMI/SCADA backup candidate
02. Project Backup/Factory C/SSV_C_FA/SSV_HV_1/ombstx/offline/0000000b/BAUSTEIN.DBT,84992,MOVE_TO_FIELDDATA,PLC/HMI/SCADA backup candidate
02. Project Backup/Factory C/SSV_C_FA/SSV_HV_1/ombstx/offline/0000000b/baustein.id,4,MOVE_TO_FIELDDATA,PLC/HMI/SCADA backup candidate
02. Project Backup/Factory C/SSV_C_FA/SSV_HV_1/ombstx/offline/0000000b/baustein.lck,0,MOVE_TO_FIELDDATA,PLC/HMI/SCADA backup candidate
02. Project Backup/Factory C/SSV_C_FA/SSV_HV_1/ombstx/offline/0000000b/BAUSTEIN.MDX,14336,MOVE_TO_FIELDDATA,PLC/HMI/SCADA backup candidate
02. Project Backup/Factory C/SSV_C_FA/SSV_HV_1/ombstx/offline/0000000b/links.lnk,1024,MOVE_TO_FIELDDATA,PLC/HMI/SCADA backup candidate
02. Project Backup/Factory C/SSV_C_FA/SSV_HV_1/ombstx/offline/0000000b/SUBBLK.DBF,36354,MOVE_TO_FIELDDATA,PLC/HMI/SCADA backup candidate
02. Project Backup/Factory C/SSV_C_FA/SSV_HV_1/ombstx/offline/0000000b/SUBBLK.DBT,536064,MOVE_TO_FIELDDATA,PLC/HMI/SCADA backup candidate
02. Project Backup/Factory C/SSV_C_FA/SSV_HV_1/ombstx/offline/0000000b/usfapx.ini,0,MOVE_TO_FIELDDATA,PLC/HMI/SCADA backup candidate
02. Project Backup/Factory C/SSV_C_FA/SSV_HV_1/ombstx/offline/0000000c/BAUSTEIN.DBF,1932,MOVE_TO_FIELDDATA,PLC/HMI/SCADA backup candidate
02. Project Backup/Factory C/SSV_C_FA/SSV_HV_1/ombstx/offline/0000000c/BAUSTEIN.DBT,15872,MOVE_TO_FIELDDATA,PLC/HMI/SCADA backup candidate
02. Project Backup/Factory C/SSV_C_FA/SSV_HV_1/ombstx/offline/0000000c/baustein.id,4,MOVE_TO_FIELDDATA,PLC/HMI/SCADA backup candidate
02. Project Backup/Factory C/SSV_C_FA/SSV_HV_1/ombstx/offline/0000000c/baustein.lck,0,MOVE_TO_FIELDDATA,PLC/HMI/SCADA backup candidate
02. Project Backup/Factory C/SSV_C_FA/SSV_HV_1/ombstx/offline/0000000c/BAUSTEIN.MDX,6144,MOVE_TO_FIELDDATA,PLC/HMI/SCADA backup candidate
02. Project Backup/Factory C/SSV_C_FA/SSV_HV_1/ombstx/offline/0000000c/links.lnk,1024,MOVE_TO_FIELDDATA,PLC/HMI/SCADA backup candidate
02. Project Backup/Factory C/SSV_C_FA/SSV_HV_1/ombstx/offline/0000000c/SUBBLK.DBF,12546,MOVE_TO_FIELDDATA,PLC/HMI/SCADA backup candidate
02. Project Backup/Factory C/SSV_C_FA/SSV_HV_1/ombstx/offline/0000000c/SUBBLK.DBT,226304,MOVE_TO_FIELDDATA,PLC/HMI/SCADA backup candidate
02. Project Backup/Factory C/SSV_C_FA/SSV_HV_1/ombstx/offline/0000000c/usfapx.ini,0,MOVE_TO_FIELDDATA,PLC/HMI/SCADA backup candidate
02. Project Backup/Factory C/SSV_C_FA/SSV_HV_1/ombstx/offline/0000000d/BAUSTEIN.DBF,10302,MOVE_TO_FIELDDATA,PLC/HMI/SCADA backup candidate
02. Project Backup/Factory C/SSV_C_FA/SSV_HV_1/ombstx/offline/0000000d/BAUSTEIN.DBT,104960,MOVE_TO_FIELDDATA,PLC/HMI/SCADA backup candidate
02. Project Backup/Factory C/SSV_C_FA/SSV_HV_1/ombstx/offline/0000000d/baustein.id,4,MOVE_TO_FIELDDATA,PLC/HMI/SCADA backup candidate
02. Project Backup/Factory C/SSV_C_FA/SSV_HV_1/ombstx/offline/0000000d/baustein.lck,0,MOVE_TO_FIELDDATA,PLC/HMI/SCADA backup candidate
02. Project Backup/Factory C/SSV_C_FA/SSV_HV_1/ombstx/offline/0000000d/BAUSTEIN.MDX,12288,MOVE_TO_FIELDDATA,PLC/HMI/SCADA backup candidate
02. Project Backup/Factory C/SSV_C_FA/SSV_HV_1/ombstx/offline/0000000d/links.lnk,1024,MOVE_TO_FIELDDATA,PLC/HMI/SCADA backup candidate
02. Project Backup/Factory C/SSV_C_FA/SSV_HV_1/ombstx/offline/0000000d/SUBBLK.DBF,82434,MOVE_TO_FIELDDATA,PLC/HMI/SCADA backup candidate
02. Project Backup/Factory C/SSV_C_FA/SSV_HV_1/ombstx/offline/0000000d/SUBBLK.DBT,740352,MOVE_TO_FIELDDATA,PLC/HMI/SCADA backup candidate
02. Project Backup/Factory C/SSV_C_FA/SSV_HV_1/ombstx/offline/0000000d/usfapx.ini,0,MOVE_TO_FIELDDATA,PLC/HMI/SCADA backup candidate
02. Project Backup/Factory C/SSV_C_FA/SSV_HV_1/ombstx/offline/BSTCNTOF.DBF,6626,MOVE_TO_FIELDDATA,PLC/HMI/SCADA backup candidate
02. Project Backup/Factory C/SSV_C_FA/SSV_HV_1/ombstx/offline/bstcntof.id,4,MOVE_TO_FIELDDATA,PLC/HMI/SCADA backup candidate
02. Project Backup/Factory C/SSV_C_FA/SSV_HV_1/ombstx/offline/bstcntof.lck,0,MOVE_TO_FIELDDATA,PLC/HMI/SCADA backup candidate
02. Project Backup/Factory C/SSV_C_FA/SSV_HV_1/ombstx/offline/BSTCNTOF.MDX,4096,MOVE_TO_FIELDDATA,PLC/HMI/SCADA backup candidate
02. Project Backup/Factory C/SSV_C_FA/SSV_HV_1/ombstx/online/BSTCNTON.DBF,18530,MOVE_TO_FIELDDATA,PLC/HMI/SCADA backup candidate
02. Project Backup/Factory C/SSV_C_FA/SSV_HV_1/ombstx/online/bstcnton.id,4,MOVE_TO_FIELDDATA,PLC/HMI/SCADA backup candidate
02. Project Backup/Factory C/SSV_C_FA/SSV_HV_1/ombstx/online/bstcnton.lck,0,MOVE_TO_FIELDDATA,PLC/HMI/SCADA backup candidate
02. Project Backup/Factory C/SSV_C_FA/SSV_HV_1/ombstx/online/BSTCNTON.MDX,4096,MOVE_TO_FIELDDATA,PLC/HMI/SCADA backup candidate
02. Project Backup/Factory C/SSV_C_FA/SSV_HV_1/ombstx/online/links.lnk,18944,MOVE_TO_FIELDDATA,PLC/HMI/SCADA backup candidate
02. Project Backup/Factory C/SSV_C_FA/SSV_HV_1/omgd/gdflock.res,0,MOVE_TO_FIELDDATA,PLC/HMI/SCADA backup candidate
02. Project Backup/Factory C/SSV_C_FA/SSV_HV_1/omgd/lastgd,4,MOVE_TO_FIELDDATA,PLC/HMI/SCADA backup candidate
02. Project Backup/Factory C/SSV_C_FA/SSV_HV_1/omgd/linkgd/00000001.DBF,414,MOVE_TO_FIELDDATA,PLC/HMI/SCADA backup candidate
02. Project Backup/Factory C/SSV_C_FA/SSV_HV_1/omgd/S7GD.DBF,2215,MOVE_TO_FIELDDATA,PLC/HMI/SCADA backup candidate
02. Project Backup/Factory C/SSV_C_FA/SSV_HV_1/omgd/S7GD.DBT,1024,MOVE_TO_FIELDDATA,PLC/HMI/SCADA backup candidate
02. Project Backup/Factory C/SSV_C_FA/SSV_HV_1/omgd/S7GD.MDX,4096,MOVE_TO_FIELDDATA,PLC/HMI/SCADA backup candidate
02. Project Backup/Factory C/SSV_C_FA/SSV_HV_1/pgs/gsflock.res,0,MOVE_TO_FIELDDATA,PLC/HMI/SCADA backup candidate
02. Project Backup/Factory C/SSV_C_FA/SSV_HV_1/pgs/lastgs,4,MOVE_TO_FIELDDATA,PLC/HMI/SCADA backup candidate
02. Project Backup/Factory C/SSV_C_FA/SSV_HV_1/pgs/linkgs/00000001.DBF,414,MOVE_TO_FIELDDATA,PLC/HMI/SCADA backup candidate
02. Project Backup/Factory C/SSV_C_FA/SSV_HV_1/pgs/S7GS.DBF,3615,MOVE_TO_FIELDDATA,PLC/HMI/SCADA backup candidate
02. Project Backup/Factory C/SSV_C_FA/SSV_HV_1/pgs/S7GS.MDX,4096,MOVE_TO_FIELDDATA,PLC/HMI/SCADA backup candidate
02. Project Backup/Factory C/SSV_C_FA/SSV_HV_1/s7asrcom/00000001/S7CONTAI.DBF,450,MOVE_TO_FIELDDATA,PLC/HMI/SCADA backup candidate
02. Project Backup/Factory C/SSV_C_FA/SSV_HV_1/s7asrcom/00000001/S7CONTAI.MDX,8192,MOVE_TO_FIELDDATA,PLC/HMI/SCADA backup candidate
02. Project Backup/Factory C/SSV_C_FA/SSV_HV_1/s7asrcom/00000001/S7LINKS.DBF,414,MOVE_TO_FIELDDATA,PLC/HMI/SCADA backup candidate
02. Project Backup/Factory C/SSV_C_FA/SSV_HV_1/s7asrcom/00000001/s7source.lck,0,MOVE_TO_FIELDDATA,PLC/HMI/SCADA backup candidate
02. Project Backup/Factory C/SSV_C_FA/SSV_HV_1/s7asrcom/00000002/S7CONTAI.DBF,450,MOVE_TO_FIELDDATA,PLC/HMI/SCADA backup candidate
02. Project Backup/Factory C/SSV_C_FA/SSV_HV_1/s7asrcom/00000002/S7CONTAI.MDX,8192,MOVE_TO_FIELDDATA,PLC/HMI/SCADA backup candidate
02. Project Backup/Factory C/SSV_C_FA/SSV_HV_1/s7asrcom/00000002/S7LINKS.DBF,414,MOVE_TO_FIELDDATA,PLC/HMI/SCADA backup candidate
02. Project Backup/Factory C/SSV_C_FA/SSV_HV_1/s7asrcom/00000002/s7source.lck,0,MOVE_TO_FIELDDATA,PLC/HMI/SCADA backup candidate
02. Project Backup/Factory C/SSV_C_FA/SSV_HV_1/s7asrcom/00000003/S7CONTAI.DBF,450,MOVE_TO_FIELDDATA,PLC/HMI/SCADA backup candidate
02. Project Backup/Factory C/SSV_C_FA/SSV_HV_1/s7asrcom/00000003/S7CONTAI.MDX,8192,MOVE_TO_FIELDDATA,PLC/HMI/SCADA backup candidate
02. Project Backup/Factory C/SSV_C_FA/SSV_HV_1/s7asrcom/00000003/S7LINKS.DBF,414,MOVE_TO_FIELDDATA,PLC/HMI/SCADA backup candidate
02. Project Backup/Factory C/SSV_C_FA/SSV_HV_1/s7asrcom/00000003/s7source.lck,0,MOVE_TO_FIELDDATA,PLC/HMI/SCADA backup candidate
02. Project Backup/Factory C/SSV_C_FA/SSV_HV_1/s7asrcom/00000004/S7CONTAI.DBF,450,MOVE_TO_FIELDDATA,PLC/HMI/SCADA backup candidate
02. Project Backup/Factory C/SSV_C_FA/SSV_HV_1/s7asrcom/00000004/S7CONTAI.MDX,8192,MOVE_TO_FIELDDATA,PLC/HMI/SCADA backup candidate
02. Project Backup/Factory C/SSV_C_FA/SSV_HV_1/s7asrcom/00000004/S7LINKS.DBF,414,MOVE_TO_FIELDDATA,PLC/HMI/SCADA backup candidate
02. Project Backup/Factory C/SSV_C_FA/SSV_HV_1/s7asrcom/00000004/s7source.lck,0,MOVE_TO_FIELDDATA,PLC/HMI/SCADA backup candidate
02. Project Backup/Factory C/SSV_C_FA/SSV_HV_1/s7asrcom/00000005/S7CONTAI.DBF,450,MOVE_TO_FIELDDATA,PLC/HMI/SCADA backup candidate
02. Project Backup/Factory C/SSV_C_FA/SSV_HV_1/s7asrcom/00000005/S7CONTAI.MDX,8192,MOVE_TO_FIELDDATA,PLC/HMI/SCADA backup candidate
02. Project Backup/Factory C/SSV_C_FA/SSV_HV_1/s7asrcom/00000005/S7LINKS.DBF,414,MOVE_TO_FIELDDATA,PLC/HMI/SCADA backup candidate
02. Project Backup/Factory C/SSV_C_FA/SSV_HV_1/s7asrcom/00000005/s7source.lck,0,MOVE_TO_FIELDDATA,PLC/HMI/SCADA backup candidate
02. Project Backup/Factory C/SSV_C_FA/SSV_HV_1/s7asrcom/00000006/S7CONTAI.DBF,450,MOVE_TO_FIELDDATA,PLC/HMI/SCADA backup candidate
02. Project Backup/Factory C/SSV_C_FA/SSV_HV_1/s7asrcom/00000006/S7CONTAI.MDX,8192,MOVE_TO_FIELDDATA,PLC/HMI/SCADA backup candidate
02. Project Backup/Factory C/SSV_C_FA/SSV_HV_1/s7asrcom/00000006/S7LINKS.DBF,414,MOVE_TO_FIELDDATA,PLC/HMI/SCADA backup candidate
02. Project Backup/Factory C/SSV_C_FA/SSV_HV_1/s7asrcom/00000006/s7source.lck,0,MOVE_TO_FIELDDATA,PLC/HMI/SCADA backup candidate
02. Project Backup/Factory C/SSV_C_FA/SSV_HV_1/s7asrcom/00000007/S7CONTAI.DBF,450,MOVE_TO_FIELDDATA,PLC/HMI/SCADA backup candidate
02. Project Backup/Factory C/SSV_C_FA/SSV_HV_1/s7asrcom/00000007/S7CONTAI.MDX,8192,MOVE_TO_FIELDDATA,PLC/HMI/SCADA backup candidate
02. Project Backup/Factory C/SSV_C_FA/SSV_HV_1/s7asrcom/00000007/S7LINKS.DBF,414,MOVE_TO_FIELDDATA,PLC/HMI/SCADA backup candidate
02. Project Backup/Factory C/SSV_C_FA/SSV_HV_1/s7asrcom/00000007/s7source.lck,0,MOVE_TO_FIELDDATA,PLC/HMI/SCADA backup candidate
02. Project Backup/Factory C/SSV_C_FA/SSV_HV_1/s7asrcom/00000008/S7CONTAI.DBF,450,MOVE_TO_FIELDDATA,PLC/HMI/SCADA backup candidate
02. Project Backup/Factory C/SSV_C_FA/SSV_HV_1/s7asrcom/00000008/S7CONTAI.MDX,8192,MOVE_TO_FIELDDATA,PLC/HMI/SCADA backup candidate
02. Project Backup/Factory C/SSV_C_FA/SSV_HV_1/s7asrcom/00000008/S7LINKS.DBF,414,MOVE_TO_FIELDDATA,PLC/HMI/SCADA backup candidate
02. Project Backup/Factory C/SSV_C_FA/SSV_HV_1/s7asrcom/00000008/s7source.lck,0,MOVE_TO_FIELDDATA,PLC/HMI/SCADA backup candidate
02. Project Backup/Factory C/SSV_C_FA/SSV_HV_1/s7asrcom/0000000b/S7CONTAI.DBF,450,MOVE_TO_FIELDDATA,PLC/HMI/SCADA backup candidate
02. Project Backup/Factory C/SSV_C_FA/SSV_HV_1/s7asrcom/0000000b/S7CONTAI.MDX,8192,MOVE_TO_FIELDDATA,PLC/HMI/SCADA backup candidate
02. Project Backup/Factory C/SSV_C_FA/SSV_HV_1/s7asrcom/0000000b/S7LINKS.DBF,414,MOVE_TO_FIELDDATA,PLC/HMI/SCADA backup candidate
02. Project Backup/Factory C/SSV_C_FA/SSV_HV_1/s7asrcom/0000000b/s7source.lck,0,MOVE_TO_FIELDDATA,PLC/HMI/SCADA backup candidate
02. Project Backup/Factory C/SSV_C_FA/SSV_HV_1/s7asrcom/0000000c/S7CONTAI.DBF,450,MOVE_TO_FIELDDATA,PLC/HMI/SCADA backup candidate
02. Project Backup/Factory C/SSV_C_FA/SSV_HV_1/s7asrcom/0000000c/S7CONTAI.MDX,8192,MOVE_TO_FIELDDATA,PLC/HMI/SCADA backup candidate
02. Project Backup/Factory C/SSV_C_FA/SSV_HV_1/s7asrcom/0000000c/S7LINKS.DBF,414,MOVE_TO_FIELDDATA,PLC/HMI/SCADA backup candidate
02. Project Backup/Factory C/SSV_C_FA/SSV_HV_1/s7asrcom/0000000c/s7source.lck,0,MOVE_TO_FIELDDATA,PLC/HMI/SCADA backup candidate
02. Project Backup/Factory C/SSV_C_FA/SSV_HV_1/s7asrcom/0000000d/S7CONTAI.DBF,450,MOVE_TO_FIELDDATA,PLC/HMI/SCADA backup candidate
02. Project Backup/Factory C/SSV_C_FA/SSV_HV_1/s7asrcom/0000000d/S7CONTAI.MDX,8192,MOVE_TO_FIELDDATA,PLC/HMI/SCADA backup candidate
02. Project Backup/Factory C/SSV_C_FA/SSV_HV_1/s7asrcom/0000000d/S7LINKS.DBF,414,MOVE_TO_FIELDDATA,PLC/HMI/SCADA backup candidate
02. Project Backup/Factory C/SSV_C_FA/SSV_HV_1/s7asrcom/0000000d/s7source.lck,0,MOVE_TO_FIELDDATA,PLC/HMI/SCADA backup candidate
02. Project Backup/Factory C/SSV_C_FA/SSV_HV_1/s7asrcom/s7cntID.src,8,MOVE_TO_FIELDDATA,PLC/HMI/SCADA backup candidate
02. Project Backup/Factory C/SSV_C_FA/SSV_HV_1/s7asrcom/S7CNTREF.DBF,6102,MOVE_TO_FIELDDATA,PLC/HMI/SCADA backup candidate
02. Project Backup/Factory C/SSV_C_FA/SSV_HV_1/s7asrcom/S7CNTREF.MDX,4096,MOVE_TO_FIELDDATA,PLC/HMI/SCADA backup candidate
02. Project Backup/Factory C/SSV_C_FA/SSV_HV_1/s7asrcom/s7contai.lck,0,MOVE_TO_FIELDDATA,PLC/HMI/SCADA backup candidate
02. Project Backup/Factory C/SSV_C_FA/SSV_HV_1/s7extref/s7pltref.lck,0,MOVE_TO_FIELDDATA,PLC/HMI/SCADA backup candidate
02. Project Backup/Factory C/SSV_C_FA/SSV_HV_1/s7extref/s7pltref.xml,80,MOVE_TO_FIELDDATA,PLC/HMI/SCADA backup candidate
02. Project Backup/Factory C/SSV_C_FA/SSV_HV_1/s7netpro.npa,1568,MOVE_TO_FIELDDATA,PLC/HMI/SCADA backup candidate
02. Project Backup/Factory C/SSV_C_FA/SSV_HV_1/S7Netze/S7NONFGX.id,4,MOVE_TO_FIELDDATA,PLC/HMI/SCADA backup candidate
02. Project Backup/Factory C/SSV_C_FA/SSV_HV_1/S7Netze/S7NONFGX.lnk,30208,MOVE_TO_FIELDDATA,PLC/HMI/SCADA backup candidate
02. Project Backup/Factory C/SSV_C_FA/SSV_HV_1/S7Netze/S7NONFGX.tab,244675,MOVE_TO_FIELDDATA,PLC/HMI/SCADA backup candidate
02. Project Backup/Factory C/SSV_C_FA/SSV_HV_1/S7NFREMX/S7NFREMX.tab,0,MOVE_TO_FIELDDATA,PLC/HMI/SCADA backup candidate
02. Project Backup/Factory C/SSV_C_FA/SSV_HV_1/S7PPLOMX/layout,130,MOVE_TO_FIELDDATA,PLC/HMI/SCADA backup candidate
02. Project Backup/Factory C/SSV_C_FA/SSV_HV_1/sdb/00000001/00000001.PG,370,MOVE_TO_FIELDDATA,PLC/HMI/SCADA backup candidate
02. Project Backup/Factory C/SSV_C_FA/SSV_HV_1/sdb/00000001/00000002.PG,152,MOVE_TO_FIELDDATA,PLC/HMI/SCADA backup candidate
02. Project Backup/Factory C/SSV_C_FA/SSV_HV_1/sdb/00000001/00000003.PG,650,MOVE_TO_FIELDDATA,PLC/HMI/SCADA backup candidate
02. Project Backup/Factory C/SSV_C_FA/SSV_HV_1/sdb/00000001/00000004.PG,306,MOVE_TO_FIELDDATA,PLC/HMI/SCADA backup candidate
02. Project Backup/Factory C/SSV_C_FA/SSV_HV_1/sdb/00000001/00000005.PG,238,MOVE_TO_FIELDDATA,PLC/HMI/SCADA backup candidate
02. Project Backup/Factory C/SSV_C_FA/SSV_HV_1/sdb/00000001/00000006.PG,138,MOVE_TO_FIELDDATA,PLC/HMI/SCADA backup candidate
02. Project Backup/Factory C/SSV_C_FA/SSV_HV_1/sdb/00000001/00000007.PG,702,MOVE_TO_FIELDDATA,PLC/HMI/SCADA backup candidate
02. Project Backup/Factory C/SSV_C_FA/SSV_HV_1/sdb/00000001/00000008.PG,836,MOVE_TO_FIELDDATA,PLC/HMI/SCADA backup candidate
02. Project Backup/Factory C/SSV_C_FA/SSV_HV_1/sdb/00000001/00000009.PG,338,MOVE_TO_FIELDDATA,PLC/HMI/SCADA backup candidate
02. Project Backup/Factory C/SSV_C_FA/SSV_HV_1/sdb/00000001/0000000a.PG,106,MOVE_TO_FIELDDATA,PLC/HMI/SCADA backup candidate
02. Project Backup/Factory C/SSV_C_FA/SSV_HV_1/sdb/00000001/0000000b.PG,106,MOVE_TO_FIELDDATA,PLC/HMI/SCADA backup candidate
02. Project Backup/Factory C/SSV_C_FA/SSV_HV_1/sdb/00000001/0000000c.PG,106,MOVE_TO_FIELDDATA,PLC/HMI/SCADA backup candidate
02. Project Backup/Factory C/SSV_C_FA/SSV_HV_1/sdb/00000001/0000000d.PG,106,MOVE_TO_FIELDDATA,PLC/HMI/SCADA backup candidate
02. Project Backup/Factory C/SSV_C_FA/SSV_HV_1/sdb/00000001/0000000e.PG,106,MOVE_TO_FIELDDATA,PLC/HMI/SCADA backup candidate
02. Project Backup/Factory C/SSV_C_FA/SSV_HV_1/sdb/00000001/0000000f.PG,106,MOVE_TO_FIELDDATA,PLC/HMI/SCADA backup candidate
02. Project Backup/Factory C/SSV_C_FA/SSV_HV_1/sdb/00000001/00000010.PG,106,MOVE_TO_FIELDDATA,PLC/HMI/SCADA backup candidate
02. Project Backup/Factory C/SSV_C_FA/SSV_HV_1/sdb/00000001/00000011.PG,246,MOVE_TO_FIELDDATA,PLC/HMI/SCADA backup candidate
02. Project Backup/Factory C/SSV_C_FA/SSV_HV_1/sdb/00000001/00000012.PG,762,MOVE_TO_FIELDDATA,PLC/HMI/SCADA backup candidate
02. Project Backup/Factory C/SSV_C_FA/SSV_HV_1/sdb/00000001/00000013.PG,696,MOVE_TO_FIELDDATA,PLC/HMI/SCADA backup candidate
02. Project Backup/Factory C/SSV_C_FA/SSV_HV_1/sdb/00000001/00000014.PG,2398,MOVE_TO_FIELDDATA,PLC/HMI/SCADA backup candidate
02. Project Backup/Factory C/SSV_C_FA/SSV_HV_1/sdb/00000001/00000015.PG,142,MOVE_TO_FIELDDATA,PLC/HMI/SCADA backup candidate
02. Project Backup/Factory C/SSV_C_FA/SSV_HV_1/sdb/00000001/link/00000001.DBF,414,MOVE_TO_FIELDDATA,PLC/HMI/SCADA backup candidate
02. Project Backup/Factory C/SSV_C_FA/SSV_HV_1/sdb/00000001/list/00000001.DBF,2685,MOVE_TO_FIELDDATA,PLC/HMI/SCADA backup candidate
02. Project Backup/Factory C/SSV_C_FA/SSV_HV_1/sdb/00000001/list/00000001.MDX,4096,MOVE_TO_FIELDDATA,PLC/HMI/SCADA backup candidate
02. Project Backup/Factory C/SSV_C_FA/SSV_HV_1/sdb/00000002/00000001.PG,370,MOVE_TO_FIELDDATA,PLC/HMI/SCADA backup candidate
02. Project Backup/Factory C/SSV_C_FA/SSV_HV_1/sdb/00000002/00000002.PG,152,MOVE_TO_FIELDDATA,PLC/HMI/SCADA backup candidate
02. Project Backup/Factory C/SSV_C_FA/SSV_HV_1/sdb/00000002/00000003.PG,650,MOVE_TO_FIELDDATA,PLC/HMI/SCADA backup candidate
02. Project Backup/Factory C/SSV_C_FA/SSV_HV_1/sdb/00000002/00000004.PG,306,MOVE_TO_FIELDDATA,PLC/HMI/SCADA backup candidate
02. Project Backup/Factory C/SSV_C_FA/SSV_HV_1/sdb/00000002/00000005.PG,238,MOVE_TO_FIELDDATA,PLC/HMI/SCADA backup candidate
02. Project Backup/Factory C/SSV_C_FA/SSV_HV_1/sdb/00000002/00000006.PG,138,MOVE_TO_FIELDDATA,PLC/HMI/SCADA backup candidate
02. Project Backup/Factory C/SSV_C_FA/SSV_HV_1/sdb/00000002/00000007.PG,872,MOVE_TO_FIELDDATA,PLC/HMI/SCADA backup candidate
02. Project Backup/Factory C/SSV_C_FA/SSV_HV_1/sdb/00000002/00000008.PG,1000,MOVE_TO_FIELDDATA,PLC/HMI/SCADA backup candidate
02. Project Backup/Factory C/SSV_C_FA/SSV_HV_1/sdb/00000002/00000009.PG,338,MOVE_TO_FIELDDATA,PLC/HMI/SCADA backup candidate
02. Project Backup/Factory C/SSV_C_FA/SSV_HV_1/sdb/00000002/0000000a.PG,106,MOVE_TO_FIELDDATA,PLC/HMI/SCADA backup candidate
02. Project Backup/Factory C/SSV_C_FA/SSV_HV_1/sdb/00000002/0000000b.PG,106,MOVE_TO_FIELDDATA,PLC/HMI/SCADA backup candidate
02. Project Backup/Factory C/SSV_C_FA/SSV_HV_1/sdb/00000002/0000000c.PG,106,MOVE_TO_FIELDDATA,PLC/HMI/SCADA backup candidate
02. Project Backup/Factory C/SSV_C_FA/SSV_HV_1/sdb/00000002/0000000d.PG,106,MOVE_TO_FIELDDATA,PLC/HMI/SCADA backup candidate
02. Project Backup/Factory C/SSV_C_FA/SSV_HV_1/sdb/00000002/0000000e.PG,106,MOVE_TO_FIELDDATA,PLC/HMI/SCADA backup candidate
02. Project Backup/Factory C/SSV_C_FA/SSV_HV_1/sdb/00000002/0000000f.PG,106,MOVE_TO_FIELDDATA,PLC/HMI/SCADA backup candidate
02. Project Backup/Factory C/SSV_C_FA/SSV_HV_1/sdb/00000002/00000010.PG,106,MOVE_TO_FIELDDATA,PLC/HMI/SCADA backup candidate
02. Project Backup/Factory C/SSV_C_FA/SSV_HV_1/sdb/00000002/00000011.PG,246,MOVE_TO_FIELDDATA,PLC/HMI/SCADA backup candidate
02. Project Backup/Factory C/SSV_C_FA/SSV_HV_1/sdb/00000002/00000012.PG,760,MOVE_TO_FIELDDATA,PLC/HMI/SCADA backup candidate
02. Project Backup/Factory C/SSV_C_FA/SSV_HV_1/sdb/00000002/00000013.PG,696,MOVE_TO_FIELDDATA,PLC/HMI/SCADA backup candidate
02. Project Backup/Factory C/SSV_C_FA/SSV_HV_1/sdb/00000002/00000014.PG,2898,MOVE_TO_FIELDDATA,PLC/HMI/SCADA backup candidate
02. Project Backup/Factory C/SSV_C_FA/SSV_HV_1/sdb/00000002/00000015.PG,142,MOVE_TO_FIELDDATA,PLC/HMI/SCADA backup candidate
02. Project Backup/Factory C/SSV_C_FA/SSV_HV_1/sdb/00000002/link/00000002.DBF,414,MOVE_TO_FIELDDATA,PLC/HMI/SCADA backup candidate
02. Project Backup/Factory C/SSV_C_FA/SSV_HV_1/sdb/00000002/list/00000002.DBF,2685,MOVE_TO_FIELDDATA,PLC/HMI/SCADA backup candidate
02. Project Backup/Factory C/SSV_C_FA/SSV_HV_1/sdb/00000002/list/00000002.MDX,4096,MOVE_TO_FIELDDATA,PLC/HMI/SCADA backup candidate
02. Project Backup/Factory C/SSV_C_FA/SSV_HV_1/sdb/00000003/00000001.PG,370,MOVE_TO_FIELDDATA,PLC/HMI/SCADA backup candidate
02. Project Backup/Factory C/SSV_C_FA/SSV_HV_1/sdb/00000003/00000002.PG,152,MOVE_TO_FIELDDATA,PLC/HMI/SCADA backup candidate
02. Project Backup/Factory C/SSV_C_FA/SSV_HV_1/sdb/00000003/00000003.PG,650,MOVE_TO_FIELDDATA,PLC/HMI/SCADA backup candidate
02. Project Backup/Factory C/SSV_C_FA/SSV_HV_1/sdb/00000003/00000004.PG,306,MOVE_TO_FIELDDATA,PLC/HMI/SCADA backup candidate
02. Project Backup/Factory C/SSV_C_FA/SSV_HV_1/sdb/00000003/00000005.PG,238,MOVE_TO_FIELDDATA,PLC/HMI/SCADA backup candidate
02. Project Backup/Factory C/SSV_C_FA/SSV_HV_1/sdb/00000003/00000006.PG,138,MOVE_TO_FIELDDATA,PLC/HMI/SCADA backup candidate
02. Project Backup/Factory C/SSV_C_FA/SSV_HV_1/sdb/00000003/00000007.PG,728,MOVE_TO_FIELDDATA,PLC/HMI/SCADA backup candidate
02. Project Backup/Factory C/SSV_C_FA/SSV_HV_1/sdb/00000003/00000008.PG,876,MOVE_TO_FIELDDATA,PLC/HMI/SCADA backup candidate
02. Project Backup/Factory C/SSV_C_FA/SSV_HV_1/sdb/00000003/00000009.PG,338,MOVE_TO_FIELDDATA,PLC/HMI/SCADA backup candidate
02. Project Backup/Factory C/SSV_C_FA/SSV_HV_1/sdb/00000003/0000000a.PG,106,MOVE_TO_FIELDDATA,PLC/HMI/SCADA backup candidate
02. Project Backup/Factory C/SSV_C_FA/SSV_HV_1/sdb/00000003/0000000b.PG,106,MOVE_TO_FIELDDATA,PLC/HMI/SCADA backup candidate
02. Project Backup/Factory C/SSV_C_FA/SSV_HV_1/sdb/00000003/0000000c.PG,106,MOVE_TO_FIELDDATA,PLC/HMI/SCADA backup candidate
02. Project Backup/Factory C/SSV_C_FA/SSV_HV_1/sdb/00000003/0000000d.PG,106,MOVE_TO_FIELDDATA,PLC/HMI/SCADA backup candidate
02. Project Backup/Factory C/SSV_C_FA/SSV_HV_1/sdb/00000003/0000000e.PG,106,MOVE_TO_FIELDDATA,PLC/HMI/SCADA backup candidate
02. Project Backup/Factory C/SSV_C_FA/SSV_HV_1/sdb/00000003/0000000f.PG,106,MOVE_TO_FIELDDATA,PLC/HMI/SCADA backup candidate
02. Project Backup/Factory C/SSV_C_FA/SSV_HV_1/sdb/00000003/00000010.PG,106,MOVE_TO_FIELDDATA,PLC/HMI/SCADA backup candidate
02. Project Backup/Factory C/SSV_C_FA/SSV_HV_1/sdb/00000003/00000011.PG,246,MOVE_TO_FIELDDATA,PLC/HMI/SCADA backup candidate
02. Project Backup/Factory C/SSV_C_FA/SSV_HV_1/sdb/00000003/00000012.PG,762,MOVE_TO_FIELDDATA,PLC/HMI/SCADA backup candidate
02. Project Backup/Factory C/SSV_C_FA/SSV_HV_1/sdb/00000003/00000013.PG,696,MOVE_TO_FIELDDATA,PLC/HMI/SCADA backup candidate
02. Project Backup/Factory C/SSV_C_FA/SSV_HV_1/sdb/00000003/00000014.PG,2454,MOVE_TO_FIELDDATA,PLC/HMI/SCADA backup candidate
02. Project Backup/Factory C/SSV_C_FA/SSV_HV_1/sdb/00000003/00000015.PG,142,MOVE_TO_FIELDDATA,PLC/HMI/SCADA backup candidate
02. Project Backup/Factory C/SSV_C_FA/SSV_HV_1/sdb/00000003/link/00000003.DBF,414,MOVE_TO_FIELDDATA,PLC/HMI/SCADA backup candidate
02. Project Backup/Factory C/SSV_C_FA/SSV_HV_1/sdb/00000003/list/00000003.DBF,2685,MOVE_TO_FIELDDATA,PLC/HMI/SCADA backup candidate
02. Project Backup/Factory C/SSV_C_FA/SSV_HV_1/sdb/00000003/list/00000003.MDX,4096,MOVE_TO_FIELDDATA,PLC/HMI/SCADA backup candidate
02. Project Backup/Factory C/SSV_C_FA/SSV_HV_1/sdb/00000004/00000001.PG,370,MOVE_TO_FIELDDATA,PLC/HMI/SCADA backup candidate
02. Project Backup/Factory C/SSV_C_FA/SSV_HV_1/sdb/00000004/00000002.PG,152,MOVE_TO_FIELDDATA,PLC/HMI/SCADA backup candidate
02. Project Backup/Factory C/SSV_C_FA/SSV_HV_1/sdb/00000004/00000003.PG,650,MOVE_TO_FIELDDATA,PLC/HMI/SCADA backup candidate
02. Project Backup/Factory C/SSV_C_FA/SSV_HV_1/sdb/00000004/00000004.PG,306,MOVE_TO_FIELDDATA,PLC/HMI/SCADA backup candidate
02. Project Backup/Factory C/SSV_C_FA/SSV_HV_1/sdb/00000004/00000005.PG,238,MOVE_TO_FIELDDATA,PLC/HMI/SCADA backup candidate
02. Project Backup/Factory C/SSV_C_FA/SSV_HV_1/sdb/00000004/00000006.PG,138,MOVE_TO_FIELDDATA,PLC/HMI/SCADA backup candidate
02. Project Backup/Factory C/SSV_C_FA/SSV_HV_1/sdb/00000004/00000007.PG,650,MOVE_TO_FIELDDATA,PLC/HMI/SCADA backup candidate
02. Project Backup/Factory C/SSV_C_FA/SSV_HV_1/sdb/00000004/00000008.PG,756,MOVE_TO_FIELDDATA,PLC/HMI/SCADA backup candidate
02. Project Backup/Factory C/SSV_C_FA/SSV_HV_1/sdb/00000004/00000009.PG,338,MOVE_TO_FIELDDATA,PLC/HMI/SCADA backup candidate
02. Project Backup/Factory C/SSV_C_FA/SSV_HV_1/sdb/00000004/0000000a.PG,106,MOVE_TO_FIELDDATA,PLC/HMI/SCADA backup candidate
02. Project Backup/Factory C/SSV_C_FA/SSV_HV_1/sdb/00000004/0000000b.PG,106,MOVE_TO_FIELDDATA,PLC/HMI/SCADA backup candidate
02. Project Backup/Factory C/SSV_C_FA/SSV_HV_1/sdb/00000004/0000000c.PG,106,MOVE_TO_FIELDDATA,PLC/HMI/SCADA backup candidate
02. Project Backup/Factory C/SSV_C_FA/SSV_HV_1/sdb/00000004/0000000d.PG,106,MOVE_TO_FIELDDATA,PLC/HMI/SCADA backup candidate
02. Project Backup/Factory C/SSV_C_FA/SSV_HV_1/sdb/00000004/0000000e.PG,106,MOVE_TO_FIELDDATA,PLC/HMI/SCADA backup candidate
02. Project Backup/Factory C/SSV_C_FA/SSV_HV_1/sdb/00000004/0000000f.PG,106,MOVE_TO_FIELDDATA,PLC/HMI/SCADA backup candidate
02. Project Backup/Factory C/SSV_C_FA/SSV_HV_1/sdb/00000004/00000010.PG,106,MOVE_TO_FIELDDATA,PLC/HMI/SCADA backup candidate
02. Project Backup/Factory C/SSV_C_FA/SSV_HV_1/sdb/00000004/00000011.PG,246,MOVE_TO_FIELDDATA,PLC/HMI/SCADA backup candidate
02. Project Backup/Factory C/SSV_C_FA/SSV_HV_1/sdb/00000004/00000012.PG,762,MOVE_TO_FIELDDATA,PLC/HMI/SCADA backup candidate
02. Project Backup/Factory C/SSV_C_FA/SSV_HV_1/sdb/00000004/00000013.PG,696,MOVE_TO_FIELDDATA,PLC/HMI/SCADA backup candidate
02. Project Backup/Factory C/SSV_C_FA/SSV_HV_1/sdb/00000004/00000014.PG,2276,MOVE_TO_FIELDDATA,PLC/HMI/SCADA backup candidate
02. Project Backup/Factory C/SSV_C_FA/SSV_HV_1/sdb/00000004/00000015.PG,142,MOVE_TO_FIELDDATA,PLC/HMI/SCADA backup candidate
02. Project Backup/Factory C/SSV_C_FA/SSV_HV_1/sdb/00000004/link/00000004.DBF,414,MOVE_TO_FIELDDATA,PLC/HMI/SCADA backup candidate
02. Project Backup/Factory C/SSV_C_FA/SSV_HV_1/sdb/00000004/list/00000004.DBF,2685,MOVE_TO_FIELDDATA,PLC/HMI/SCADA backup candidate
02. Project Backup/Factory C/SSV_C_FA/SSV_HV_1/sdb/00000004/list/00000004.MDX,4096,MOVE_TO_FIELDDATA,PLC/HMI/SCADA backup candidate
02. Project Backup/Factory C/SSV_C_FA/SSV_HV_1/sdb/00000005/00000003.PG,650,MOVE_TO_FIELDDATA,PLC/HMI/SCADA backup candidate
02. Project Backup/Factory C/SSV_C_FA/SSV_HV_1/sdb/00000005/00000009.PG,338,MOVE_TO_FIELDDATA,PLC/HMI/SCADA backup candidate
02. Project Backup/Factory C/SSV_C_FA/SSV_HV_1/sdb/00000005/0000000a.PG,106,MOVE_TO_FIELDDATA,PLC/HMI/SCADA backup candidate
02. Project Backup/Factory C/SSV_C_FA/SSV_HV_1/sdb/00000005/0000000b.PG,106,MOVE_TO_FIELDDATA,PLC/HMI/SCADA backup candidate
02. Project Backup/Factory C/SSV_C_FA/SSV_HV_1/sdb/00000005/0000000c.PG,106,MOVE_TO_FIELDDATA,PLC/HMI/SCADA backup candidate
02. Project Backup/Factory C/SSV_C_FA/SSV_HV_1/sdb/00000005/0000000d.PG,106,MOVE_TO_FIELDDATA,PLC/HMI/SCADA backup candidate
02. Project Backup/Factory C/SSV_C_FA/SSV_HV_1/sdb/00000005/0000000e.PG,106,MOVE_TO_FIELDDATA,PLC/HMI/SCADA backup candidate
02. Project Backup/Factory C/SSV_C_FA/SSV_HV_1/sdb/00000005/0000000f.PG,106,MOVE_TO_FIELDDATA,PLC/HMI/SCADA backup candidate
02. Project Backup/Factory C/SSV_C_FA/SSV_HV_1/sdb/00000005/00000010.PG,106,MOVE_TO_FIELDDATA,PLC/HMI/SCADA backup candidate
02. Project Backup/Factory C/SSV_C_FA/SSV_HV_1/sdb/00000005/00000016.PG,764,MOVE_TO_FIELDDATA,PLC/HMI/SCADA backup candidate
02. Project Backup/Factory C/SSV_C_FA/SSV_HV_1/sdb/00000005/00000017.PG,598,MOVE_TO_FIELDDATA,PLC/HMI/SCADA backup candidate
02. Project Backup/Factory C/SSV_C_FA/SSV_HV_1/sdb/00000005/00000018.PG,138,MOVE_TO_FIELDDATA,PLC/HMI/SCADA backup candidate
02. Project Backup/Factory C/SSV_C_FA/SSV_HV_1/sdb/00000005/00000019.PG,306,MOVE_TO_FIELDDATA,PLC/HMI/SCADA backup candidate
02. Project Backup/Factory C/SSV_C_FA/SSV_HV_1/sdb/00000005/0000001a.PG,152,MOVE_TO_FIELDDATA,PLC/HMI/SCADA backup candidate
02. Project Backup/Factory C/SSV_C_FA/SSV_HV_1/sdb/00000005/0000001b.PG,554,MOVE_TO_FIELDDATA,PLC/HMI/SCADA backup candidate
02. Project Backup/Factory C/SSV_C_FA/SSV_HV_1/sdb/00000005/0000001c.PG,142,MOVE_TO_FIELDDATA,PLC/HMI/SCADA backup candidate
02. Project Backup/Factory C/SSV_C_FA/SSV_HV_1/sdb/00000005/0000001d.PG,2024,MOVE_TO_FIELDDATA,PLC/HMI/SCADA backup candidate
02. Project Backup/Factory C/SSV_C_FA/SSV_HV_1/sdb/00000005/0000001e.PG,696,MOVE_TO_FIELDDATA,PLC/HMI/SCADA backup candidate
02. Project Backup/Factory C/SSV_C_FA/SSV_HV_1/sdb/00000005/0000001f.PG,806,MOVE_TO_FIELDDATA,PLC/HMI/SCADA backup candidate
02. Project Backup/Factory C/SSV_C_FA/SSV_HV_1/sdb/00000005/00000020.PG,246,MOVE_TO_FIELDDATA,PLC/HMI/SCADA backup candidate
02. Project Backup/Factory C/SSV_C_FA/SSV_HV_1/sdb/00000005/00000021.PG,238,MOVE_TO_FIELDDATA,PLC/HMI/SCADA backup candidate
02. Project Backup/Factory C/SSV_C_FA/SSV_HV_1/sdb/00000005/link/00000005.DBF,414,MOVE_TO_FIELDDATA,PLC/HMI/SCADA backup candidate
02. Project Backup/Factory C/SSV_C_FA/SSV_HV_1/sdb/00000005/list/00000005.DBF,4017,MOVE_TO_FIELDDATA,PLC/HMI/SCADA backup candidate
02. Project Backup/Factory C/SSV_C_FA/SSV_HV_1/sdb/00000005/list/00000005.MDX,4096,MOVE_TO_FIELDDATA,PLC/HMI/SCADA backup candidate
02. Project Backup/Factory C/SSV_C_FA/SSV_HV_1/sdb/00000006/00000001.PG,370,MOVE_TO_FIELDDATA,PLC/HMI/SCADA backup candidate
02. Project Backup/Factory C/SSV_C_FA/SSV_HV_1/sdb/00000006/00000002.PG,152,MOVE_TO_FIELDDATA,PLC/HMI/SCADA backup candidate
02. Project Backup/Factory C/SSV_C_FA/SSV_HV_1/sdb/00000006/00000003.PG,650,MOVE_TO_FIELDDATA,PLC/HMI/SCADA backup candidate
02. Project Backup/Factory C/SSV_C_FA/SSV_HV_1/sdb/00000006/00000004.PG,306,MOVE_TO_FIELDDATA,PLC/HMI/SCADA backup candidate
02. Project Backup/Factory C/SSV_C_FA/SSV_HV_1/sdb/00000006/00000005.PG,238,MOVE_TO_FIELDDATA,PLC/HMI/SCADA backup candidate
02. Project Backup/Factory C/SSV_C_FA/SSV_HV_1/sdb/00000006/00000006.PG,138,MOVE_TO_FIELDDATA,PLC/HMI/SCADA backup candidate
02. Project Backup/Factory C/SSV_C_FA/SSV_HV_1/sdb/00000006/00000007.PG,650,MOVE_TO_FIELDDATA,PLC/HMI/SCADA backup candidate
02. Project Backup/Factory C/SSV_C_FA/SSV_HV_1/sdb/00000006/00000008.PG,756,MOVE_TO_FIELDDATA,PLC/HMI/SCADA backup candidate
02. Project Backup/Factory C/SSV_C_FA/SSV_HV_1/sdb/00000006/00000009.PG,338,MOVE_TO_FIELDDATA,PLC/HMI/SCADA backup candidate
02. Project Backup/Factory C/SSV_C_FA/SSV_HV_1/sdb/00000006/0000000a.PG,106,MOVE_TO_FIELDDATA,PLC/HMI/SCADA backup candidate
02. Project Backup/Factory C/SSV_C_FA/SSV_HV_1/sdb/00000006/0000000b.PG,106,MOVE_TO_FIELDDATA,PLC/HMI/SCADA backup candidate
02. Project Backup/Factory C/SSV_C_FA/SSV_HV_1/sdb/00000006/0000000c.PG,106,MOVE_TO_FIELDDATA,PLC/HMI/SCADA backup candidate
02. Project Backup/Factory C/SSV_C_FA/SSV_HV_1/sdb/00000006/0000000d.PG,106,MOVE_TO_FIELDDATA,PLC/HMI/SCADA backup candidate
02. Project Backup/Factory C/SSV_C_FA/SSV_HV_1/sdb/00000006/0000000e.PG,106,MOVE_TO_FIELDDATA,PLC/HMI/SCADA backup candidate
02. Project Backup/Factory C/SSV_C_FA/SSV_HV_1/sdb/00000006/0000000f.PG,106,MOVE_TO_FIELDDATA,PLC/HMI/SCADA backup candidate
02. Project Backup/Factory C/SSV_C_FA/SSV_HV_1/sdb/00000006/00000010.PG,106,MOVE_TO_FIELDDATA,PLC/HMI/SCADA backup candidate
02. Project Backup/Factory C/SSV_C_FA/SSV_HV_1/sdb/00000006/00000011.PG,246,MOVE_TO_FIELDDATA,PLC/HMI/SCADA backup candidate
02. Project Backup/Factory C/SSV_C_FA/SSV_HV_1/sdb/00000006/00000012.PG,762,MOVE_TO_FIELDDATA,PLC/HMI/SCADA backup candidate
02. Project Backup/Factory C/SSV_C_FA/SSV_HV_1/sdb/00000006/00000013.PG,696,MOVE_TO_FIELDDATA,PLC/HMI/SCADA backup candidate
02. Project Backup/Factory C/SSV_C_FA/SSV_HV_1/sdb/00000006/00000014.PG,2276,MOVE_TO_FIELDDATA,PLC/HMI/SCADA backup candidate
02. Project Backup/Factory C/SSV_C_FA/SSV_HV_1/sdb/00000006/00000015.PG,142,MOVE_TO_FIELDDATA,PLC/HMI/SCADA backup candidate
02. Project Backup/Factory C/SSV_C_FA/SSV_HV_1/sdb/00000006/link/00000006.DBF,414,MOVE_TO_FIELDDATA,PLC/HMI/SCADA backup candidate
02. Project Backup/Factory C/SSV_C_FA/SSV_HV_1/sdb/00000006/list/00000006.DBF,2685,MOVE_TO_FIELDDATA,PLC/HMI/SCADA backup candidate
02. Project Backup/Factory C/SSV_C_FA/SSV_HV_1/sdb/00000006/list/00000006.MDX,4096,MOVE_TO_FIELDDATA,PLC/HMI/SCADA backup candidate
02. Project Backup/Factory C/SSV_C_FA/SSV_HV_1/sdb/00000007/00000003.PG,650,MOVE_TO_FIELDDATA,PLC/HMI/SCADA backup candidate
02. Project Backup/Factory C/SSV_C_FA/SSV_HV_1/sdb/00000007/00000009.PG,338,MOVE_TO_FIELDDATA,PLC/HMI/SCADA backup candidate
02. Project Backup/Factory C/SSV_C_FA/SSV_HV_1/sdb/00000007/0000000a.PG,106,MOVE_TO_FIELDDATA,PLC/HMI/SCADA backup candidate
02. Project Backup/Factory C/SSV_C_FA/SSV_HV_1/sdb/00000007/0000000b.PG,106,MOVE_TO_FIELDDATA,PLC/HMI/SCADA backup candidate
02. Project Backup/Factory C/SSV_C_FA/SSV_HV_1/sdb/00000007/0000000c.PG,106,MOVE_TO_FIELDDATA,PLC/HMI/SCADA backup candidate
02. Project Backup/Factory C/SSV_C_FA/SSV_HV_1/sdb/00000007/0000000d.PG,106,MOVE_TO_FIELDDATA,PLC/HMI/SCADA backup candidate
02. Project Backup/Factory C/SSV_C_FA/SSV_HV_1/sdb/00000007/0000000e.PG,106,MOVE_TO_FIELDDATA,PLC/HMI/SCADA backup candidate
02. Project Backup/Factory C/SSV_C_FA/SSV_HV_1/sdb/00000007/0000000f.PG,106,MOVE_TO_FIELDDATA,PLC/HMI/SCADA backup candidate
02. Project Backup/Factory C/SSV_C_FA/SSV_HV_1/sdb/00000007/00000010.PG,106,MOVE_TO_FIELDDATA,PLC/HMI/SCADA backup candidate
02. Project Backup/Factory C/SSV_C_FA/SSV_HV_1/sdb/00000007/00000022.PG,806,MOVE_TO_FIELDDATA,PLC/HMI/SCADA backup candidate
02. Project Backup/Factory C/SSV_C_FA/SSV_HV_1/sdb/00000007/00000023.PG,696,MOVE_TO_FIELDDATA,PLC/HMI/SCADA backup candidate
02. Project Backup/Factory C/SSV_C_FA/SSV_HV_1/sdb/00000007/00000024.PG,2164,MOVE_TO_FIELDDATA,PLC/HMI/SCADA backup candidate
02. Project Backup/Factory C/SSV_C_FA/SSV_HV_1/sdb/00000007/00000025.PG,142,MOVE_TO_FIELDDATA,PLC/HMI/SCADA backup candidate
02. Project Backup/Factory C/SSV_C_FA/SSV_HV_1/sdb/00000007/00000026.PG,554,MOVE_TO_FIELDDATA,PLC/HMI/SCADA backup candidate
02. Project Backup/Factory C/SSV_C_FA/SSV_HV_1/sdb/00000007/00000027.PG,152,MOVE_TO_FIELDDATA,PLC/HMI/SCADA backup candidate
02. Project Backup/Factory C/SSV_C_FA/SSV_HV_1/sdb/00000007/00000028.PG,306,MOVE_TO_FIELDDATA,PLC/HMI/SCADA backup candidate
02. Project Backup/Factory C/SSV_C_FA/SSV_HV_1/sdb/00000007/00000029.PG,138,MOVE_TO_FIELDDATA,PLC/HMI/SCADA backup candidate
02. Project Backup/Factory C/SSV_C_FA/SSV_HV_1/sdb/00000007/0000002a.PG,598,MOVE_TO_FIELDDATA,PLC/HMI/SCADA backup candidate
02. Project Backup/Factory C/SSV_C_FA/SSV_HV_1/sdb/00000007/0000002b.PG,676,MOVE_TO_FIELDDATA,PLC/HMI/SCADA backup candidate
02. Project Backup/Factory C/SSV_C_FA/SSV_HV_1/sdb/00000007/0000002c.PG,246,MOVE_TO_FIELDDATA,PLC/HMI/SCADA backup candidate
02. Project Backup/Factory C/SSV_C_FA/SSV_HV_1/sdb/00000007/0000002d.PG,238,MOVE_TO_FIELDDATA,PLC/HMI/SCADA backup candidate
02. Project Backup/Factory C/SSV_C_FA/SSV_HV_1/sdb/00000007/link/00000007.DBF,414,MOVE_TO_FIELDDATA,PLC/HMI/SCADA backup candidate
02. Project Backup/Factory C/SSV_C_FA/SSV_HV_1/sdb/00000007/list/00000007.DBF,5349,MOVE_TO_FIELDDATA,PLC/HMI/SCADA backup candidate
02. Project Backup/Factory C/SSV_C_FA/SSV_HV_1/sdb/00000007/list/00000007.MDX,4096,MOVE_TO_FIELDDATA,PLC/HMI/SCADA backup candidate
02. Project Backup/Factory C/SSV_C_FA/SSV_HV_1/sdb/00000008/00000003.PG,650,MOVE_TO_FIELDDATA,PLC/HMI/SCADA backup candidate
02. Project Backup/Factory C/SSV_C_FA/SSV_HV_1/sdb/00000008/00000009.PG,338,MOVE_TO_FIELDDATA,PLC/HMI/SCADA backup candidate
02. Project Backup/Factory C/SSV_C_FA/SSV_HV_1/sdb/00000008/0000000a.PG,106,MOVE_TO_FIELDDATA,PLC/HMI/SCADA backup candidate
02. Project Backup/Factory C/SSV_C_FA/SSV_HV_1/sdb/00000008/0000000b.PG,106,MOVE_TO_FIELDDATA,PLC/HMI/SCADA backup candidate
02. Project Backup/Factory C/SSV_C_FA/SSV_HV_1/sdb/00000008/0000000c.PG,106,MOVE_TO_FIELDDATA,PLC/HMI/SCADA backup candidate
02. Project Backup/Factory C/SSV_C_FA/SSV_HV_1/sdb/00000008/0000000d.PG,106,MOVE_TO_FIELDDATA,PLC/HMI/SCADA backup candidate
02. Project Backup/Factory C/SSV_C_FA/SSV_HV_1/sdb/00000008/0000000e.PG,106,MOVE_TO_FIELDDATA,PLC/HMI/SCADA backup candidate
02. Project Backup/Factory C/SSV_C_FA/SSV_HV_1/sdb/00000008/0000000f.PG,106,MOVE_TO_FIELDDATA,PLC/HMI/SCADA backup candidate
02. Project Backup/Factory C/SSV_C_FA/SSV_HV_1/sdb/00000008/00000010.PG,106,MOVE_TO_FIELDDATA,PLC/HMI/SCADA backup candidate
02. Project Backup/Factory C/SSV_C_FA/SSV_HV_1/sdb/00000008/0000002e.PG,246,MOVE_TO_FIELDDATA,PLC/HMI/SCADA backup candidate
02. Project Backup/Factory C/SSV_C_FA/SSV_HV_1/sdb/00000008/0000002f.PG,740,MOVE_TO_FIELDDATA,PLC/HMI/SCADA backup candidate
02. Project Backup/Factory C/SSV_C_FA/SSV_HV_1/sdb/00000008/00000030.PG,650,MOVE_TO_FIELDDATA,PLC/HMI/SCADA backup candidate
02. Project Backup/Factory C/SSV_C_FA/SSV_HV_1/sdb/00000008/00000031.PG,138,MOVE_TO_FIELDDATA,PLC/HMI/SCADA backup candidate
02. Project Backup/Factory C/SSV_C_FA/SSV_HV_1/sdb/00000008/00000032.PG,306,MOVE_TO_FIELDDATA,PLC/HMI/SCADA backup candidate
02. Project Backup/Factory C/SSV_C_FA/SSV_HV_1/sdb/00000008/00000033.PG,152,MOVE_TO_FIELDDATA,PLC/HMI/SCADA backup candidate
02. Project Backup/Factory C/SSV_C_FA/SSV_HV_1/sdb/00000008/00000034.PG,554,MOVE_TO_FIELDDATA,PLC/HMI/SCADA backup candidate
02. Project Backup/Factory C/SSV_C_FA/SSV_HV_1/sdb/00000008/00000035.PG,142,MOVE_TO_FIELDDATA,PLC/HMI/SCADA backup candidate
02. Project Backup/Factory C/SSV_C_FA/SSV_HV_1/sdb/00000008/00000036.PG,2192,MOVE_TO_FIELDDATA,PLC/HMI/SCADA backup candidate
02. Project Backup/Factory C/SSV_C_FA/SSV_HV_1/sdb/00000008/00000037.PG,696,MOVE_TO_FIELDDATA,PLC/HMI/SCADA backup candidate
02. Project Backup/Factory C/SSV_C_FA/SSV_HV_1/sdb/00000008/00000038.PG,808,MOVE_TO_FIELDDATA,PLC/HMI/SCADA backup candidate
02. Project Backup/Factory C/SSV_C_FA/SSV_HV_1/sdb/00000008/00000039.PG,238,MOVE_TO_FIELDDATA,PLC/HMI/SCADA backup candidate
02. Project Backup/Factory C/SSV_C_FA/SSV_HV_1/sdb/00000008/link/00000008.DBF,414,MOVE_TO_FIELDDATA,PLC/HMI/SCADA backup candidate
02. Project Backup/Factory C/SSV_C_FA/SSV_HV_1/sdb/00000008/list/00000008.DBF,6681,MOVE_TO_FIELDDATA,PLC/HMI/SCADA backup candidate
02. Project Backup/Factory C/SSV_C_FA/SSV_HV_1/sdb/00000008/list/00000008.MDX,4096,MOVE_TO_FIELDDATA,PLC/HMI/SCADA backup candidate
02. Project Backup/Factory C/SSV_C_FA/SSV_HV_1/sdb/00000009/00000006.PG,106,MOVE_TO_FIELDDATA,PLC/HMI/SCADA backup candidate
02. Project Backup/Factory C/SSV_C_FA/SSV_HV_1/sdb/00000009/00000007.PG,106,MOVE_TO_FIELDDATA,PLC/HMI/SCADA backup candidate
02. Project Backup/Factory C/SSV_C_FA/SSV_HV_1/sdb/00000009/00000008.PG,106,MOVE_TO_FIELDDATA,PLC/HMI/SCADA backup candidate
02. Project Backup/Factory C/SSV_C_FA/SSV_HV_1/sdb/00000009/00000009.PG,106,MOVE_TO_FIELDDATA,PLC/HMI/SCADA backup candidate
02. Project Backup/Factory C/SSV_C_FA/SSV_HV_1/sdb/00000009/0000000a.PG,106,MOVE_TO_FIELDDATA,PLC/HMI/SCADA backup candidate
02. Project Backup/Factory C/SSV_C_FA/SSV_HV_1/sdb/00000009/0000000b.PG,106,MOVE_TO_FIELDDATA,PLC/HMI/SCADA backup candidate
02. Project Backup/Factory C/SSV_C_FA/SSV_HV_1/sdb/00000009/0000000c.PG,106,MOVE_TO_FIELDDATA,PLC/HMI/SCADA backup candidate
02. Project Backup/Factory C/SSV_C_FA/SSV_HV_1/sdb/00000009/0000000d.PG,338,MOVE_TO_FIELDDATA,PLC/HMI/SCADA backup candidate
02. Project Backup/Factory C/SSV_C_FA/SSV_HV_1/sdb/00000009/00000013.PG,650,MOVE_TO_FIELDDATA,PLC/HMI/SCADA backup candidate
02. Project Backup/Factory C/SSV_C_FA/SSV_HV_1/sdb/00000009/000000d6.PG,266,MOVE_TO_FIELDDATA,PLC/HMI/SCADA backup candidate
02. Project Backup/Factory C/SSV_C_FA/SSV_HV_1/sdb/00000009/000000d7.PG,806,MOVE_TO_FIELDDATA,PLC/HMI/SCADA backup candidate
02. Project Backup/Factory C/SSV_C_FA/SSV_HV_1/sdb/00000009/000000d8.PG,696,MOVE_TO_FIELDDATA,PLC/HMI/SCADA backup candidate
02. Project Backup/Factory C/SSV_C_FA/SSV_HV_1/sdb/00000009/000000d9.PG,2198,MOVE_TO_FIELDDATA,PLC/HMI/SCADA backup candidate
02. Project Backup/Factory C/SSV_C_FA/SSV_HV_1/sdb/00000009/000000da.PG,142,MOVE_TO_FIELDDATA,PLC/HMI/SCADA backup candidate
02. Project Backup/Factory C/SSV_C_FA/SSV_HV_1/sdb/00000009/000000db.PG,554,MOVE_TO_FIELDDATA,PLC/HMI/SCADA backup candidate
02. Project Backup/Factory C/SSV_C_FA/SSV_HV_1/sdb/00000009/000000dc.PG,152,MOVE_TO_FIELDDATA,PLC/HMI/SCADA backup candidate
02. Project Backup/Factory C/SSV_C_FA/SSV_HV_1/sdb/00000009/000000dd.PG,306,MOVE_TO_FIELDDATA,PLC/HMI/SCADA backup candidate
02. Project Backup/Factory C/SSV_C_FA/SSV_HV_1/sdb/00000009/000000de.PG,138,MOVE_TO_FIELDDATA,PLC/HMI/SCADA backup candidate
02. Project Backup/Factory C/SSV_C_FA/SSV_HV_1/sdb/00000009/000000df.PG,598,MOVE_TO_FIELDDATA,PLC/HMI/SCADA backup candidate
02. Project Backup/Factory C/SSV_C_FA/SSV_HV_1/sdb/00000009/000000e0.PG,352,MOVE_TO_FIELDDATA,PLC/HMI/SCADA backup candidate
02. Project Backup/Factory C/SSV_C_FA/SSV_HV_1/sdb/00000009/000000e1.PG,238,MOVE_TO_FIELDDATA,PLC/HMI/SCADA backup candidate
02. Project Backup/Factory C/SSV_C_FA/SSV_HV_1/sdb/00000009/link/00000009.DBF,414,MOVE_TO_FIELDDATA,PLC/HMI/SCADA backup candidate
02. Project Backup/Factory C/SSV_C_FA/SSV_HV_1/sdb/00000009/list/00000009.DBF,25329,MOVE_TO_FIELDDATA,PLC/HMI/SCADA backup candidate
02. Project Backup/Factory C/SSV_C_FA/SSV_HV_1/sdb/00000009/list/00000009.MDX,4096,MOVE_TO_FIELDDATA,PLC/HMI/SCADA backup candidate
02. Project Backup/Factory C/SSV_C_FA/SSV_HV_1/sdb/0000000a/00000001.PG,238,MOVE_TO_FIELDDATA,PLC/HMI/SCADA backup candidate
02. Project Backup/Factory C/SSV_C_FA/SSV_HV_1/sdb/0000000a/00000002.PG,138,MOVE_TO_FIELDDATA,PLC/HMI/SCADA backup candidate
02. Project Backup/Factory C/SSV_C_FA/SSV_HV_1/sdb/0000000a/00000003.PG,106,MOVE_TO_FIELDDATA,PLC/HMI/SCADA backup candidate
02. Project Backup/Factory C/SSV_C_FA/SSV_HV_1/sdb/0000000a/00000004.PG,142,MOVE_TO_FIELDDATA,PLC/HMI/SCADA backup candidate
02. Project Backup/Factory C/SSV_C_FA/SSV_HV_1/sdb/0000000a/00000005.PG,346,MOVE_TO_FIELDDATA,PLC/HMI/SCADA backup candidate
02. Project Backup/Factory C/SSV_C_FA/SSV_HV_1/sdb/0000000a/00000006.PG,152,MOVE_TO_FIELDDATA,PLC/HMI/SCADA backup candidate
02. Project Backup/Factory C/SSV_C_FA/SSV_HV_1/sdb/0000000a/00000007.PG,204,MOVE_TO_FIELDDATA,PLC/HMI/SCADA backup candidate
02. Project Backup/Factory C/SSV_C_FA/SSV_HV_1/sdb/0000000a/00000008.PG,2836,MOVE_TO_FIELDDATA,PLC/HMI/SCADA backup candidate
02. Project Backup/Factory C/SSV_C_FA/SSV_HV_1/sdb/0000000a/00000009.PG,878,MOVE_TO_FIELDDATA,PLC/HMI/SCADA backup candidate
02. Project Backup/Factory C/SSV_C_FA/SSV_HV_1/sdb/0000000a/0000000a.PG,696,MOVE_TO_FIELDDATA,PLC/HMI/SCADA backup candidate
02. Project Backup/Factory C/SSV_C_FA/SSV_HV_1/sdb/0000000a/0000000b.PG,306,MOVE_TO_FIELDDATA,PLC/HMI/SCADA backup candidate
02. Project Backup/Factory C/SSV_C_FA/SSV_HV_1/sdb/0000000a/0000000c.PG,820,MOVE_TO_FIELDDATA,PLC/HMI/SCADA backup candidate
02. Project Backup/Factory C/SSV_C_FA/SSV_HV_1/sdb/0000000a/link/0000000A.DBF,414,MOVE_TO_FIELDDATA,PLC/HMI/SCADA backup candidate
02. Project Backup/Factory C/SSV_C_FA/SSV_HV_1/sdb/0000000a/list/0000000A.DBF,1686,MOVE_TO_FIELDDATA,PLC/HMI/SCADA backup candidate
02. Project Backup/Factory C/SSV_C_FA/SSV_HV_1/sdb/0000000a/list/0000000A.MDX,4096,MOVE_TO_FIELDDATA,PLC/HMI/SCADA backup candidate
02. Project Backup/Factory C/SSV_C_FA/SSV_HV_1/sdb/0000000b/00000001.PG,238,MOVE_TO_FIELDDATA,PLC/HMI/SCADA backup candidate
02. Project Backup/Factory C/SSV_C_FA/SSV_HV_1/sdb/0000000b/00000002.PG,246,MOVE_TO_FIELDDATA,PLC/HMI/SCADA backup candidate
02. Project Backup/Factory C/SSV_C_FA/SSV_HV_1/sdb/0000000b/00000003.PG,676,MOVE_TO_FIELDDATA,PLC/HMI/SCADA backup candidate
02. Project Backup/Factory C/SSV_C_FA/SSV_HV_1/sdb/0000000b/00000004.PG,598,MOVE_TO_FIELDDATA,PLC/HMI/SCADA backup candidate
02. Project Backup/Factory C/SSV_C_FA/SSV_HV_1/sdb/0000000b/00000005.PG,138,MOVE_TO_FIELDDATA,PLC/HMI/SCADA backup candidate
02. Project Backup/Factory C/SSV_C_FA/SSV_HV_1/sdb/0000000b/00000006.PG,306,MOVE_TO_FIELDDATA,PLC/HMI/SCADA backup candidate
02. Project Backup/Factory C/SSV_C_FA/SSV_HV_1/sdb/0000000b/00000007.PG,152,MOVE_TO_FIELDDATA,PLC/HMI/SCADA backup candidate
02. Project Backup/Factory C/SSV_C_FA/SSV_HV_1/sdb/0000000b/00000008.PG,554,MOVE_TO_FIELDDATA,PLC/HMI/SCADA backup candidate
02. Project Backup/Factory C/SSV_C_FA/SSV_HV_1/sdb/0000000b/00000009.PG,142,MOVE_TO_FIELDDATA,PLC/HMI/SCADA backup candidate
02. Project Backup/Factory C/SSV_C_FA/SSV_HV_1/sdb/0000000b/0000000a.PG,2164,MOVE_TO_FIELDDATA,PLC/HMI/SCADA backup candidate
02. Project Backup/Factory C/SSV_C_FA/SSV_HV_1/sdb/0000000b/0000000b.PG,696,MOVE_TO_FIELDDATA,PLC/HMI/SCADA backup candidate
02. Project Backup/Factory C/SSV_C_FA/SSV_HV_1/sdb/0000000b/0000000c.PG,806,MOVE_TO_FIELDDATA,PLC/HMI/SCADA backup candidate
02. Project Backup/Factory C/SSV_C_FA/SSV_HV_1/sdb/0000000b/0000000d.PG,106,MOVE_TO_FIELDDATA,PLC/HMI/SCADA backup candidate
02. Project Backup/Factory C/SSV_C_FA/SSV_HV_1/sdb/0000000b/0000000e.PG,106,MOVE_TO_FIELDDATA,PLC/HMI/SCADA backup candidate
02. Project Backup/Factory C/SSV_C_FA/SSV_HV_1/sdb/0000000b/0000000f.PG,106,MOVE_TO_FIELDDATA,PLC/HMI/SCADA backup candidate
02. Project Backup/Factory C/SSV_C_FA/SSV_HV_1/sdb/0000000b/00000010.PG,106,MOVE_TO_FIELDDATA,PLC/HMI/SCADA backup candidate
02. Project Backup/Factory C/SSV_C_FA/SSV_HV_1/sdb/0000000b/00000011.PG,106,MOVE_TO_FIELDDATA,PLC/HMI/SCADA backup candidate
02. Project Backup/Factory C/SSV_C_FA/SSV_HV_1/sdb/0000000b/00000012.PG,106,MOVE_TO_FIELDDATA,PLC/HMI/SCADA backup candidate
02. Project Backup/Factory C/SSV_C_FA/SSV_HV_1/sdb/0000000b/00000013.PG,106,MOVE_TO_FIELDDATA,PLC/HMI/SCADA backup candidate
02. Project Backup/Factory C/SSV_C_FA/SSV_HV_1/sdb/0000000b/00000014.PG,338,MOVE_TO_FIELDDATA,PLC/HMI/SCADA backup candidate
02. Project Backup/Factory C/SSV_C_FA/SSV_HV_1/sdb/0000000b/00000015.PG,650,MOVE_TO_FIELDDATA,PLC/HMI/SCADA backup candidate
02. Project Backup/Factory C/SSV_C_FA/SSV_HV_1/sdb/0000000b/link/0000000B.DBF,414,MOVE_TO_FIELDDATA,PLC/HMI/SCADA backup candidate
02. Project Backup/Factory C/SSV_C_FA/SSV_HV_1/sdb/0000000b/list/0000000B.DBF,2685,MOVE_TO_FIELDDATA,PLC/HMI/SCADA backup candidate
02. Project Backup/Factory C/SSV_C_FA/SSV_HV_1/sdb/0000000b/list/0000000B.MDX,4096,MOVE_TO_FIELDDATA,PLC/HMI/SCADA backup candidate
02. Project Backup/Factory C/SSV_C_FA/SSV_HV_1/sdb/S0112001.DBF,899,MOVE_TO_FIELDDATA,PLC/HMI/SCADA backup candidate
02. Project Backup/Factory C/SSV_C_FA/SSV_HV_1/sdb/S0112001.MDX,4096,MOVE_TO_FIELDDATA,PLC/HMI/SCADA backup candidate
02. Project Backup/Factory C/SSV_C_FA/SSV_HV_1/sdb/sdblast.id,8,MOVE_TO_FIELDDATA,PLC/HMI/SCADA backup candidate
02. Project Backup/Factory C/SSV_C_FA/SSV_HV_1/sdb/sdblock.lck,0,MOVE_TO_FIELDDATA,PLC/HMI/SCADA backup candidate
02. Project Backup/Factory C/SSV_C_FA/SSV_HV_1/SSV_HVAC.s7p,103,MOVE_TO_FIELDDATA,PLC/HMI/SCADA backup candidate
02. Project Backup/Factory C/SSV_C_FA/SSV_HV_1/SSV_HVAC.S7S,0,MOVE_TO_FIELDDATA,PLC/HMI/SCADA backup candidate
02. Project Backup/Factory C/SSV_C_FA/SSV_HV_1/XUTILS/BS000002.lck,0,MOVE_TO_FIELDDATA,PLC/HMI/SCADA backup candidate
02. Project Backup/Factory C/SSV_C_FA/SSV_HV_1/XUTILS/BS000003.lck,0,MOVE_TO_FIELDDATA,PLC/HMI/SCADA backup candidate
02. Project Backup/Factory C/SSV_C_FA/SSV_HV_1/XUTILS/BS000004.lck,0,MOVE_TO_FIELDDATA,PLC/HMI/SCADA backup candidate
02. Project Backup/Factory C/SSV_C_FA/SSV_HV_1/XUTILS/BS000005.lck,0,MOVE_TO_FIELDDATA,PLC/HMI/SCADA backup candidate
02. Project Backup/Factory C/SSV_C_FA/SSV_HV_1/XUTILS/BS000006.lck,0,MOVE_TO_FIELDDATA,PLC/HMI/SCADA backup candidate
02. Project Backup/Factory C/SSV_C_FA/SSV_HV_1/XUTILS/BS112001.DBF,743,MOVE_TO_FIELDDATA,PLC/HMI/SCADA backup candidate
02. Project Backup/Factory C/SSV_C_FA/SSV_HV_1/XUTILS/BS112001.MDX,4096,MOVE_TO_FIELDDATA,PLC/HMI/SCADA backup candidate
02. Project Backup/Factory C/SSV_C_FA/SSV_HV_1/XUTILS/BSlstlck.lck,0,MOVE_TO_FIELDDATA,PLC/HMI/SCADA backup candidate
02. Project Backup/Factory C/SSV_C_FA/SSV_HV_1/XUTILS/BstlID.ubs,4,MOVE_TO_FIELDDATA,PLC/HMI/SCADA backup candidate
02. Project Backup/Factory C/SSV_C_FA/SSV_HV_1/XUTILS/CT112001.DBF,706,MOVE_TO_FIELDDATA,PLC/HMI/SCADA backup candidate
02. Project Backup/Factory C/SSV_C_FA/SSV_HV_1/XUTILS/CT112001.MDX,4096,MOVE_TO_FIELDDATA,PLC/HMI/SCADA backup candidate
02. Project Backup/Factory C/SSV_C_FA/SSV_HV_1/XUTILS/CtlistID.uct,4,MOVE_TO_FIELDDATA,PLC/HMI/SCADA backup candidate
02. Project Backup/Factory C/SSV_C_FA/SSV_HV_1/XUTILS/CTlstlck.lck,0,MOVE_TO_FIELDDATA,PLC/HMI/SCADA backup candidate
02. Project Backup/Factory C/SSV_C_FA/SSV_HV_1/XUTILS/links/BSL00002.DBF,414,MOVE_TO_FIELDDATA,PLC/HMI/SCADA backup candidate
02. Project Backup/Factory C/SSV_C_FA/SSV_HV_1/XUTILS/links/BSL00003.DBF,414,MOVE_TO_FIELDDATA,PLC/HMI/SCADA backup candidate
02. Project Backup/Factory C/SSV_C_FA/SSV_HV_1/XUTILS/links/BSL00004.DBF,414,MOVE_TO_FIELDDATA,PLC/HMI/SCADA backup candidate
02. Project Backup/Factory C/SSV_C_FA/SSV_HV_1/XUTILS/links/BSL00005.DBF,414,MOVE_TO_FIELDDATA,PLC/HMI/SCADA backup candidate
02. Project Backup/Factory C/SSV_C_FA/SSV_HV_1/XUTILS/links/BSL00006.DBF,414,MOVE_TO_FIELDDATA,PLC/HMI/SCADA backup candidate
02. Project Backup/Factory C/SSV_C_FA/SSV_HV_1/XUTILS/links/CTL00002.DBF,414,MOVE_TO_FIELDDATA,PLC/HMI/SCADA backup candidate
02. Project Backup/Factory C/SSV_C_FA/SSV_HV_1/XUTILS/links/CTL00003.DBF,414,MOVE_TO_FIELDDATA,PLC/HMI/SCADA backup candidate
02. Project Backup/Factory C/SSV_C_FA/SSV_HV_1/XUTILS/links/CTL00004.DBF,414,MOVE_TO_FIELDDATA,PLC/HMI/SCADA backup candidate
02. Project Backup/Factory C/SSV_C_FA/SSV_HV_1/XUTILS/links/CTL00005.DBF,414,MOVE_TO_FIELDDATA,PLC/HMI/SCADA backup candidate
02. Project Backup/Factory C/SSV_C_FA/SSV_HV_1/XUTILS/links/CTL00006.DBF,414,MOVE_TO_FIELDDATA,PLC/HMI/SCADA backup candidate
02. Project Backup/Factory C/SSV_C_FA/SSV_HV_1/XUTILS/links/XRL00002.DBF,414,MOVE_TO_FIELDDATA,PLC/HMI/SCADA backup candidate
02. Project Backup/Factory C/SSV_C_FA/SSV_HV_1/XUTILS/links/XRL00003.DBF,414,MOVE_TO_FIELDDATA,PLC/HMI/SCADA backup candidate
02. Project Backup/Factory C/SSV_C_FA/SSV_HV_1/XUTILS/links/XRL00004.DBF,414,MOVE_TO_FIELDDATA,PLC/HMI/SCADA backup candidate
02. Project Backup/Factory C/SSV_C_FA/SSV_HV_1/XUTILS/links/XRL00005.DBF,414,MOVE_TO_FIELDDATA,PLC/HMI/SCADA backup candidate
02. Project Backup/Factory C/SSV_C_FA/SSV_HV_1/XUTILS/links/XRL00006.DBF,414,MOVE_TO_FIELDDATA,PLC/HMI/SCADA backup candidate
02. Project Backup/Factory C/SSV_C_FA/SSV_HV_1/XUTILS/listen/BS000002.DBF,2240,MOVE_TO_FIELDDATA,PLC/HMI/SCADA backup candidate
02. Project Backup/Factory C/SSV_C_FA/SSV_HV_1/XUTILS/listen/BS000002.MDX,6144,MOVE_TO_FIELDDATA,PLC/HMI/SCADA backup candidate
02. Project Backup/Factory C/SSV_C_FA/SSV_HV_1/XUTILS/listen/BS000003.DBF,340,MOVE_TO_FIELDDATA,PLC/HMI/SCADA backup candidate
02. Project Backup/Factory C/SSV_C_FA/SSV_HV_1/XUTILS/listen/BS000003.MDX,6144,MOVE_TO_FIELDDATA,PLC/HMI/SCADA backup candidate
02. Project Backup/Factory C/SSV_C_FA/SSV_HV_1/XUTILS/listen/BS000004.DBF,640,MOVE_TO_FIELDDATA,PLC/HMI/SCADA backup candidate
02. Project Backup/Factory C/SSV_C_FA/SSV_HV_1/XUTILS/listen/BS000004.MDX,6144,MOVE_TO_FIELDDATA,PLC/HMI/SCADA backup candidate
02. Project Backup/Factory C/SSV_C_FA/SSV_HV_1/XUTILS/listen/BS000005.DBF,740,MOVE_TO_FIELDDATA,PLC/HMI/SCADA backup candidate
02. Project Backup/Factory C/SSV_C_FA/SSV_HV_1/XUTILS/listen/BS000005.MDX,6144,MOVE_TO_FIELDDATA,PLC/HMI/SCADA backup candidate
02. Project Backup/Factory C/SSV_C_FA/SSV_HV_1/XUTILS/listen/BS000006.DBF,2240,MOVE_TO_FIELDDATA,PLC/HMI/SCADA backup candidate
02. Project Backup/Factory C/SSV_C_FA/SSV_HV_1/XUTILS/listen/BS000006.MDX,6144,MOVE_TO_FIELDDATA,PLC/HMI/SCADA backup candidate
02. Project Backup/Factory C/SSV_C_FA/SSV_HV_1/XUTILS/listen/CT000002.DBF,24844,MOVE_TO_FIELDDATA,PLC/HMI/SCADA backup candidate
02. Project Backup/Factory C/SSV_C_FA/SSV_HV_1/XUTILS/listen/CT000002.MDX,28672,MOVE_TO_FIELDDATA,PLC/HMI/SCADA backup candidate
02. Project Backup/Factory C/SSV_C_FA/SSV_HV_1/XUTILS/listen/CT000003.DBF,4075,MOVE_TO_FIELDDATA,PLC/HMI/SCADA backup candidate
02. Project Backup/Factory C/SSV_C_FA/SSV_HV_1/XUTILS/listen/CT000003.MDX,8192,MOVE_TO_FIELDDATA,PLC/HMI/SCADA backup candidate
02. Project Backup/Factory C/SSV_C_FA/SSV_HV_1/XUTILS/listen/CT000004.DBF,18496,MOVE_TO_FIELDDATA,PLC/HMI/SCADA backup candidate
02. Project Backup/Factory C/SSV_C_FA/SSV_HV_1/XUTILS/listen/CT000004.MDX,24576,MOVE_TO_FIELDDATA,PLC/HMI/SCADA backup candidate
02. Project Backup/Factory C/SSV_C_FA/SSV_HV_1/XUTILS/listen/CT000005.DBF,11320,MOVE_TO_FIELDDATA,PLC/HMI/SCADA backup candidate
02. Project Backup/Factory C/SSV_C_FA/SSV_HV_1/XUTILS/listen/CT000005.MDX,16384,MOVE_TO_FIELDDATA,PLC/HMI/SCADA backup candidate
02. Project Backup/Factory C/SSV_C_FA/SSV_HV_1/XUTILS/listen/CT000006.DBF,24844,MOVE_TO_FIELDDATA,PLC/HMI/SCADA backup candidate
02. Project Backup/Factory C/SSV_C_FA/SSV_HV_1/XUTILS/listen/CT000006.MDX,28672,MOVE_TO_FIELDDATA,PLC/HMI/SCADA backup candidate
02. Project Backup/Factory C/SSV_C_FA/SSV_HV_1/XUTILS/listen/XR000002.DBF,384106,MOVE_TO_FIELDDATA,PLC/HMI/SCADA backup candidate
02. Project Backup/Factory C/SSV_C_FA/SSV_HV_1/XUTILS/listen/XR000002.DBT,24,MOVE_TO_FIELDDATA,PLC/HMI/SCADA backup candidate
02. Project Backup/Factory C/SSV_C_FA/SSV_HV_1/XUTILS/listen/XR000002.MDX,505856,MOVE_TO_FIELDDATA,PLC/HMI/SCADA backup candidate
02. Project Backup/Factory C/SSV_C_FA/SSV_HV_1/XUTILS/listen/XR000003.DBF,29614,MOVE_TO_FIELDDATA,PLC/HMI/SCADA backup candidate
02. Project Backup/Factory C/SSV_C_FA/SSV_HV_1/XUTILS/listen/XR000003.DBT,24,MOVE_TO_FIELDDATA,PLC/HMI/SCADA backup candidate
02. Project Backup/Factory C/SSV_C_FA/SSV_HV_1/XUTILS/listen/XR000003.MDX,51200,MOVE_TO_FIELDDATA,PLC/HMI/SCADA backup candidate
02. Project Backup/Factory C/SSV_C_FA/SSV_HV_1/XUTILS/listen/XR000004.DBF,268092,MOVE_TO_FIELDDATA,PLC/HMI/SCADA backup candidate
02. Project Backup/Factory C/SSV_C_FA/SSV_HV_1/XUTILS/listen/XR000004.DBT,24,MOVE_TO_FIELDDATA,PLC/HMI/SCADA backup candidate
02. Project Backup/Factory C/SSV_C_FA/SSV_HV_1/XUTILS/listen/XR000004.MDX,410624,MOVE_TO_FIELDDATA,PLC/HMI/SCADA backup candidate
02. Project Backup/Factory C/SSV_C_FA/SSV_HV_1/XUTILS/listen/XR000005.DBF,220104,MOVE_TO_FIELDDATA,PLC/HMI/SCADA backup candidate
02. Project Backup/Factory C/SSV_C_FA/SSV_HV_1/XUTILS/listen/XR000005.DBT,24,MOVE_TO_FIELDDATA,PLC/HMI/SCADA backup candidate
02. Project Backup/Factory C/SSV_C_FA/SSV_HV_1/XUTILS/listen/XR000005.MDX,297984,MOVE_TO_FIELDDATA,PLC/HMI/SCADA backup candidate
02. Project Backup/Factory C/SSV_C_FA/SSV_HV_1/XUTILS/listen/XR000006.DBF,384278,MOVE_TO_FIELDDATA,PLC/HMI/SCADA backup candidate
02. Project Backup/Factory C/SSV_C_FA/SSV_HV_1/XUTILS/listen/XR000006.DBT,5632,MOVE_TO_FIELDDATA,PLC/HMI/SCADA backup candidate
02. Project Backup/Factory C/SSV_C_FA/SSV_HV_1/XUTILS/listen/XR000006.MDX,563200,MOVE_TO_FIELDDATA,PLC/HMI/SCADA backup candidate
02. Project Backup/Factory C/SSV_C_FA/SSV_HV_1/XUTILS/XR112001.DBF,706,MOVE_TO_FIELDDATA,PLC/HMI/SCADA backup candidate
02. Project Backup/Factory C/SSV_C_FA/SSV_HV_1/XUTILS/XR112001.MDX,4096,MOVE_TO_FIELDDATA,PLC/HMI/SCADA backup candidate
02. Project Backup/Factory C/SSV_C_FA/SSV_HV_1/XUTILS/XRlistID.uxt,4,MOVE_TO_FIELDDATA,PLC/HMI/SCADA backup candidate
02. Project Backup/Factory C/SSV_C_FA/SSV_HV_1/XUTILS/XRlstlck.lck,0,MOVE_TO_FIELDDATA,PLC/HMI/SCADA backup candidate
02. Project Backup/Factory C/SSV_C_FA/SSV_HV_1/YDBs/13190/SYMLIST.DBF,15988,MOVE_TO_FIELDDATA,PLC/HMI/SCADA backup candidate
02. Project Backup/Factory C/SSV_C_FA/SSV_HV_1/YDBs/13190/Symlist.id,4,MOVE_TO_FIELDDATA,PLC/HMI/SCADA backup candidate
02. Project Backup/Factory C/SSV_C_FA/SSV_HV_1/YDBs/13190/SYMLIST.MDX,16384,MOVE_TO_FIELDDATA,PLC/HMI/SCADA backup candidate
02. Project Backup/Factory C/SSV_C_FA/SSV_HV_1/YDBs/2751/SYMLIST.DBF,16598,MOVE_TO_FIELDDATA,PLC/HMI/SCADA backup candidate
02. Project Backup/Factory C/SSV_C_FA/SSV_HV_1/YDBs/2751/Symlist.id,4,MOVE_TO_FIELDDATA,PLC/HMI/SCADA backup candidate
02. Project Backup/Factory C/SSV_C_FA/SSV_HV_1/YDBs/2751/SYMLIST.MDX,16384,MOVE_TO_FIELDDATA,PLC/HMI/SCADA backup candidate
02. Project Backup/Factory C/SSV_C_FA/SSV_HV_1/YDBs/3673/SYMLIST.DBF,24833,MOVE_TO_FIELDDATA,PLC/HMI/SCADA backup candidate
02. Project Backup/Factory C/SSV_C_FA/SSV_HV_1/YDBs/3673/Symlist.id,4,MOVE_TO_FIELDDATA,PLC/HMI/SCADA backup candidate
02. Project Backup/Factory C/SSV_C_FA/SSV_HV_1/YDBs/3673/SYMLIST.MDX,24576,MOVE_TO_FIELDDATA,PLC/HMI/SCADA backup candidate
02. Project Backup/Factory C/SSV_C_FA/SSV_HV_1/YDBs/3790/SYMLIST.DBF,23918,MOVE_TO_FIELDDATA,PLC/HMI/SCADA backup candidate
02. Project Backup/Factory C/SSV_C_FA/SSV_HV_1/YDBs/3790/Symlist.id,4,MOVE_TO_FIELDDATA,PLC/HMI/SCADA backup candidate
02. Project Backup/Factory C/SSV_C_FA/SSV_HV_1/YDBs/3790/SYMLIST.MDX,24576,MOVE_TO_FIELDDATA,PLC/HMI/SCADA backup candidate
02. Project Backup/Factory C/SSV_C_FA/SSV_HV_1/YDBs/3836/SYMLIST.DBF,15683,MOVE_TO_FIELDDATA,PLC/HMI/SCADA backup candidate
02. Project Backup/Factory C/SSV_C_FA/SSV_HV_1/YDBs/3836/Symlist.id,4,MOVE_TO_FIELDDATA,PLC/HMI/SCADA backup candidate
02. Project Backup/Factory C/SSV_C_FA/SSV_HV_1/YDBs/3836/SYMLIST.MDX,16384,MOVE_TO_FIELDDATA,PLC/HMI/SCADA backup candidate
02. Project Backup/Factory C/SSV_C_FA/SSV_HV_1/YDBs/4081/SYMLIST.DBF,15378,MOVE_TO_FIELDDATA,PLC/HMI/SCADA backup candidate
02. Project Backup/Factory C/SSV_C_FA/SSV_HV_1/YDBs/4081/Symlist.id,4,MOVE_TO_FIELDDATA,PLC/HMI/SCADA backup candidate
02. Project Backup/Factory C/SSV_C_FA/SSV_HV_1/YDBs/4081/SYMLIST.MDX,16384,MOVE_TO_FIELDDATA,PLC/HMI/SCADA backup candidate
02. Project Backup/Factory C/SSV_C_FA/SSV_HV_1/YDBs/4114/SYMLIST.DBF,16293,MOVE_TO_FIELDDATA,PLC/HMI/SCADA backup candidate
02. Project Backup/Factory C/SSV_C_FA/SSV_HV_1/YDBs/4114/Symlist.id,4,MOVE_TO_FIELDDATA,PLC/HMI/SCADA backup candidate
02. Project Backup/Factory C/SSV_C_FA/SSV_HV_1/YDBs/4114/SYMLIST.MDX,16384,MOVE_TO_FIELDDATA,PLC/HMI/SCADA backup candidate
02. Project Backup/Factory C/SSV_C_FA/SSV_HV_1/YDBs/4153/SYMLIST.DBF,17208,MOVE_TO_FIELDDATA,PLC/HMI/SCADA backup candidate
02. Project Backup/Factory C/SSV_C_FA/SSV_HV_1/YDBs/4153/Symlist.id,4,MOVE_TO_FIELDDATA,PLC/HMI/SCADA backup candidate
02. Project Backup/Factory C/SSV_C_FA/SSV_HV_1/YDBs/4153/SYMLIST.MDX,16384,MOVE_TO_FIELDDATA,PLC/HMI/SCADA backup candidate
02. Project Backup/Factory C/SSV_C_FA/SSV_HV_1/YDBs/4241/SYMLIST.DBF,15683,MOVE_TO_FIELDDATA,PLC/HMI/SCADA backup candidate
02. Project Backup/Factory C/SSV_C_FA/SSV_HV_1/YDBs/4241/Symlist.id,4,MOVE_TO_FIELDDATA,PLC/HMI/SCADA backup candidate
02. Project Backup/Factory C/SSV_C_FA/SSV_HV_1/YDBs/4241/SYMLIST.MDX,16384,MOVE_TO_FIELDDATA,PLC/HMI/SCADA backup candidate
02. Project Backup/Factory C/SSV_C_FA/SSV_HV_1/YDBs/4277/SYMLIST.DBF,15683,MOVE_TO_FIELDDATA,PLC/HMI/SCADA backup candidate
02. Project Backup/Factory C/SSV_C_FA/SSV_HV_1/YDBs/4277/Symlist.id,4,MOVE_TO_FIELDDATA,PLC/HMI/SCADA backup candidate
02. Project Backup/Factory C/SSV_C_FA/SSV_HV_1/YDBs/4277/SYMLIST.MDX,16384,MOVE_TO_FIELDDATA,PLC/HMI/SCADA backup candidate
02. Project Backup/Factory C/SSV_C_FA/SSV_HV_1/YDBs/9633/SYMLIST.DBF,8668,MOVE_TO_FIELDDATA,PLC/HMI/SCADA backup candidate
02. Project Backup/Factory C/SSV_C_FA/SSV_HV_1/YDBs/9633/Symlist.id,4,MOVE_TO_FIELDDATA,PLC/HMI/SCADA backup candidate
02. Project Backup/Factory C/SSV_C_FA/SSV_HV_1/YDBs/9633/SYMLIST.MDX,12288,MOVE_TO_FIELDDATA,PLC/HMI/SCADA backup candidate
02. Project Backup/Factory C/SSV_C_FA/SSV_HV_1/YDBs/SYMLISTS.DBF,8339,MOVE_TO_FIELDDATA,PLC/HMI/SCADA backup candidate
02. Project Backup/Factory C/SSV_C_FA/SSV_HV_1/YDBs/SYMLISTS.MDX,6144,MOVE_TO_FIELDDATA,PLC/HMI/SCADA backup candidate
02. Project Backup/Factory C/SSV_C_FA/SSV_HV_1/YDBs/YLNKLIST.DBF,1896,MOVE_TO_FIELDDATA,PLC/HMI/SCADA backup candidate
02. Project Backup/Factory C/SSV_C_FA/XUTILS/BS000005.lck,0,MOVE_TO_FIELDDATA,PLC/HMI/SCADA backup candidate
02. Project Backup/Factory C/SSV_C_FA/XUTILS/BS000009.lck,0,MOVE_TO_FIELDDATA,PLC/HMI/SCADA backup candidate
02. Project Backup/Factory C/SSV_C_FA/XUTILS/BS00000a.lck,0,MOVE_TO_FIELDDATA,PLC/HMI/SCADA backup candidate
02. Project Backup/Factory C/SSV_C_FA/XUTILS/BS00000b.lck,0,MOVE_TO_FIELDDATA,PLC/HMI/SCADA backup candidate
02. Project Backup/Factory C/SSV_C_FA/XUTILS/BS00000c.lck,0,MOVE_TO_FIELDDATA,PLC/HMI/SCADA backup candidate
02. Project Backup/Factory C/SSV_C_FA/XUTILS/BS112001.DBF,1325,MOVE_TO_FIELDDATA,PLC/HMI/SCADA backup candidate
02. Project Backup/Factory C/SSV_C_FA/XUTILS/BS112001.MDX,4096,MOVE_TO_FIELDDATA,PLC/HMI/SCADA backup candidate
02. Project Backup/Factory C/SSV_C_FA/XUTILS/BSlstlck.lck,0,MOVE_TO_FIELDDATA,PLC/HMI/SCADA backup candidate
02. Project Backup/Factory C/SSV_C_FA/XUTILS/BstlID.ubs,4,MOVE_TO_FIELDDATA,PLC/HMI/SCADA backup candidate
02. Project Backup/Factory C/SSV_C_FA/XUTILS/CT112001.DBF,1282,MOVE_TO_FIELDDATA,PLC/HMI/SCADA backup candidate
02. Project Backup/Factory C/SSV_C_FA/XUTILS/CT112001.MDX,4096,MOVE_TO_FIELDDATA,PLC/HMI/SCADA backup candidate
02. Project Backup/Factory C/SSV_C_FA/XUTILS/CtlistID.uct,4,MOVE_TO_FIELDDATA,PLC/HMI/SCADA backup candidate
02. Project Backup/Factory C/SSV_C_FA/XUTILS/CTlstlck.lck,0,MOVE_TO_FIELDDATA,PLC/HMI/SCADA backup candidate
02. Project Backup/Factory C/SSV_C_FA/XUTILS/links/BSL00005.DBF,414,MOVE_TO_FIELDDATA,PLC/HMI/SCADA backup candidate
02. Project Backup/Factory C/SSV_C_FA/XUTILS/links/BSL00009.DBF,414,MOVE_TO_FIELDDATA,PLC/HMI/SCADA backup candidate
02. Project Backup/Factory C/SSV_C_FA/XUTILS/links/BSL0000A.DBF,414,MOVE_TO_FIELDDATA,PLC/HMI/SCADA backup candidate
02. Project Backup/Factory C/SSV_C_FA/XUTILS/links/BSL0000B.DBF,414,MOVE_TO_FIELDDATA,PLC/HMI/SCADA backup candidate
02. Project Backup/Factory C/SSV_C_FA/XUTILS/links/BSL0000C.DBF,414,MOVE_TO_FIELDDATA,PLC/HMI/SCADA backup candidate
02. Project Backup/Factory C/SSV_C_FA/XUTILS/links/CTL00005.DBF,414,MOVE_TO_FIELDDATA,PLC/HMI/SCADA backup candidate
02. Project Backup/Factory C/SSV_C_FA/XUTILS/links/CTL00009.DBF,414,MOVE_TO_FIELDDATA,PLC/HMI/SCADA backup candidate
02. Project Backup/Factory C/SSV_C_FA/XUTILS/links/CTL0000A.DBF,414,MOVE_TO_FIELDDATA,PLC/HMI/SCADA backup candidate
02. Project Backup/Factory C/SSV_C_FA/XUTILS/links/CTL0000B.DBF,414,MOVE_TO_FIELDDATA,PLC/HMI/SCADA backup candidate
02. Project Backup/Factory C/SSV_C_FA/XUTILS/links/CTL0000C.DBF,414,MOVE_TO_FIELDDATA,PLC/HMI/SCADA backup candidate
02. Project Backup/Factory C/SSV_C_FA/XUTILS/links/XRL00005.DBF,414,MOVE_TO_FIELDDATA,PLC/HMI/SCADA backup candidate
02. Project Backup/Factory C/SSV_C_FA/XUTILS/links/XRL00009.DBF,414,MOVE_TO_FIELDDATA,PLC/HMI/SCADA backup candidate
02. Project Backup/Factory C/SSV_C_FA/XUTILS/links/XRL0000A.DBF,414,MOVE_TO_FIELDDATA,PLC/HMI/SCADA backup candidate
02. Project Backup/Factory C/SSV_C_FA/XUTILS/links/XRL0000B.DBF,414,MOVE_TO_FIELDDATA,PLC/HMI/SCADA backup candidate
02. Project Backup/Factory C/SSV_C_FA/XUTILS/links/XRL0000C.DBF,414,MOVE_TO_FIELDDATA,PLC/HMI/SCADA backup candidate
02. Project Backup/Factory C/SSV_C_FA/XUTILS/listen/BS000005.DBF,2240,MOVE_TO_FIELDDATA,PLC/HMI/SCADA backup candidate
02. Project Backup/Factory C/SSV_C_FA/XUTILS/listen/BS000005.MDX,6144,MOVE_TO_FIELDDATA,PLC/HMI/SCADA backup candidate
02. Project Backup/Factory C/SSV_C_FA/XUTILS/listen/BS000009.DBF,1840,MOVE_TO_FIELDDATA,PLC/HMI/SCADA backup candidate
02. Project Backup/Factory C/SSV_C_FA/XUTILS/listen/BS000009.MDX,6144,MOVE_TO_FIELDDATA,PLC/HMI/SCADA backup candidate
02. Project Backup/Factory C/SSV_C_FA/XUTILS/listen/BS00000a.DBF,1790,MOVE_TO_FIELDDATA,PLC/HMI/SCADA backup candidate
02. Project Backup/Factory C/SSV_C_FA/XUTILS/listen/BS00000a.MDX,6144,MOVE_TO_FIELDDATA,PLC/HMI/SCADA backup candidate
02. Project Backup/Factory C/SSV_C_FA/XUTILS/listen/BS00000b.DBF,1340,MOVE_TO_FIELDDATA,PLC/HMI/SCADA backup candidate
02. Project Backup/Factory C/SSV_C_FA/XUTILS/listen/BS00000b.MDX,6144,MOVE_TO_FIELDDATA,PLC/HMI/SCADA backup candidate
02. Project Backup/Factory C/SSV_C_FA/XUTILS/listen/BS00000c.DBF,940,MOVE_TO_FIELDDATA,PLC/HMI/SCADA backup candidate
02. Project Backup/Factory C/SSV_C_FA/XUTILS/listen/BS00000c.MDX,6144,MOVE_TO_FIELDDATA,PLC/HMI/SCADA backup candidate
02. Project Backup/Factory C/SSV_C_FA/XUTILS/listen/CT000005.DBF,36574,MOVE_TO_FIELDDATA,PLC/HMI/SCADA backup candidate
02. Project Backup/Factory C/SSV_C_FA/XUTILS/listen/CT000005.MDX,39936,MOVE_TO_FIELDDATA,PLC/HMI/SCADA backup candidate
02. Project Backup/Factory C/SSV_C_FA/XUTILS/listen/CT000009.DBF,39058,MOVE_TO_FIELDDATA,PLC/HMI/SCADA backup candidate
02. Project Backup/Factory C/SSV_C_FA/XUTILS/listen/CT000009.MDX,39936,MOVE_TO_FIELDDATA,PLC/HMI/SCADA backup candidate
02. Project Backup/Factory C/SSV_C_FA/XUTILS/listen/CT00000a.DBF,37057,MOVE_TO_FIELDDATA,PLC/HMI/SCADA backup candidate
02. Project Backup/Factory C/SSV_C_FA/XUTILS/listen/CT00000a.MDX,39936,MOVE_TO_FIELDDATA,PLC/HMI/SCADA backup candidate
02. Project Backup/Factory C/SSV_C_FA/XUTILS/listen/CT00000b.DBF,34021,MOVE_TO_FIELDDATA,PLC/HMI/SCADA backup candidate
02. Project Backup/Factory C/SSV_C_FA/XUTILS/listen/CT00000b.MDX,43008,MOVE_TO_FIELDDATA,PLC/HMI/SCADA backup candidate
02. Project Backup/Factory C/SSV_C_FA/XUTILS/listen/CT00000c.DBF,25465,MOVE_TO_FIELDDATA,PLC/HMI/SCADA backup candidate
02. Project Backup/Factory C/SSV_C_FA/XUTILS/listen/CT00000c.MDX,32768,MOVE_TO_FIELDDATA,PLC/HMI/SCADA backup candidate
02. Project Backup/Factory C/SSV_C_FA/XUTILS/listen/XR000005.DBF,553870,MOVE_TO_FIELDDATA,PLC/HMI/SCADA backup candidate
02. Project Backup/Factory C/SSV_C_FA/XUTILS/listen/XR000005.DBT,3584,MOVE_TO_FIELDDATA,PLC/HMI/SCADA backup candidate
02. Project Backup/Factory C/SSV_C_FA/XUTILS/listen/XR000005.MDX,791552,MOVE_TO_FIELDDATA,PLC/HMI/SCADA backup candidate
02. Project Backup/Factory C/SSV_C_FA/XUTILS/listen/XR000009.DBF,615446,MOVE_TO_FIELDDATA,PLC/HMI/SCADA backup candidate
02. Project Backup/Factory C/SSV_C_FA/XUTILS/listen/XR000009.DBT,3584,MOVE_TO_FIELDDATA,PLC/HMI/SCADA backup candidate
02. Project Backup/Factory C/SSV_C_FA/XUTILS/listen/XR000009.MDX,806912,MOVE_TO_FIELDDATA,PLC/HMI/SCADA backup candidate
02. Project Backup/Factory C/SSV_C_FA/XUTILS/listen/XR00000a.DBF,569264,MOVE_TO_FIELDDATA,PLC/HMI/SCADA backup candidate
02. Project Backup/Factory C/SSV_C_FA/XUTILS/listen/XR00000a.DBT,3584,MOVE_TO_FIELDDATA,PLC/HMI/SCADA backup candidate
02. Project Backup/Factory C/SSV_C_FA/XUTILS/listen/XR00000a.MDX,801792,MOVE_TO_FIELDDATA,PLC/HMI/SCADA backup candidate
02. Project Backup/Factory C/SSV_C_FA/XUTILS/listen/XR00000b.DBF,628260,MOVE_TO_FIELDDATA,PLC/HMI/SCADA backup candidate
02. Project Backup/Factory C/SSV_C_FA/XUTILS/listen/XR00000b.DBT,24,MOVE_TO_FIELDDATA,PLC/HMI/SCADA backup candidate
02. Project Backup/Factory C/SSV_C_FA/XUTILS/listen/XR00000b.MDX,869376,MOVE_TO_FIELDDATA,PLC/HMI/SCADA backup candidate
02. Project Backup/Factory C/SSV_C_FA/XUTILS/listen/XR00000c.DBF,484640,MOVE_TO_FIELDDATA,PLC/HMI/SCADA backup candidate
02. Project Backup/Factory C/SSV_C_FA/XUTILS/listen/XR00000c.DBT,24,MOVE_TO_FIELDDATA,PLC/HMI/SCADA backup candidate
02. Project Backup/Factory C/SSV_C_FA/XUTILS/listen/XR00000c.MDX,733184,MOVE_TO_FIELDDATA,PLC/HMI/SCADA backup candidate
02. Project Backup/Factory C/SSV_C_FA/XUTILS/XR112001.DBF,1282,MOVE_TO_FIELDDATA,PLC/HMI/SCADA backup candidate
02. Project Backup/Factory C/SSV_C_FA/XUTILS/XR112001.MDX,4096,MOVE_TO_FIELDDATA,PLC/HMI/SCADA backup candidate
02. Project Backup/Factory C/SSV_C_FA/XUTILS/XRlistID.uxt,4,MOVE_TO_FIELDDATA,PLC/HMI/SCADA backup candidate
02. Project Backup/Factory C/SSV_C_FA/XUTILS/XRlstlck.lck,0,MOVE_TO_FIELDDATA,PLC/HMI/SCADA backup candidate
02. Project Backup/Factory C/SSV_C_FA/YDBs/12084/SYMLIST.DBF,15988,MOVE_TO_FIELDDATA,PLC/HMI/SCADA backup candidate
02. Project Backup/Factory C/SSV_C_FA/YDBs/12084/Symlist.id,4,MOVE_TO_FIELDDATA,PLC/HMI/SCADA backup candidate
02. Project Backup/Factory C/SSV_C_FA/YDBs/12084/SYMLIST.MDX,16384,MOVE_TO_FIELDDATA,PLC/HMI/SCADA backup candidate
02. Project Backup/Factory C/SSV_C_FA/YDBs/18877/SYMLIST.DBF,16598,MOVE_TO_FIELDDATA,PLC/HMI/SCADA backup candidate
02. Project Backup/Factory C/SSV_C_FA/YDBs/18877/Symlist.id,4,MOVE_TO_FIELDDATA,PLC/HMI/SCADA backup candidate
02. Project Backup/Factory C/SSV_C_FA/YDBs/18877/SYMLIST.MDX,16384,MOVE_TO_FIELDDATA,PLC/HMI/SCADA backup candidate
02. Project Backup/Factory C/SSV_C_FA/YDBs/19969/SYMLIST.DBF,15073,MOVE_TO_FIELDDATA,PLC/HMI/SCADA backup candidate
02. Project Backup/Factory C/SSV_C_FA/YDBs/19969/Symlist.id,4,MOVE_TO_FIELDDATA,PLC/HMI/SCADA backup candidate
02. Project Backup/Factory C/SSV_C_FA/YDBs/19969/SYMLIST.MDX,16384,MOVE_TO_FIELDDATA,PLC/HMI/SCADA backup candidate
02. Project Backup/Factory C/SSV_C_FA/YDBs/4294/SYMLIST.DBF,19343,MOVE_TO_FIELDDATA,PLC/HMI/SCADA backup candidate
02. Project Backup/Factory C/SSV_C_FA/YDBs/4294/Symlist.id,4,MOVE_TO_FIELDDATA,PLC/HMI/SCADA backup candidate
02. Project Backup/Factory C/SSV_C_FA/YDBs/4294/SYMLIST.MDX,16384,MOVE_TO_FIELDDATA,PLC/HMI/SCADA backup candidate
02. Project Backup/Factory C/SSV_C_FA/YDBs/9633/SYMLIST.DBF,24833,MOVE_TO_FIELDDATA,PLC/HMI/SCADA backup candidate
02. Project Backup/Factory C/SSV_C_FA/YDBs/9633/Symlist.id,4,MOVE_TO_FIELDDATA,PLC/HMI/SCADA backup candidate
02. Project Backup/Factory C/SSV_C_FA/YDBs/9633/SYMLIST.MDX,22528,MOVE_TO_FIELDDATA,PLC/HMI/SCADA backup candidate
02. Project Backup/Factory C/SSV_C_FA/YDBs/SYMLISTS.DBF,4001,MOVE_TO_FIELDDATA,PLC/HMI/SCADA backup candidate
02. Project Backup/Factory C/SSV_C_FA/YDBs/SYMLISTS.MDX,6144,MOVE_TO_FIELDDATA,PLC/HMI/SCADA backup candidate
02. Project Backup/Factory C/SSV_C_FA/YDBs/YLNKLIST.DBF,2676,MOVE_TO_FIELDDATA,PLC/HMI/SCADA backup candidate
02. Project Backup/LA.opf,401705,MOVE_TO_FIELDDATA,PLC/HMI/SCADA backup candidate
02. Project Backup/OPC_2021_10_02.csv,1635,MOVE_TO_FIELDDATA,PLC/HMI/SCADA backup candidate
02. Project Backup/PLC Backup F.A.zip,17090544,MOVE_TO_FIELDDATA,PLC/HMI/SCADA backup candidate
02. Project Backup/PLC Backup F.A/PLC Backup F.A/PLC_H/Analog_A_M.SRC,1154384,MOVE_TO_FIELDDATA,PLC/HMI/SCADA backup candidate
02. Project Backup/PLC Backup F.A/PLC Backup F.A/PLC_H/Analog_Alarm.SRC,1849360,MOVE_TO_FIELDDATA,PLC/HMI/SCADA backup candidate
02. Project Backup/PLC Backup F.A/PLC Backup F.A/PLC_H/Analog_In.SRC,381536,MOVE_TO_FIELDDATA,PLC/HMI/SCADA backup candidate
02. Project Backup/PLC Backup F.A/PLC Backup F.A/PLC_H/Analog_Out.SRC,287648,MOVE_TO_FIELDDATA,PLC/HMI/SCADA backup candidate
02. Project Backup/PLC Backup F.A/PLC Backup F.A/PLC_H/Auto_AHU101.SRC,104384,MOVE_TO_FIELDDATA,PLC/HMI/SCADA backup candidate
02. Project Backup/PLC Backup F.A/PLC Backup F.A/PLC_H/Auto_AHU102.SRC,104384,MOVE_TO_FIELDDATA,PLC/HMI/SCADA backup candidate
02. Project Backup/PLC Backup F.A/PLC Backup F.A/PLC_H/Auto_AHU103.SRC,104384,MOVE_TO_FIELDDATA,PLC/HMI/SCADA backup candidate
02. Project Backup/PLC Backup F.A/PLC Backup F.A/PLC_H/Auto_AHU104.SRC,96128,MOVE_TO_FIELDDATA,PLC/HMI/SCADA backup candidate
02. Project Backup/PLC Backup F.A/PLC Backup F.A/PLC_H/Auto_AHU105.SRC,96128,MOVE_TO_FIELDDATA,PLC/HMI/SCADA backup candidate
02. Project Backup/PLC Backup F.A/PLC Backup F.A/PLC_H/Auto_AHU106.SRC,104384,MOVE_TO_FIELDDATA,PLC/HMI/SCADA backup candidate
02. Project Backup/PLC Backup F.A/PLC Backup F.A/PLC_H/BAK/INFO/PLC_H_20241227183928S.FBI,265328,MOVE_TO_FIELDDATA,PLC/HMI/SCADA backup candidate
02. Project Backup/PLC Backup F.A/PLC Backup F.A/PLC_H/BAK/INFO/PLC_H_20250609192631S.FBI,265328,MOVE_TO_FIELDDATA,PLC/HMI/SCADA backup candidate
02. Project Backup/PLC Backup F.A/PLC Backup F.A/PLC_H/BAK/INFO/PLC_H_20250609193620S.FBI,265328,MOVE_TO_FIELDDATA,PLC/HMI/SCADA backup candidate
02. Project Backup/PLC Backup F.A/PLC Backup F.A/PLC_H/BAK/INFO/PLC_H_20250609204250S.FBI,265328,MOVE_TO_FIELDDATA,PLC/HMI/SCADA backup candidate
02. Project Backup/PLC Backup F.A/PLC Backup F.A/PLC_H/BAK/INFO/PLC_H_20250610130424S.FBI,265328,MOVE_TO_FIELDDATA,PLC/HMI/SCADA backup candidate
02. Project Backup/PLC Backup F.A/PLC Backup F.A/PLC_H/BAK/INFO/PLC_H_20250610131506S.FBI,265328,MOVE_TO_FIELDDATA,PLC/HMI/SCADA backup candidate
02. Project Backup/PLC Backup F.A/PLC Backup F.A/PLC_H/BAK/INFO/PLC_H_20250610221255S.FBI,265328,MOVE_TO_FIELDDATA,PLC/HMI/SCADA backup candidate
02. Project Backup/PLC Backup F.A/PLC Backup F.A/PLC_H/BAK/INFO/PLC_H_20250610221614S.FBI,265328,MOVE_TO_FIELDDATA,PLC/HMI/SCADA backup candidate
02. Project Backup/PLC Backup F.A/PLC Backup F.A/PLC_H/CMTPGM000.SRC,64102,MOVE_TO_FIELDDATA,PLC/HMI/SCADA backup candidate
02. Project Backup/PLC Backup F.A/PLC Backup F.A/PLC_H/CMTPGM001.SRC,64146,MOVE_TO_FIELDDATA,PLC/HMI/SCADA backup candidate
02. Project Backup/PLC Backup F.A/PLC Backup F.A/PLC_H/CMTPGM002.SRC,22062,MOVE_TO_FIELDDATA,PLC/HMI/SCADA backup candidate
02. Project Backup/PLC Backup F.A/PLC Backup F.A/PLC_H/CMTPGM003.SRC,134,MOVE_TO_FIELDDATA,PLC/HMI/SCADA backup candidate
02. Project Backup/PLC Backup F.A/PLC Backup F.A/PLC_H/CMTPGM004.SRC,134,MOVE_TO_FIELDDATA,PLC/HMI/SCADA backup candidate
02. Project Backup/PLC Backup F.A/PLC Backup F.A/PLC_H/Digital_A_M.SRC,747312,MOVE_TO_FIELDDATA,PLC/HMI/SCADA backup candidate
02. Project Backup/PLC Backup F.A/PLC Backup F.A/PLC_H/Digital_In.SRC,102464,MOVE_TO_FIELDDATA,PLC/HMI/SCADA backup candidate
02. Project Backup/PLC Backup F.A/PLC Backup F.A/PLC_H/Digital_Out.SRC,34704,MOVE_TO_FIELDDATA,PLC/HMI/SCADA backup candidate
02. Project Backup/PLC Backup F.A/PLC Backup F.A/PLC_H/DO_AO_Map.SRC,8624,MOVE_TO_FIELDDATA,PLC/HMI/SCADA backup candidate
02. Project Backup/PLC Backup F.A/PLC Backup F.A/PLC_H/Init.SRC,67008,MOVE_TO_FIELDDATA,PLC/HMI/SCADA backup candidate
02. Project Backup/PLC Backup F.A/PLC Backup F.A/PLC_H/PLC_H.CLG,8306,MOVE_TO_FIELDDATA,PLC/HMI/SCADA backup candidate
02. Project Backup/PLC Backup F.A/PLC Backup F.A/PLC_H/PLC_H.DAM,6077,MOVE_TO_FIELDDATA,PLC/HMI/SCADA backup candidate
02. Project Backup/PLC Backup F.A/PLC Backup F.A/PLC_H/PLC_H.FBI,265328,MOVE_TO_FIELDDATA,PLC/HMI/SCADA backup candidate
02. Project Backup/PLC Backup F.A/PLC Backup F.A/PLC_H/PLC_H.FBIBUFF,265328,MOVE_TO_FIELDDATA,PLC/HMI/SCADA backup candidate
02. Project Backup/PLC Backup F.A/PLC Backup F.A/PLC_H/PLC_H.PAR,12352,MOVE_TO_FIELDDATA,PLC/HMI/SCADA backup candidate
02. Project Backup/PLC Backup F.A/PLC Backup F.A/PLC_H/PLC_H.PLC,2416,MOVE_TO_FIELDDATA,PLC/HMI/SCADA backup candidate
02. Project Backup/PLC Backup F.A/PLC Backup F.A/PLC_H/PLC_H.PPI,160,MOVE_TO_FIELDDATA,PLC/HMI/SCADA backup candidate
02. Project Backup/PLC Backup F.A/PLC Backup F.A/PLC_H/PLC_H.VAR,172496,MOVE_TO_FIELDDATA,PLC/HMI/SCADA backup candidate
02. Project Backup/PLC Backup F.A/PLC Backup F.A/PLC_H/PLC_H/PLC_H.CLG,706,MOVE_TO_FIELDDATA,PLC/HMI/SCADA backup candidate
02. Project Backup/PLC Backup F.A/PLC Backup F.A/PLC_H/Upload/Pbt072.Up,64,MOVE_TO_FIELDDATA,PLC/HMI/SCADA backup candidate
02. Project Backup/PLC Backup F.A/PLC Backup F.A/PLC_H/Valve_PID.SRC,252336,MOVE_TO_FIELDDATA,PLC/HMI/SCADA backup candidate
02. Project Backup/PLC Backup F.A/PLC Backup F.A/PLC_M/Analog_A_M.SRC,864,MOVE_TO_FIELDDATA,PLC/HMI/SCADA backup candidate
02. Project Backup/PLC Backup F.A/PLC Backup F.A/PLC_M/Analog_Alarm.SRC,193264,MOVE_TO_FIELDDATA,PLC/HMI/SCADA backup candidate
02. Project Backup/PLC Backup F.A/PLC Backup F.A/PLC_M/Analog_In.SRC,54096,MOVE_TO_FIELDDATA,PLC/HMI/SCADA backup candidate
02. Project Backup/PLC Backup F.A/PLC Backup F.A/PLC_M/Analog_Out.SRC,19040,MOVE_TO_FIELDDATA,PLC/HMI/SCADA backup candidate
02. Project Backup/PLC Backup F.A/PLC Backup F.A/PLC_M/BAK/INFO/PLC_M2_20241227190029S.FBI,265328,MOVE_TO_FIELDDATA,PLC/HMI/SCADA backup candidate
02. Project Backup/PLC Backup F.A/PLC Backup F.A/PLC_M/CMTPGM000.SRC,12762,MOVE_TO_FIELDDATA,PLC/HMI/SCADA backup candidate
02. Project Backup/PLC Backup F.A/PLC Backup F.A/PLC_M/Init.SRC,70368,MOVE_TO_FIELDDATA,PLC/HMI/SCADA backup candidate
02. Project Backup/PLC Backup F.A/PLC Backup F.A/PLC_M/Pgm005.SPC,208,MOVE_TO_FIELDDATA,PLC/HMI/SCADA backup candidate
02. Project Backup/PLC Backup F.A/PLC Backup F.A/PLC_M/PLC_M2.CLG,1884,MOVE_TO_FIELDDATA,PLC/HMI/SCADA backup candidate
02. Project Backup/PLC Backup F.A/PLC Backup F.A/PLC_M/PLC_M2.DAM,6077,MOVE_TO_FIELDDATA,PLC/HMI/SCADA backup candidate
02. Project Backup/PLC Backup F.A/PLC Backup F.A/PLC_M/PLC_M2.FBI,265328,MOVE_TO_FIELDDATA,PLC/HMI/SCADA backup candidate
02. Project Backup/PLC Backup F.A/PLC Backup F.A/PLC_M/PLC_M2.PAR,12352,MOVE_TO_FIELDDATA,PLC/HMI/SCADA backup candidate
02. Project Backup/PLC Backup F.A/PLC Backup F.A/PLC_M/PLC_M2.PLC,1888,MOVE_TO_FIELDDATA,PLC/HMI/SCADA backup candidate
02. Project Backup/PLC Backup F.A/PLC Backup F.A/PLC_M/PLC_M2.PPI,92,MOVE_TO_FIELDDATA,PLC/HMI/SCADA backup candidate
02. Project Backup/PLC Backup F.A/PLC Backup F.A/PLC_M/PLC_M2.VAR,240,MOVE_TO_FIELDDATA,PLC/HMI/SCADA backup candidate
02. Project Backup/PLC Backup F.A/PLC Backup F.A/PLC_M/Upload/Pbt005.Up,64,MOVE_TO_FIELDDATA,PLC/HMI/SCADA backup candidate
02. Project Backup/PLC Backup F.A/PLC Backup F.A/PLC_U/Analog_A_M.SRC,186432,MOVE_TO_FIELDDATA,PLC/HMI/SCADA backup candidate
02. Project Backup/PLC Backup F.A/PLC Backup F.A/PLC_U/Analog_Alarm.SRC,652928,MOVE_TO_FIELDDATA,PLC/HMI/SCADA backup candidate
02. Project Backup/PLC Backup F.A/PLC Backup F.A/PLC_U/Analog_In.SRC,172560,MOVE_TO_FIELDDATA,PLC/HMI/SCADA backup candidate
02. Project Backup/PLC Backup F.A/PLC Backup F.A/PLC_U/Analog_Out.SRC,54640,MOVE_TO_FIELDDATA,PLC/HMI/SCADA backup candidate
02. Project Backup/PLC Backup F.A/PLC Backup F.A/PLC_U/Auto_AC_Heat.SRC,1680,MOVE_TO_FIELDDATA,PLC/HMI/SCADA backup candidate
02. Project Backup/PLC Backup F.A/PLC Backup F.A/PLC_U/Auto_Chiller.SRC,40528,MOVE_TO_FIELDDATA,PLC/HMI/SCADA backup candidate
02. Project Backup/PLC Backup F.A/PLC Backup F.A/PLC_U/Auto_Comp.SRC,19056,MOVE_TO_FIELDDATA,PLC/HMI/SCADA backup candidate
02. Project Backup/PLC Backup F.A/PLC Backup F.A/PLC_U/Auto_Heating.SRC,17888,MOVE_TO_FIELDDATA,PLC/HMI/SCADA backup candidate
02. Project Backup/PLC Backup F.A/PLC Backup F.A/PLC_U/Auto_PCW.SRC,224208,MOVE_TO_FIELDDATA,PLC/HMI/SCADA backup candidate
02. Project Backup/PLC Backup F.A/PLC Backup F.A/PLC_U/Auto_Vacuum.SRC,19056,MOVE_TO_FIELDDATA,PLC/HMI/SCADA backup candidate
02. Project Backup/PLC Backup F.A/PLC Backup F.A/PLC_U/BAK/INFO/PLC_U_20241227184334S.FBI,265328,MOVE_TO_FIELDDATA,PLC/HMI/SCADA backup candidate
02. Project Backup/PLC Backup F.A/PLC Backup F.A/PLC_U/BAK/INFO/PLC_U_20250505145130S.FBI,265328,MOVE_TO_FIELDDATA,PLC/HMI/SCADA backup candidate
02. Project Backup/PLC Backup F.A/PLC Backup F.A/PLC_U/BAK/INFO/PLC_U_20250505154249S.FBI,265328,MOVE_TO_FIELDDATA,PLC/HMI/SCADA backup candidate
02. Project Backup/PLC Backup F.A/PLC Backup F.A/PLC_U/BAK/INFO/PLC_U_20250505191641S.FBI,265328,MOVE_TO_FIELDDATA,PLC/HMI/SCADA backup candidate
02. Project Backup/PLC Backup F.A/PLC Backup F.A/PLC_U/BAK/INFO/PLC_U_20250505205644S.FBI,265328,MOVE_TO_FIELDDATA,PLC/HMI/SCADA backup candidate
02. Project Backup/PLC Backup F.A/PLC Backup F.A/PLC_U/BAK/INFO/PLC_U_20250511124554S.FBI,265328,MOVE_TO_FIELDDATA,PLC/HMI/SCADA backup candidate
02. Project Backup/PLC Backup F.A/PLC Backup F.A/PLC_U/BAK/INFO/PLC_U_20250511131124S.FBI,265328,MOVE_TO_FIELDDATA,PLC/HMI/SCADA backup candidate
02. Project Backup/PLC Backup F.A/PLC Backup F.A/PLC_U/BAK/INFO/PLC_U_20250511134235S.FBI,265328,MOVE_TO_FIELDDATA,PLC/HMI/SCADA backup candidate
02. Project Backup/PLC Backup F.A/PLC Backup F.A/PLC_U/BAK/INFO/PLC_U_20250511141328S.FBI,265328,MOVE_TO_FIELDDATA,PLC/HMI/SCADA backup candidate
02. Project Backup/PLC Backup F.A/PLC Backup F.A/PLC_U/BAK/INFO/PLC_U_20250604092015S.FBI,265328,MOVE_TO_FIELDDATA,PLC/HMI/SCADA backup candidate
02. Project Backup/PLC Backup F.A/PLC Backup F.A/PLC_U/CDA.SRC,6016,MOVE_TO_FIELDDATA,PLC/HMI/SCADA backup candidate
02. Project Backup/PLC Backup F.A/PLC Backup F.A/PLC_U/CH_Alarm.SRC,1849904,MOVE_TO_FIELDDATA,PLC/HMI/SCADA backup candidate
02. Project Backup/PLC Backup F.A/PLC Backup F.A/PLC_U/CMTPGM000.SRC,64058,MOVE_TO_FIELDDATA,PLC/HMI/SCADA backup candidate
02. Project Backup/PLC Backup F.A/PLC Backup F.A/PLC_U/CMTPGM001.SRC,39930,MOVE_TO_FIELDDATA,PLC/HMI/SCADA backup candidate
02. Project Backup/PLC Backup F.A/PLC Backup F.A/PLC_U/CMTPGM002.SRC,134,MOVE_TO_FIELDDATA,PLC/HMI/SCADA backup candidate
02. Project Backup/PLC Backup F.A/PLC Backup F.A/PLC_U/CMTPGM003.SRC,134,MOVE_TO_FIELDDATA,PLC/HMI/SCADA backup candidate
02. Project Backup/PLC Backup F.A/PLC Backup F.A/PLC_U/CMTPGM004.SRC,134,MOVE_TO_FIELDDATA,PLC/HMI/SCADA backup candidate
02. Project Backup/PLC Backup F.A/PLC Backup F.A/PLC_U/COMP_ALARM.SRC,570896,MOVE_TO_FIELDDATA,PLC/HMI/SCADA backup candidate
02. Project Backup/PLC Backup F.A/PLC Backup F.A/PLC_U/Digital_A_M.SRC,924272,MOVE_TO_FIELDDATA,PLC/HMI/SCADA backup candidate
02. Project Backup/PLC Backup F.A/PLC Backup F.A/PLC_U/Digital_In.SRC,173120,MOVE_TO_FIELDDATA,PLC/HMI/SCADA backup candidate
02. Project Backup/PLC Backup F.A/PLC Backup F.A/PLC_U/Digital_Out.SRC,73616,MOVE_TO_FIELDDATA,PLC/HMI/SCADA backup candidate
02. Project Backup/PLC Backup F.A/PLC Backup F.A/PLC_U/DO_AO_MAP.SRC,10320,MOVE_TO_FIELDDATA,PLC/HMI/SCADA backup candidate
02. Project Backup/PLC Backup F.A/PLC Backup F.A/PLC_U/Flow_Total.SRC,864,MOVE_TO_FIELDDATA,PLC/HMI/SCADA backup candidate
02. Project Backup/PLC Backup F.A/PLC Backup F.A/PLC_U/Init.SRC,73280,MOVE_TO_FIELDDATA,PLC/HMI/SCADA backup candidate
02. Project Backup/PLC Backup F.A/PLC Backup F.A/PLC_U/Monitor/Loop0_MV.PML,1080,MOVE_TO_FIELDDATA,PLC/HMI/SCADA backup candidate
02. Project Backup/PLC Backup F.A/PLC Backup F.A/PLC_U/Monitor/Loop0_PV.PML,1080,MOVE_TO_FIELDDATA,PLC/HMI/SCADA backup candidate
02. Project Backup/PLC Backup F.A/PLC Backup F.A/PLC_U/Monitor/Loop0_SV.PML,1080,MOVE_TO_FIELDDATA,PLC/HMI/SCADA backup candidate
02. Project Backup/PLC Backup F.A/PLC Backup F.A/PLC_U/Monitor/Loop1_MV.PML,1080,MOVE_TO_FIELDDATA,PLC/HMI/SCADA backup candidate
02. Project Backup/PLC Backup F.A/PLC Backup F.A/PLC_U/Monitor/Loop1_PV.PML,1080,MOVE_TO_FIELDDATA,PLC/HMI/SCADA backup candidate
02. Project Backup/PLC Backup F.A/PLC Backup F.A/PLC_U/Monitor/Loop1_SV.PML,1080,MOVE_TO_FIELDDATA,PLC/HMI/SCADA backup candidate
02. Project Backup/PLC Backup F.A/PLC Backup F.A/PLC_U/Monitor/Loop10_MV.PML,1080,MOVE_TO_FIELDDATA,PLC/HMI/SCADA backup candidate
02. Project Backup/PLC Backup F.A/PLC Backup F.A/PLC_U/Monitor/Loop10_PV.PML,1080,MOVE_TO_FIELDDATA,PLC/HMI/SCADA backup candidate
02. Project Backup/PLC Backup F.A/PLC Backup F.A/PLC_U/Monitor/Loop10_SV.PML,1080,MOVE_TO_FIELDDATA,PLC/HMI/SCADA backup candidate
02. Project Backup/PLC Backup F.A/PLC Backup F.A/PLC_U/Monitor/Loop11_MV.PML,1080,MOVE_TO_FIELDDATA,PLC/HMI/SCADA backup candidate
02. Project Backup/PLC Backup F.A/PLC Backup F.A/PLC_U/Monitor/Loop11_PV.PML,1080,MOVE_TO_FIELDDATA,PLC/HMI/SCADA backup candidate
02. Project Backup/PLC Backup F.A/PLC Backup F.A/PLC_U/Monitor/Loop11_SV.PML,1080,MOVE_TO_FIELDDATA,PLC/HMI/SCADA backup candidate
02. Project Backup/PLC Backup F.A/PLC Backup F.A/PLC_U/Monitor/Loop12_MV.PML,1080,MOVE_TO_FIELDDATA,PLC/HMI/SCADA backup candidate
02. Project Backup/PLC Backup F.A/PLC Backup F.A/PLC_U/Monitor/Loop12_PV.PML,1080,MOVE_TO_FIELDDATA,PLC/HMI/SCADA backup candidate
02. Project Backup/PLC Backup F.A/PLC Backup F.A/PLC_U/Monitor/Loop12_SV.PML,1080,MOVE_TO_FIELDDATA,PLC/HMI/SCADA backup candidate
02. Project Backup/PLC Backup F.A/PLC Backup F.A/PLC_U/Monitor/Loop13_MV.PML,1080,MOVE_TO_FIELDDATA,PLC/HMI/SCADA backup candidate
02. Project Backup/PLC Backup F.A/PLC Backup F.A/PLC_U/Monitor/Loop13_PV.PML,1080,MOVE_TO_FIELDDATA,PLC/HMI/SCADA backup candidate
02. Project Backup/PLC Backup F.A/PLC Backup F.A/PLC_U/Monitor/Loop13_SV.PML,1080,MOVE_TO_FIELDDATA,PLC/HMI/SCADA backup candidate
02. Project Backup/PLC Backup F.A/PLC Backup F.A/PLC_U/Monitor/Loop14_MV.PML,1080,MOVE_TO_FIELDDATA,PLC/HMI/SCADA backup candidate
02. Project Backup/PLC Backup F.A/PLC Backup F.A/PLC_U/Monitor/Loop14_PV.PML,1080,MOVE_TO_FIELDDATA,PLC/HMI/SCADA backup candidate
02. Project Backup/PLC Backup F.A/PLC Backup F.A/PLC_U/Monitor/Loop14_SV.PML,1080,MOVE_TO_FIELDDATA,PLC/HMI/SCADA backup candidate
02. Project Backup/PLC Backup F.A/PLC Backup F.A/PLC_U/Monitor/Loop15_MV.PML,1080,MOVE_TO_FIELDDATA,PLC/HMI/SCADA backup candidate
02. Project Backup/PLC Backup F.A/PLC Backup F.A/PLC_U/Monitor/Loop15_PV.PML,1080,MOVE_TO_FIELDDATA,PLC/HMI/SCADA backup candidate
02. Project Backup/PLC Backup F.A/PLC Backup F.A/PLC_U/Monitor/Loop15_SV.PML,1080,MOVE_TO_FIELDDATA,PLC/HMI/SCADA backup candidate
02. Project Backup/PLC Backup F.A/PLC Backup F.A/PLC_U/Monitor/Loop16_MV.PML,1080,MOVE_TO_FIELDDATA,PLC/HMI/SCADA backup candidate
02. Project Backup/PLC Backup F.A/PLC Backup F.A/PLC_U/Monitor/Loop16_PV.PML,1080,MOVE_TO_FIELDDATA,PLC/HMI/SCADA backup candidate
02. Project Backup/PLC Backup F.A/PLC Backup F.A/PLC_U/Monitor/Loop16_SV.PML,1080,MOVE_TO_FIELDDATA,PLC/HMI/SCADA backup candidate
02. Project Backup/PLC Backup F.A/PLC Backup F.A/PLC_U/Monitor/Loop17_MV.PML,1080,MOVE_TO_FIELDDATA,PLC/HMI/SCADA backup candidate
02. Project Backup/PLC Backup F.A/PLC Backup F.A/PLC_U/Monitor/Loop17_PV.PML,1080,MOVE_TO_FIELDDATA,PLC/HMI/SCADA backup candidate
02. Project Backup/PLC Backup F.A/PLC Backup F.A/PLC_U/Monitor/Loop17_SV.PML,1080,MOVE_TO_FIELDDATA,PLC/HMI/SCADA backup candidate
02. Project Backup/PLC Backup F.A/PLC Backup F.A/PLC_U/Monitor/Loop18_MV.PML,1080,MOVE_TO_FIELDDATA,PLC/HMI/SCADA backup candidate
02. Project Backup/PLC Backup F.A/PLC Backup F.A/PLC_U/Monitor/Loop18_PV.PML,1080,MOVE_TO_FIELDDATA,PLC/HMI/SCADA backup candidate
02. Project Backup/PLC Backup F.A/PLC Backup F.A/PLC_U/Monitor/Loop18_SV.PML,1080,MOVE_TO_FIELDDATA,PLC/HMI/SCADA backup candidate
02. Project Backup/PLC Backup F.A/PLC Backup F.A/PLC_U/Monitor/Loop19_MV.PML,1080,MOVE_TO_FIELDDATA,PLC/HMI/SCADA backup candidate
02. Project Backup/PLC Backup F.A/PLC Backup F.A/PLC_U/Monitor/Loop19_PV.PML,1080,MOVE_TO_FIELDDATA,PLC/HMI/SCADA backup candidate
02. Project Backup/PLC Backup F.A/PLC Backup F.A/PLC_U/Monitor/Loop19_SV.PML,1080,MOVE_TO_FIELDDATA,PLC/HMI/SCADA backup candidate
02. Project Backup/PLC Backup F.A/PLC Backup F.A/PLC_U/Monitor/Loop2_MV.PML,1080,MOVE_TO_FIELDDATA,PLC/HMI/SCADA backup candidate
02. Project Backup/PLC Backup F.A/PLC Backup F.A/PLC_U/Monitor/Loop2_PV.PML,1080,MOVE_TO_FIELDDATA,PLC/HMI/SCADA backup candidate
02. Project Backup/PLC Backup F.A/PLC Backup F.A/PLC_U/Monitor/Loop2_SV.PML,1080,MOVE_TO_FIELDDATA,PLC/HMI/SCADA backup candidate
02. Project Backup/PLC Backup F.A/PLC Backup F.A/PLC_U/Monitor/Loop3_MV.PML,1080,MOVE_TO_FIELDDATA,PLC/HMI/SCADA backup candidate
02. Project Backup/PLC Backup F.A/PLC Backup F.A/PLC_U/Monitor/Loop3_PV.PML,1080,MOVE_TO_FIELDDATA,PLC/HMI/SCADA backup candidate
02. Project Backup/PLC Backup F.A/PLC Backup F.A/PLC_U/Monitor/Loop3_SV.PML,1080,MOVE_TO_FIELDDATA,PLC/HMI/SCADA backup candidate
02. Project Backup/PLC Backup F.A/PLC Backup F.A/PLC_U/Monitor/Loop4_MV.PML,1080,MOVE_TO_FIELDDATA,PLC/HMI/SCADA backup candidate
02. Project Backup/PLC Backup F.A/PLC Backup F.A/PLC_U/Monitor/Loop4_PV.PML,1080,MOVE_TO_FIELDDATA,PLC/HMI/SCADA backup candidate
02. Project Backup/PLC Backup F.A/PLC Backup F.A/PLC_U/Monitor/Loop4_SV.PML,1080,MOVE_TO_FIELDDATA,PLC/HMI/SCADA backup candidate
02. Project Backup/PLC Backup F.A/PLC Backup F.A/PLC_U/Monitor/Loop5_MV.PML,1080,MOVE_TO_FIELDDATA,PLC/HMI/SCADA backup candidate
02. Project Backup/PLC Backup F.A/PLC Backup F.A/PLC_U/Monitor/Loop5_PV.PML,1080,MOVE_TO_FIELDDATA,PLC/HMI/SCADA backup candidate
02. Project Backup/PLC Backup F.A/PLC Backup F.A/PLC_U/Monitor/Loop5_SV.PML,1080,MOVE_TO_FIELDDATA,PLC/HMI/SCADA backup candidate
02. Project Backup/PLC Backup F.A/PLC Backup F.A/PLC_U/Monitor/Loop6_MV.PML,1080,MOVE_TO_FIELDDATA,PLC/HMI/SCADA backup candidate
02. Project Backup/PLC Backup F.A/PLC Backup F.A/PLC_U/Monitor/Loop6_PV.PML,1080,MOVE_TO_FIELDDATA,PLC/HMI/SCADA backup candidate
02. Project Backup/PLC Backup F.A/PLC Backup F.A/PLC_U/Monitor/Loop6_SV.PML,1080,MOVE_TO_FIELDDATA,PLC/HMI/SCADA backup candidate
02. Project Backup/PLC Backup F.A/PLC Backup F.A/PLC_U/Monitor/Loop7_MV.PML,1080,MOVE_TO_FIELDDATA,PLC/HMI/SCADA backup candidate
02. Project Backup/PLC Backup F.A/PLC Backup F.A/PLC_U/Monitor/Loop7_PV.PML,1080,MOVE_TO_FIELDDATA,PLC/HMI/SCADA backup candidate
02. Project Backup/PLC Backup F.A/PLC Backup F.A/PLC_U/Monitor/Loop7_SV.PML,1080,MOVE_TO_FIELDDATA,PLC/HMI/SCADA backup candidate
02. Project Backup/PLC Backup F.A/PLC Backup F.A/PLC_U/Monitor/Loop8_MV.PML,1080,MOVE_TO_FIELDDATA,PLC/HMI/SCADA backup candidate
02. Project Backup/PLC Backup F.A/PLC Backup F.A/PLC_U/Monitor/Loop8_PV.PML,1080,MOVE_TO_FIELDDATA,PLC/HMI/SCADA backup candidate
02. Project Backup/PLC Backup F.A/PLC Backup F.A/PLC_U/Monitor/Loop8_SV.PML,1080,MOVE_TO_FIELDDATA,PLC/HMI/SCADA backup candidate
02. Project Backup/PLC Backup F.A/PLC Backup F.A/PLC_U/Monitor/Loop9_MV.PML,1080,MOVE_TO_FIELDDATA,PLC/HMI/SCADA backup candidate
02. Project Backup/PLC Backup F.A/PLC Backup F.A/PLC_U/Monitor/Loop9_PV.PML,1080,MOVE_TO_FIELDDATA,PLC/HMI/SCADA backup candidate
02. Project Backup/PLC Backup F.A/PLC Backup F.A/PLC_U/Monitor/Loop9_SV.PML,1080,MOVE_TO_FIELDDATA,PLC/HMI/SCADA backup candidate
02. Project Backup/PLC Backup F.A/PLC Backup F.A/PLC_U/PID_Valve.SRC,169808,MOVE_TO_FIELDDATA,PLC/HMI/SCADA backup candidate
02. Project Backup/PLC Backup F.A/PLC Backup F.A/PLC_U/PLC_U.CLG,11476,MOVE_TO_FIELDDATA,PLC/HMI/SCADA backup candidate
02. Project Backup/PLC Backup F.A/PLC Backup F.A/PLC_U/PLC_U.DAM,6077,MOVE_TO_FIELDDATA,PLC/HMI/SCADA backup candidate
02. Project Backup/PLC Backup F.A/PLC Backup F.A/PLC_U/PLC_U.FBI,265328,MOVE_TO_FIELDDATA,PLC/HMI/SCADA backup candidate
02. Project Backup/PLC Backup F.A/PLC Backup F.A/PLC_U/PLC_U.FBIBUFF,265328,MOVE_TO_FIELDDATA,PLC/HMI/SCADA backup candidate
02. Project Backup/PLC Backup F.A/PLC Backup F.A/PLC_U/PLC_U.PAR,12352,MOVE_TO_FIELDDATA,PLC/HMI/SCADA backup candidate
02. Project Backup/PLC Backup F.A/PLC Backup F.A/PLC_U/PLC_U.PLC,2800,MOVE_TO_FIELDDATA,PLC/HMI/SCADA backup candidate
02. Project Backup/PLC Backup F.A/PLC Backup F.A/PLC_U/PLC_U.PPI,432,MOVE_TO_FIELDDATA,PLC/HMI/SCADA backup candidate
02. Project Backup/PLC Backup F.A/PLC Backup F.A/PLC_U/PLC_U.VAR,480,MOVE_TO_FIELDDATA,PLC/HMI/SCADA backup candidate
02. Project Backup/PLC Backup F.A/PLC Backup F.A/PLC_U/RS485_01.SPC,1520,MOVE_TO_FIELDDATA,PLC/HMI/SCADA backup candidate
02. Project Backup/PLC Backup F.A/PLC Backup F.A/PLC_U/RS485_02.SPC,1520,MOVE_TO_FIELDDATA,PLC/HMI/SCADA backup candidate
02. Project Backup/PLC Backup F.A/PLC Backup F.A/PLC_U/RS485_CH.SRC,40528,MOVE_TO_FIELDDATA,PLC/HMI/SCADA backup candidate
02. Project Backup/PLC Backup F.A/PLC Backup F.A/PLC_U/RS485_COMP.SRC,38256,MOVE_TO_FIELDDATA,PLC/HMI/SCADA backup candidate
02. Project Backup/PLC Backup F.A/PLC Backup F.A/PLC_U/Upload/Pbt100.Up,64,MOVE_TO_FIELDDATA,PLC/HMI/SCADA backup candidate
02. Project Backup/PLC Backup F.A/PLC Backup F.A/PLC_W/Analog_Alarm.SRC,176736,MOVE_TO_FIELDDATA,PLC/HMI/SCADA backup candidate
02. Project Backup/PLC Backup F.A/PLC Backup F.A/PLC_W/Analog_In.SRC,38848,MOVE_TO_FIELDDATA,PLC/HMI/SCADA backup candidate
02. Project Backup/PLC Backup F.A/PLC Backup F.A/PLC_W/Auto_1st.SRC,65312,MOVE_TO_FIELDDATA,PLC/HMI/SCADA backup candidate
02. Project Backup/PLC Backup F.A/PLC Backup F.A/PLC_W/Auto_2nd.SRC,147488,MOVE_TO_FIELDDATA,PLC/HMI/SCADA backup candidate
02. Project Backup/PLC Backup F.A/PLC Backup F.A/PLC_W/Auto_3nd.SRC,152048,MOVE_TO_FIELDDATA,PLC/HMI/SCADA backup candidate
02. Project Backup/PLC Backup F.A/PLC Backup F.A/PLC_W/BAK/FBD/BACK_UPLOAD_FBPGM/20241227_184428/Pbt000.Up,64,MOVE_TO_FIELDDATA,PLC/HMI/SCADA backup candidate
02. Project Backup/PLC Backup F.A/PLC Backup F.A/PLC_W/BAK/FBD/BACK_UPLOAD_FBPGM/20241227_184428/Pbt001.Up,64,MOVE_TO_FIELDDATA,PLC/HMI/SCADA backup candidate
02. Project Backup/PLC Backup F.A/PLC Backup F.A/PLC_W/BAK/FBD/BACK_UPLOAD_FBPGM/20241227_184428/Pbt002.Up,64,MOVE_TO_FIELDDATA,PLC/HMI/SCADA backup candidate
02. Project Backup/PLC Backup F.A/PLC Backup F.A/PLC_W/BAK/FBD/BACK_UPLOAD_FBPGM/20241227_184428/Pbt003.Up,64,MOVE_TO_FIELDDATA,PLC/HMI/SCADA backup candidate
02. Project Backup/PLC Backup F.A/PLC Backup F.A/PLC_W/BAK/FBD/BACK_UPLOAD_FBPGM/20241227_184428/Pbt004.Up,64,MOVE_TO_FIELDDATA,PLC/HMI/SCADA backup candidate
02. Project Backup/PLC Backup F.A/PLC Backup F.A/PLC_W/BAK/FBD/BACK_UPLOAD_FBPGM/20241227_184428/Pbt005.Up,64,MOVE_TO_FIELDDATA,PLC/HMI/SCADA backup candidate
02. Project Backup/PLC Backup F.A/PLC Backup F.A/PLC_W/BAK/FBD/BACK_UPLOAD_FBPGM/20241227_184428/Pbt006.Up,64,MOVE_TO_FIELDDATA,PLC/HMI/SCADA backup candidate
02. Project Backup/PLC Backup F.A/PLC Backup F.A/PLC_W/BAK/FBD/BACK_UPLOAD_FBPGM/20241227_184428/Pbt007.Up,64,MOVE_TO_FIELDDATA,PLC/HMI/SCADA backup candidate
02. Project Backup/PLC Backup F.A/PLC Backup F.A/PLC_W/BAK/FBD/BACK_UPLOAD_FBPGM/20241227_184428/Pbt008.Up,64,MOVE_TO_FIELDDATA,PLC/HMI/SCADA backup candidate
02. Project Backup/PLC Backup F.A/PLC Backup F.A/PLC_W/BAK/FBD/BACK_UPLOAD_FBPGM/20241227_184428/Pbt009.Up,64,MOVE_TO_FIELDDATA,PLC/HMI/SCADA backup candidate
02. Project Backup/PLC Backup F.A/PLC Backup F.A/PLC_W/BAK/FBD/BACK_UPLOAD_FBPGM/20241227_184428/Pbt010.Up,64,MOVE_TO_FIELDDATA,PLC/HMI/SCADA backup candidate
02. Project Backup/PLC Backup F.A/PLC Backup F.A/PLC_W/BAK/FBD/BACK_UPLOAD_FBPGM/20241227_184428/Pbt011.Up,64,MOVE_TO_FIELDDATA,PLC/HMI/SCADA backup candidate
02. Project Backup/PLC Backup F.A/PLC Backup F.A/PLC_W/BAK/FBD/BACK_UPLOAD_FBPGM/20241227_184428/Pbt021.Up,64,MOVE_TO_FIELDDATA,PLC/HMI/SCADA backup candidate
02. Project Backup/PLC Backup F.A/PLC Backup F.A/PLC_W/BAK/FBD/BACK_UPLOAD_FBPGM/20241227_184428/Pbt022.Up,64,MOVE_TO_FIELDDATA,PLC/HMI/SCADA backup candidate
02. Project Backup/PLC Backup F.A/PLC Backup F.A/PLC_W/BAK/FBD/BACK_UPLOAD_FBPGM/20241227_184428/Pbt071.Up,64,MOVE_TO_FIELDDATA,PLC/HMI/SCADA backup candidate
02. Project Backup/PLC Backup F.A/PLC Backup F.A/PLC_W/BAK/FBD/BACK_UPLOAD_FBPGM/20241227_184428/Pbt091.Up,64,MOVE_TO_FIELDDATA,PLC/HMI/SCADA backup candidate
02. Project Backup/PLC Backup F.A/PLC Backup F.A/PLC_W/BAK/FBD/BACK_UPLOAD_FBPGM/20241227_184428/Pbt127.Up,64,MOVE_TO_FIELDDATA,PLC/HMI/SCADA backup candidate
02. Project Backup/PLC Backup F.A/PLC Backup F.A/PLC_W/BAK/FBD/BACK_UPLOAD_FBPGM/20241227_184428/Pgm000.Up,1780,MOVE_TO_FIELDDATA,PLC/HMI/SCADA backup candidate
02. Project Backup/PLC Backup F.A/PLC Backup F.A/PLC_W/BAK/FBD/BACK_UPLOAD_FBPGM/20241227_184428/Pgm001.Up,2440,MOVE_TO_FIELDDATA,PLC/HMI/SCADA backup candidate
02. Project Backup/PLC Backup F.A/PLC Backup F.A/PLC_W/BAK/FBD/BACK_UPLOAD_FBPGM/20241227_184428/Pgm002.Up,1468,MOVE_TO_FIELDDATA,PLC/HMI/SCADA backup candidate
02. Project Backup/PLC Backup F.A/PLC Backup F.A/PLC_W/BAK/FBD/BACK_UPLOAD_FBPGM/20241227_184428/Pgm003.Up,3364,MOVE_TO_FIELDDATA,PLC/HMI/SCADA backup candidate
02. Project Backup/PLC Backup F.A/PLC Backup F.A/PLC_W/BAK/FBD/BACK_UPLOAD_FBPGM/20241227_184428/Pgm004.Up,2680,MOVE_TO_FIELDDATA,PLC/HMI/SCADA backup candidate
02. Project Backup/PLC Backup F.A/PLC Backup F.A/PLC_W/BAK/FBD/BACK_UPLOAD_FBPGM/20241227_184428/Pgm005.Up,164,MOVE_TO_FIELDDATA,PLC/HMI/SCADA backup candidate
02. Project Backup/PLC Backup F.A/PLC Backup F.A/PLC_W/BAK/FBD/BACK_UPLOAD_FBPGM/20241227_184428/Pgm006.Up,188,MOVE_TO_FIELDDATA,PLC/HMI/SCADA backup candidate
02. Project Backup/PLC Backup F.A/PLC Backup F.A/PLC_W/BAK/FBD/BACK_UPLOAD_FBPGM/20241227_184428/Pgm007.Up,39192,MOVE_TO_FIELDDATA,PLC/HMI/SCADA backup candidate
02. Project Backup/PLC Backup F.A/PLC Backup F.A/PLC_W/BAK/FBD/BACK_UPLOAD_FBPGM/20241227_184428/Pgm008.Up,48,MOVE_TO_FIELDDATA,PLC/HMI/SCADA backup candidate
02. Project Backup/PLC Backup F.A/PLC Backup F.A/PLC_W/BAK/FBD/BACK_UPLOAD_FBPGM/20241227_184428/Pgm009.Up,48,MOVE_TO_FIELDDATA,PLC/HMI/SCADA backup candidate
02. Project Backup/PLC Backup F.A/PLC Backup F.A/PLC_W/BAK/FBD/BACK_UPLOAD_FBPGM/20241227_184428/Pgm010.Up,48,MOVE_TO_FIELDDATA,PLC/HMI/SCADA backup candidate
02. Project Backup/PLC Backup F.A/PLC Backup F.A/PLC_W/BAK/FBD/BACK_UPLOAD_FBPGM/20241227_184428/Pgm011.Up,48,MOVE_TO_FIELDDATA,PLC/HMI/SCADA backup candidate
02. Project Backup/PLC Backup F.A/PLC Backup F.A/PLC_W/BAK/FBD/BACK_UPLOAD_FBPGM/20241227_184428/Pgm021.Up,808,MOVE_TO_FIELDDATA,PLC/HMI/SCADA backup candidate
02. Project Backup/PLC Backup F.A/PLC Backup F.A/PLC_W/BAK/FBD/BACK_UPLOAD_FBPGM/20241227_184428/Pgm022.Up,2488,MOVE_TO_FIELDDATA,PLC/HMI/SCADA backup candidate
02. Project Backup/PLC Backup F.A/PLC Backup F.A/PLC_W/BAK/FBD/BACK_UPLOAD_FBPGM/20241227_184428/Pgm071.Up,11860,MOVE_TO_FIELDDATA,PLC/HMI/SCADA backup candidate
02. Project Backup/PLC Backup F.A/PLC Backup F.A/PLC_W/BAK/FBD/BACK_UPLOAD_FBPGM/20241227_184428/Pgm091.Up,1112,MOVE_TO_FIELDDATA,PLC/HMI/SCADA backup candidate
02. Project Backup/PLC Backup F.A/PLC Backup F.A/PLC_W/BAK/FBD/BACK_UPLOAD_FBPGM/20241227_184428/Pgm127.Up,836,MOVE_TO_FIELDDATA,PLC/HMI/SCADA backup candidate
02. Project Backup/PLC Backup F.A/PLC Backup F.A/PLC_W/BAK/INFO/PLC_W_20160831182531S.FBI,265440,MOVE_TO_FIELDDATA,PLC/HMI/SCADA backup candidate
02. Project Backup/PLC Backup F.A/PLC Backup F.A/PLC_W/BAK/INFO/PLC_W_20160831182813S.FBI,265440,MOVE_TO_FIELDDATA,PLC/HMI/SCADA backup candidate
02. Project Backup/PLC Backup F.A/PLC Backup F.A/PLC_W/BAK/INFO/PLC_W_20160831184954S.FBI,265440,MOVE_TO_FIELDDATA,PLC/HMI/SCADA backup candidate
02. Project Backup/PLC Backup F.A/PLC Backup F.A/PLC_W/BAK/INFO/PLC_W_20160831185056S.FBI,265440,MOVE_TO_FIELDDATA,PLC/HMI/SCADA backup candidate
02. Project Backup/PLC Backup F.A/PLC Backup F.A/PLC_W/BAK/INFO/PLC_W_20160909181924S.FBI,265440,MOVE_TO_FIELDDATA,PLC/HMI/SCADA backup candidate
02. Project Backup/PLC Backup F.A/PLC Backup F.A/PLC_W/BAK/INFO/PLC_W_20241227184446S.FBI,265440,MOVE_TO_FIELDDATA,PLC/HMI/SCADA backup candidate
02. Project Backup/PLC Backup F.A/PLC Backup F.A/PLC_W/BAK/INFO/PLC_W_20241227184540S.FBI,265440,MOVE_TO_FIELDDATA,PLC/HMI/SCADA backup candidate
02. Project Backup/PLC Backup F.A/PLC Backup F.A/PLC_W/BAK/PGM/PLC_W.1722590069S.VAR,3424,MOVE_TO_FIELDDATA,PLC/HMI/SCADA backup candidate
02. Project Backup/PLC Backup F.A/PLC Backup F.A/PLC_W/CMTPGM000.SRC,39278,MOVE_TO_FIELDDATA,PLC/HMI/SCADA backup candidate
02. Project Backup/PLC Backup F.A/PLC Backup F.A/PLC_W/CMTPGM001.SRC,134,MOVE_TO_FIELDDATA,PLC/HMI/SCADA backup candidate
02. Project Backup/PLC Backup F.A/PLC Backup F.A/PLC_W/CMTPGM002.SRC,134,MOVE_TO_FIELDDATA,PLC/HMI/SCADA backup candidate
02. Project Backup/PLC Backup F.A/PLC Backup F.A/PLC_W/CMTPGM003.SRC,134,MOVE_TO_FIELDDATA,PLC/HMI/SCADA backup candidate
02. Project Backup/PLC Backup F.A/PLC Backup F.A/PLC_W/CMTPGM004.SRC,134,MOVE_TO_FIELDDATA,PLC/HMI/SCADA backup candidate
02. Project Backup/PLC Backup F.A/PLC Backup F.A/PLC_W/Digital_A_M.SRC,926944,MOVE_TO_FIELDDATA,PLC/HMI/SCADA backup candidate
02. Project Backup/PLC Backup F.A/PLC Backup F.A/PLC_W/Digital_In.SRC,206656,MOVE_TO_FIELDDATA,PLC/HMI/SCADA backup candidate
02. Project Backup/PLC Backup F.A/PLC Backup F.A/PLC_W/Digital_Out.SRC,93952,MOVE_TO_FIELDDATA,PLC/HMI/SCADA backup candidate
02. Project Backup/PLC Backup F.A/PLC Backup F.A/PLC_W/Flow_Total.SRC,8624,MOVE_TO_FIELDDATA,PLC/HMI/SCADA backup candidate
02. Project Backup/PLC Backup F.A/PLC Backup F.A/PLC_W/Init.SRC,73248,MOVE_TO_FIELDDATA,PLC/HMI/SCADA backup candidate
02. Project Backup/PLC Backup F.A/PLC Backup F.A/PLC_W/PgmFbBackGnd.SRC,5568,MOVE_TO_FIELDDATA,PLC/HMI/SCADA backup candidate
02. Project Backup/PLC Backup F.A/PLC Backup F.A/PLC_W/PLC_W.CLG,5966,MOVE_TO_FIELDDATA,PLC/HMI/SCADA backup candidate
02. Project Backup/PLC Backup F.A/PLC Backup F.A/PLC_W/PLC_W.DAM,6081,MOVE_TO_FIELDDATA,PLC/HMI/SCADA backup candidate
02. Project Backup/PLC Backup F.A/PLC Backup F.A/PLC_W/PLC_W.FBI,265440,MOVE_TO_FIELDDATA,PLC/HMI/SCADA backup candidate
02. Project Backup/PLC Backup F.A/PLC Backup F.A/PLC_W/PLC_W.PAR,12352,MOVE_TO_FIELDDATA,PLC/HMI/SCADA backup candidate
02. Project Backup/PLC Backup F.A/PLC Backup F.A/PLC_W/PLC_W.PDM,0,MOVE_TO_FIELDDATA,PLC/HMI/SCADA backup candidate
02. Project Backup/PLC Backup F.A/PLC Backup F.A/PLC_W/PLC_W.PLC,2096,MOVE_TO_FIELDDATA,PLC/HMI/SCADA backup candidate
02. Project Backup/PLC Backup F.A/PLC Backup F.A/PLC_W/PLC_W.PPI,330,MOVE_TO_FIELDDATA,PLC/HMI/SCADA backup candidate
02. Project Backup/PLC Backup F.A/PLC Backup F.A/PLC_W/PLC_W.VAR,3408,MOVE_TO_FIELDDATA,PLC/HMI/SCADA backup candidate
02. Project Backup/PLC Backup F.A/PLC Backup F.A/PLC_W/PLC_W/PLC_W.CLG,1060,MOVE_TO_FIELDDATA,PLC/HMI/SCADA backup candidate
02. Project Backup/PLC Backup F.A/PLC Backup F.A/PLC_W/Upload/Pbt000.Up,64,MOVE_TO_FIELDDATA,PLC/HMI/SCADA backup candidate
02. Project Backup/PLC Backup.zip,6402220,MOVE_TO_FIELDDATA,PLC/HMI/SCADA backup candidate
02. Project Backup/S7_reference/V1_HVAC_/ApiLog/lock,0,MOVE_TO_FIELDDATA,PLC/HMI/SCADA backup candidate
02. Project Backup/S7_reference/V1_HVAC_/ApiLog/LogIDs,8,MOVE_TO_FIELDDATA,PLC/HMI/SCADA backup candidate
02. Project Backup/S7_reference/V1_HVAC_/ApiLog/Step7Bas.ver,9073,MOVE_TO_FIELDDATA,PLC/HMI/SCADA backup candidate
02. Project Backup/S7_reference/V1_HVAC_/ApiLog/Types,2506,MOVE_TO_FIELDDATA,PLC/HMI/SCADA backup candidate
02. Project Backup/S7_reference/V1_HVAC_/CONN/CO_1/VerbHomo.dat,12,MOVE_TO_FIELDDATA,PLC/HMI/SCADA backup candidate
02. Project Backup/S7_reference/V1_HVAC_/CONN/CO_10/VerbHomo.dat,12,MOVE_TO_FIELDDATA,PLC/HMI/SCADA backup candidate
02. Project Backup/S7_reference/V1_HVAC_/CONN/CO_11/VerbHomo.dat,12,MOVE_TO_FIELDDATA,PLC/HMI/SCADA backup candidate
02. Project Backup/S7_reference/V1_HVAC_/CONN/CO_12/VerbHomo.dat,12,MOVE_TO_FIELDDATA,PLC/HMI/SCADA backup candidate
02. Project Backup/S7_reference/V1_HVAC_/CONN/CO_13/VerbHomo.dat,12,MOVE_TO_FIELDDATA,PLC/HMI/SCADA backup candidate
02. Project Backup/S7_reference/V1_HVAC_/CONN/CO_14/VerbHomo.dat,12,MOVE_TO_FIELDDATA,PLC/HMI/SCADA backup candidate
02. Project Backup/S7_reference/V1_HVAC_/CONN/CO_15/VerbHomo.dat,12,MOVE_TO_FIELDDATA,PLC/HMI/SCADA backup candidate
02. Project Backup/S7_reference/V1_HVAC_/CONN/CO_16/VerbHomo.dat,12,MOVE_TO_FIELDDATA,PLC/HMI/SCADA backup candidate
02. Project Backup/S7_reference/V1_HVAC_/CONN/CO_17/VerbHomo.dat,12,MOVE_TO_FIELDDATA,PLC/HMI/SCADA backup candidate
02. Project Backup/S7_reference/V1_HVAC_/CONN/CO_18/VerbHomo.dat,12,MOVE_TO_FIELDDATA,PLC/HMI/SCADA backup candidate
02. Project Backup/S7_reference/V1_HVAC_/CONN/CO_19/VerbHomo.dat,12,MOVE_TO_FIELDDATA,PLC/HMI/SCADA backup candidate
02. Project Backup/S7_reference/V1_HVAC_/CONN/CO_2/VerbHomo.dat,12,MOVE_TO_FIELDDATA,PLC/HMI/SCADA backup candidate
02. Project Backup/S7_reference/V1_HVAC_/CONN/CO_3/VerbHomo.dat,12,MOVE_TO_FIELDDATA,PLC/HMI/SCADA backup candidate
02. Project Backup/S7_reference/V1_HVAC_/CONN/CO_4/VerbHomo.dat,12,MOVE_TO_FIELDDATA,PLC/HMI/SCADA backup candidate
02. Project Backup/S7_reference/V1_HVAC_/CONN/CO_5/VerbHomo.dat,12,MOVE_TO_FIELDDATA,PLC/HMI/SCADA backup candidate
02. Project Backup/S7_reference/V1_HVAC_/CONN/CO_6/VerbHomo.dat,12,MOVE_TO_FIELDDATA,PLC/HMI/SCADA backup candidate
02. Project Backup/S7_reference/V1_HVAC_/CONN/CO_7/VerbHomo.dat,12,MOVE_TO_FIELDDATA,PLC/HMI/SCADA backup candidate
02. Project Backup/S7_reference/V1_HVAC_/CONN/CO_8/VerbHomo.dat,12,MOVE_TO_FIELDDATA,PLC/HMI/SCADA backup candidate
02. Project Backup/S7_reference/V1_HVAC_/CONN/CO_9/VerbHomo.dat,12,MOVE_TO_FIELDDATA,PLC/HMI/SCADA backup candidate
02. Project Backup/S7_reference/V1_HVAC_/CONN/LINKVL.dbf,7168,MOVE_TO_FIELDDATA,PLC/HMI/SCADA backup candidate
02. Project Backup/S7_reference/V1_HVAC_/CONN/LOCKVL.LCK,0,MOVE_TO_FIELDDATA,PLC/HMI/SCADA backup candidate
02. Project Backup/S7_reference/V1_HVAC_/CONN/VERBLIST.PRO,4,MOVE_TO_FIELDDATA,PLC/HMI/SCADA backup candidate
02. Project Backup/S7_reference/V1_HVAC_/CONN/VERBTAB.DBF,9134,MOVE_TO_FIELDDATA,PLC/HMI/SCADA backup candidate
02. Project Backup/S7_reference/V1_HVAC_/CONN/VERBTAB.MDX,4096,MOVE_TO_FIELDDATA,PLC/HMI/SCADA backup candidate
02. Project Backup/S7_reference/V1_HVAC_/CONN/VLTAB53.DBF,6409,MOVE_TO_FIELDDATA,PLC/HMI/SCADA backup candidate
02. Project Backup/S7_reference/V1_HVAC_/CONN/VLTAB53.MDX,4096,MOVE_TO_FIELDDATA,PLC/HMI/SCADA backup candidate
02. Project Backup/S7_reference/V1_HVAC_/Global/141342_3_dp_asi.txt,0,MOVE_TO_FIELDDATA,PLC/HMI/SCADA backup candidate
02. Project Backup/S7_reference/V1_HVAC_/Global/141342_3.txt,5412,MOVE_TO_FIELDDATA,PLC/HMI/SCADA backup candidate
02. Project Backup/S7_reference/V1_HVAC_/Global/addinfo/installedcomponents.csv,1922,MOVE_TO_FIELDDATA,PLC/HMI/SCADA backup candidate
02. Project Backup/S7_reference/V1_HVAC_/Global/addinfo/installedhsps.xml,53484,MOVE_TO_FIELDDATA,PLC/HMI/SCADA backup candidate
02. Project Backup/S7_reference/V1_HVAC_/Global/addinfo/installedproducts.csv,521,MOVE_TO_FIELDDATA,PLC/HMI/SCADA backup candidate
02. Project Backup/S7_reference/V1_HVAC_/Global/addinfo/suppliedhsps.xml,552731,MOVE_TO_FIELDDATA,PLC/HMI/SCADA backup candidate
02. Project Backup/S7_reference/V1_HVAC_/Global/colorder.dat,96,MOVE_TO_FIELDDATA,PLC/HMI/SCADA backup candidate
02. Project Backup/S7_reference/V1_HVAC_/Global/colwidth.dat,96,MOVE_TO_FIELDDATA,PLC/HMI/SCADA backup candidate
02. Project Backup/S7_reference/V1_HVAC_/Global/Font_1,35,MOVE_TO_FIELDDATA,PLC/HMI/SCADA backup candidate
02. Project Backup/S7_reference/V1_HVAC_/Global/Font_2,33,MOVE_TO_FIELDDATA,PLC/HMI/SCADA backup candidate
02. Project Backup/S7_reference/V1_HVAC_/Global/Language,42,MOVE_TO_FIELDDATA,PLC/HMI/SCADA backup candidate
02. Project Backup/S7_reference/V1_HVAC_/Global/MkProfil/SEONGMIN-PC/Seongmin/s7amkapx.dat,22,MOVE_TO_FIELDDATA,PLC/HMI/SCADA backup candidate
02. Project Backup/S7_reference/V1_HVAC_/Global/MkProfil/SEONGMIN-PC/Seongmin/s7amkexx.dat,64,MOVE_TO_FIELDDATA,PLC/HMI/SCADA backup candidate
02. Project Backup/S7_reference/V1_HVAC_/Global/S7hCompressedMetadata.cmf,901888,MOVE_TO_FIELDDATA,PLC/HMI/SCADA backup candidate
02. Project Backup/S7_reference/V1_HVAC_/Global/S7hMetaData.umf,5843474,MOVE_TO_FIELDDATA,PLC/HMI/SCADA backup candidate
02. Project Backup/S7_reference/V1_HVAC_/Global/s7netpro.npa,928,MOVE_TO_FIELDDATA,PLC/HMI/SCADA backup candidate
02. Project Backup/S7_reference/V1_HVAC_/Global/s7netpro.wnd,140,MOVE_TO_FIELDDATA,PLC/HMI/SCADA backup candidate
02. Project Backup/S7_reference/V1_HVAC_/Global/s7prj/envext,560,MOVE_TO_FIELDDATA,PLC/HMI/SCADA backup candidate
02. Project Backup/S7_reference/V1_HVAC_/Global/sdbOnl/00000003/UP_OF/r00s03/sdb0.dat,818,MOVE_TO_FIELDDATA,PLC/HMI/SCADA backup candidate
02. Project Backup/S7_reference/V1_HVAC_/Global/sdbOnl/00000003/UP_OF/r00s03/sdb1.dat,326,MOVE_TO_FIELDDATA,PLC/HMI/SCADA backup candidate
02. Project Backup/S7_reference/V1_HVAC_/Global/sdbOnl/00000003/UP_OF/r00s03/sdb1000.dat,536,MOVE_TO_FIELDDATA,PLC/HMI/SCADA backup candidate
02. Project Backup/S7_reference/V1_HVAC_/Global/sdbOnl/00000003/UP_OF/r00s03/sdb1001.dat,536,MOVE_TO_FIELDDATA,PLC/HMI/SCADA backup candidate
02. Project Backup/S7_reference/V1_HVAC_/Global/sdbOnl/00000003/UP_OF/r00s03/sdb1002.dat,500,MOVE_TO_FIELDDATA,PLC/HMI/SCADA backup candidate
02. Project Backup/S7_reference/V1_HVAC_/Global/sdbOnl/00000003/UP_OF/r00s03/sdb1003.dat,500,MOVE_TO_FIELDDATA,PLC/HMI/SCADA backup candidate
02. Project Backup/S7_reference/V1_HVAC_/Global/sdbOnl/00000003/UP_OF/r00s03/sdb1004.dat,718,MOVE_TO_FIELDDATA,PLC/HMI/SCADA backup candidate
02. Project Backup/S7_reference/V1_HVAC_/Global/sdbOnl/00000003/UP_OF/r00s03/sdb1005.dat,718,MOVE_TO_FIELDDATA,PLC/HMI/SCADA backup candidate
02. Project Backup/S7_reference/V1_HVAC_/Global/sdbOnl/00000003/UP_OF/r00s03/sdb1006.dat,922,MOVE_TO_FIELDDATA,PLC/HMI/SCADA backup candidate
02. Project Backup/S7_reference/V1_HVAC_/Global/sdbOnl/00000003/UP_OF/r00s03/sdb1007.dat,926,MOVE_TO_FIELDDATA,PLC/HMI/SCADA backup candidate
02. Project Backup/S7_reference/V1_HVAC_/Global/sdbOnl/00000003/UP_OF/r00s03/sdb1008.dat,128,MOVE_TO_FIELDDATA,PLC/HMI/SCADA backup candidate
02. Project Backup/S7_reference/V1_HVAC_/Global/sdbOnl/00000003/UP_OF/r00s03/sdb1009.dat,128,MOVE_TO_FIELDDATA,PLC/HMI/SCADA backup candidate
02. Project Backup/S7_reference/V1_HVAC_/Global/sdbOnl/00000003/UP_OF/r00s03/sdb122.dat,3208,MOVE_TO_FIELDDATA,PLC/HMI/SCADA backup candidate
02. Project Backup/S7_reference/V1_HVAC_/Global/sdbOnl/00000003/UP_OF/r00s03/sdb142.dat,3208,MOVE_TO_FIELDDATA,PLC/HMI/SCADA backup candidate
02. Project Backup/S7_reference/V1_HVAC_/Global/sdbOnl/00000003/UP_OF/r00s03/sdb2000.dat,10968,MOVE_TO_FIELDDATA,PLC/HMI/SCADA backup candidate
02. Project Backup/S7_reference/V1_HVAC_/Global/sdbOnl/00000003/UP_OF/r00s03/sdb2001.dat,508,MOVE_TO_FIELDDATA,PLC/HMI/SCADA backup candidate
02. Project Backup/S7_reference/V1_HVAC_/Global/sdbOnl/00000003/UP_OF/r00s03/sdb2002.dat,10968,MOVE_TO_FIELDDATA,PLC/HMI/SCADA backup candidate
02. Project Backup/S7_reference/V1_HVAC_/Global/sdbOnl/00000003/UP_OF/r00s03/sdb2003.dat,508,MOVE_TO_FIELDDATA,PLC/HMI/SCADA backup candidate
02. Project Backup/S7_reference/V1_HVAC_/Global/sdbOnl/00000003/UP_OF/r00s03/sdb22.dat,3526,MOVE_TO_FIELDDATA,PLC/HMI/SCADA backup candidate
02. Project Backup/S7_reference/V1_HVAC_/Global/sdbOnl/00000003/UP_OF/r00s03/sdb3.dat,1154,MOVE_TO_FIELDDATA,PLC/HMI/SCADA backup candidate
02. Project Backup/S7_reference/V1_HVAC_/Global/sdbOnl/00000003/UP_OF/r00s03/sdb4.dat,346,MOVE_TO_FIELDDATA,PLC/HMI/SCADA backup candidate
02. Project Backup/S7_reference/V1_HVAC_/Global/sdbOnl/00000003/UP_OF/r00s03/sdb42.dat,3526,MOVE_TO_FIELDDATA,PLC/HMI/SCADA backup candidate
02. Project Backup/S7_reference/V1_HVAC_/Global/sdbOnl/00000003/UP_OF/r00s03/sdb7.dat,138,MOVE_TO_FIELDDATA,PLC/HMI/SCADA backup candidate
02. Project Backup/S7_reference/V1_HVAC_/Global/sdbOnl/00000003/UP_OF/r00s03/sdb90.dat,242,MOVE_TO_FIELDDATA,PLC/HMI/SCADA backup candidate
02. Project Backup/S7_reference/V1_HVAC_/Global/sdbOnl/00000003/UP_OF/r00s03/sdb91.dat,94,MOVE_TO_FIELDDATA,PLC/HMI/SCADA backup candidate
02. Project Backup/S7_reference/V1_HVAC_/Global/sdbOnl/00000003/UP_OF/r00s03/sdb92.dat,84,MOVE_TO_FIELDDATA,PLC/HMI/SCADA backup candidate
02. Project Backup/S7_reference/V1_HVAC_/Global/sdbOnl/00000003/UP_OF/r00s03/sdb93.dat,84,MOVE_TO_FIELDDATA,PLC/HMI/SCADA backup candidate
02. Project Backup/S7_reference/V1_HVAC_/Global/sdbOnl/00000003/UP_OF/r00s03/sdb999.dat,1178,MOVE_TO_FIELDDATA,PLC/HMI/SCADA backup candidate
02. Project Backup/S7_reference/V1_HVAC_/hOmSave7/s7h0074x/HATTARY1.DBF,689,MOVE_TO_FIELDDATA,PLC/HMI/SCADA backup candidate
02. Project Backup/S7_reference/V1_HVAC_/hOmSave7/s7h0074x/HATTARY1.DBT,5120,MOVE_TO_FIELDDATA,PLC/HMI/SCADA backup candidate
02. Project Backup/S7_reference/V1_HVAC_/hOmSave7/s7h0074x/HATTARY1.MDX,4096,MOVE_TO_FIELDDATA,PLC/HMI/SCADA backup candidate
02. Project Backup/S7_reference/V1_HVAC_/hOmSave7/s7h0074x/HATTRIB1.DBF,11566,MOVE_TO_FIELDDATA,PLC/HMI/SCADA backup candidate
02. Project Backup/S7_reference/V1_HVAC_/hOmSave7/s7h0074x/HATTRIB1.MDX,6144,MOVE_TO_FIELDDATA,PLC/HMI/SCADA backup candidate
02. Project Backup/S7_reference/V1_HVAC_/hOmSave7/s7h0074x/HATTRME1.DBF,2142,MOVE_TO_FIELDDATA,PLC/HMI/SCADA backup candidate
02. Project Backup/S7_reference/V1_HVAC_/hOmSave7/s7h0074x/HATTRME1.DBT,23552,MOVE_TO_FIELDDATA,PLC/HMI/SCADA backup candidate
02. Project Backup/S7_reference/V1_HVAC_/hOmSave7/s7h0074x/HATTRME1.MDX,8192,MOVE_TO_FIELDDATA,PLC/HMI/SCADA backup candidate
02. Project Backup/S7_reference/V1_HVAC_/hOmSave7/s7h0074x/HLASTID2.DBF,336,MOVE_TO_FIELDDATA,PLC/HMI/SCADA backup candidate
02. Project Backup/S7_reference/V1_HVAC_/hOmSave7/s7h0074x/hLockID1,0,MOVE_TO_FIELDDATA,PLC/HMI/SCADA backup candidate
02. Project Backup/S7_reference/V1_HVAC_/hOmSave7/s7h0074x/HOBJECT1.DBF,5155,MOVE_TO_FIELDDATA,PLC/HMI/SCADA backup candidate
02. Project Backup/S7_reference/V1_HVAC_/hOmSave7/s7h0074x/HOBJECT1.MDX,4096,MOVE_TO_FIELDDATA,PLC/HMI/SCADA backup candidate
02. Project Backup/S7_reference/V1_HVAC_/hOmSave7/s7h0074x/HRELATI1.DBF,1662,MOVE_TO_FIELDDATA,PLC/HMI/SCADA backup candidate
02. Project Backup/S7_reference/V1_HVAC_/hOmSave7/s7h0074x/HRELATI1.MDX,8192,MOVE_TO_FIELDDATA,PLC/HMI/SCADA backup candidate
02. Project Backup/S7_reference/V1_HVAC_/hOmSave7/s7hdevnx/HATTARY1.DBF,634,MOVE_TO_FIELDDATA,PLC/HMI/SCADA backup candidate
02. Project Backup/S7_reference/V1_HVAC_/hOmSave7/s7hdevnx/HATTARY1.DBT,4608,MOVE_TO_FIELDDATA,PLC/HMI/SCADA backup candidate
02. Project Backup/S7_reference/V1_HVAC_/hOmSave7/s7hdevnx/HATTARY1.MDX,4096,MOVE_TO_FIELDDATA,PLC/HMI/SCADA backup candidate
02. Project Backup/S7_reference/V1_HVAC_/hOmSave7/s7hdevnx/HATTRIB1.DBF,20386,MOVE_TO_FIELDDATA,PLC/HMI/SCADA backup candidate
02. Project Backup/S7_reference/V1_HVAC_/hOmSave7/s7hdevnx/HATTRIB1.MDX,10240,MOVE_TO_FIELDDATA,PLC/HMI/SCADA backup candidate
02. Project Backup/S7_reference/V1_HVAC_/hOmSave7/s7hdevnx/HATTRME1.DBF,514,MOVE_TO_FIELDDATA,PLC/HMI/SCADA backup candidate
02. Project Backup/S7_reference/V1_HVAC_/hOmSave7/s7hdevnx/HATTRME1.DBT,4608,MOVE_TO_FIELDDATA,PLC/HMI/SCADA backup candidate
02. Project Backup/S7_reference/V1_HVAC_/hOmSave7/s7hdevnx/HATTRME1.MDX,6144,MOVE_TO_FIELDDATA,PLC/HMI/SCADA backup candidate
02. Project Backup/S7_reference/V1_HVAC_/hOmSave7/s7hdevnx/HLASTID2.DBF,336,MOVE_TO_FIELDDATA,PLC/HMI/SCADA backup candidate
02. Project Backup/S7_reference/V1_HVAC_/hOmSave7/s7hdevnx/hLockID1,0,MOVE_TO_FIELDDATA,PLC/HMI/SCADA backup candidate
02. Project Backup/S7_reference/V1_HVAC_/hOmSave7/s7hdevnx/HOBJECT1.DBF,4650,MOVE_TO_FIELDDATA,PLC/HMI/SCADA backup candidate
02. Project Backup/S7_reference/V1_HVAC_/hOmSave7/s7hdevnx/HOBJECT1.MDX,4096,MOVE_TO_FIELDDATA,PLC/HMI/SCADA backup candidate
02. Project Backup/S7_reference/V1_HVAC_/hOmSave7/s7hdevnx/HRELATI1.DBF,2130,MOVE_TO_FIELDDATA,PLC/HMI/SCADA backup candidate
02. Project Backup/S7_reference/V1_HVAC_/hOmSave7/s7hdevnx/HRELATI1.MDX,8192,MOVE_TO_FIELDDATA,PLC/HMI/SCADA backup candidate
02. Project Backup/S7_reference/V1_HVAC_/hOmSave7/S7HDPSSX/HATTARY1.DBF,799,MOVE_TO_FIELDDATA,PLC/HMI/SCADA backup candidate
02. Project Backup/S7_reference/V1_HVAC_/hOmSave7/S7HDPSSX/HATTARY1.DBT,6144,MOVE_TO_FIELDDATA,PLC/HMI/SCADA backup candidate
02. Project Backup/S7_reference/V1_HVAC_/hOmSave7/S7HDPSSX/HATTARY1.MDX,4096,MOVE_TO_FIELDDATA,PLC/HMI/SCADA backup candidate
02. Project Backup/S7_reference/V1_HVAC_/hOmSave7/S7HDPSSX/HATTRIB1.DBF,48736,MOVE_TO_FIELDDATA,PLC/HMI/SCADA backup candidate
02. Project Backup/S7_reference/V1_HVAC_/hOmSave7/S7HDPSSX/HATTRIB1.MDX,18432,MOVE_TO_FIELDDATA,PLC/HMI/SCADA backup candidate
02. Project Backup/S7_reference/V1_HVAC_/hOmSave7/S7HDPSSX/HATTRME1.DBF,162,MOVE_TO_FIELDDATA,PLC/HMI/SCADA backup candidate
02. Project Backup/S7_reference/V1_HVAC_/hOmSave7/S7HDPSSX/HATTRME1.DBT,24,MOVE_TO_FIELDDATA,PLC/HMI/SCADA backup candidate
02. Project Backup/S7_reference/V1_HVAC_/hOmSave7/S7HDPSSX/HATTRME1.MDX,6144,MOVE_TO_FIELDDATA,PLC/HMI/SCADA backup candidate
02. Project Backup/S7_reference/V1_HVAC_/hOmSave7/S7HDPSSX/HLASTID2.DBF,336,MOVE_TO_FIELDDATA,PLC/HMI/SCADA backup candidate
02. Project Backup/S7_reference/V1_HVAC_/hOmSave7/S7HDPSSX/hLockID1,0,MOVE_TO_FIELDDATA,PLC/HMI/SCADA backup candidate
02. Project Backup/S7_reference/V1_HVAC_/hOmSave7/S7HDPSSX/HOBJECT1.DBF,6165,MOVE_TO_FIELDDATA,PLC/HMI/SCADA backup candidate
02. Project Backup/S7_reference/V1_HVAC_/hOmSave7/S7HDPSSX/HOBJECT1.MDX,4096,MOVE_TO_FIELDDATA,PLC/HMI/SCADA backup candidate
02. Project Backup/S7_reference/V1_HVAC_/hOmSave7/S7HDPSSX/HRELATI1.DBF,15234,MOVE_TO_FIELDDATA,PLC/HMI/SCADA backup candidate
02. Project Backup/S7_reference/V1_HVAC_/hOmSave7/S7HDPSSX/HRELATI1.MDX,32768,MOVE_TO_FIELDDATA,PLC/HMI/SCADA backup candidate
02. Project Backup/S7_reference/V1_HVAC_/hOmSave7/S7HK15AX/HATTARY1.DBF,1184,MOVE_TO_FIELDDATA,PLC/HMI/SCADA backup candidate
02. Project Backup/S7_reference/V1_HVAC_/hOmSave7/S7HK15AX/HATTARY1.DBT,9728,MOVE_TO_FIELDDATA,PLC/HMI/SCADA backup candidate
02. Project Backup/S7_reference/V1_HVAC_/hOmSave7/S7HK15AX/HATTARY1.MDX,4096,MOVE_TO_FIELDDATA,PLC/HMI/SCADA backup candidate
02. Project Backup/S7_reference/V1_HVAC_/hOmSave7/S7HK15AX/HATTRIB1.DBF,28576,MOVE_TO_FIELDDATA,PLC/HMI/SCADA backup candidate
02. Project Backup/S7_reference/V1_HVAC_/hOmSave7/S7HK15AX/HATTRIB1.MDX,11264,MOVE_TO_FIELDDATA,PLC/HMI/SCADA backup candidate
02. Project Backup/S7_reference/V1_HVAC_/hOmSave7/S7HK15AX/HATTRME1.DBF,2538,MOVE_TO_FIELDDATA,PLC/HMI/SCADA backup candidate
02. Project Backup/S7_reference/V1_HVAC_/hOmSave7/S7HK15AX/HATTRME1.DBT,28160,MOVE_TO_FIELDDATA,PLC/HMI/SCADA backup candidate
02. Project Backup/S7_reference/V1_HVAC_/hOmSave7/S7HK15AX/HATTRME1.MDX,8192,MOVE_TO_FIELDDATA,PLC/HMI/SCADA backup candidate
02. Project Backup/S7_reference/V1_HVAC_/hOmSave7/S7HK15AX/HLASTID2.DBF,336,MOVE_TO_FIELDDATA,PLC/HMI/SCADA backup candidate
02. Project Backup/S7_reference/V1_HVAC_/hOmSave7/S7HK15AX/hLockID1,0,MOVE_TO_FIELDDATA,PLC/HMI/SCADA backup candidate
02. Project Backup/S7_reference/V1_HVAC_/hOmSave7/S7HK15AX/HOBJECT1.DBF,9700,MOVE_TO_FIELDDATA,PLC/HMI/SCADA backup candidate
02. Project Backup/S7_reference/V1_HVAC_/hOmSave7/S7HK15AX/HOBJECT1.MDX,4096,MOVE_TO_FIELDDATA,PLC/HMI/SCADA backup candidate
02. Project Backup/S7_reference/V1_HVAC_/hOmSave7/S7HK15AX/HRELATI1.DBF,8682,MOVE_TO_FIELDDATA,PLC/HMI/SCADA backup candidate
02. Project Backup/S7_reference/V1_HVAC_/hOmSave7/S7HK15AX/HRELATI1.MDX,15360,MOVE_TO_FIELDDATA,PLC/HMI/SCADA backup candidate
02. Project Backup/S7_reference/V1_HVAC_/hOmSave7/s7hk32ax/HATTARY1.DBF,1954,MOVE_TO_FIELDDATA,PLC/HMI/SCADA backup candidate
02. Project Backup/S7_reference/V1_HVAC_/hOmSave7/s7hk32ax/HATTARY1.DBT,16896,MOVE_TO_FIELDDATA,PLC/HMI/SCADA backup candidate
02. Project Backup/S7_reference/V1_HVAC_/hOmSave7/s7hk32ax/HATTARY1.MDX,4096,MOVE_TO_FIELDDATA,PLC/HMI/SCADA backup candidate
02. Project Backup/S7_reference/V1_HVAC_/hOmSave7/s7hk32ax/HATTRIB1.DBF,40546,MOVE_TO_FIELDDATA,PLC/HMI/SCADA backup candidate
02. Project Backup/S7_reference/V1_HVAC_/hOmSave7/s7hk32ax/HATTRIB1.MDX,13312,MOVE_TO_FIELDDATA,PLC/HMI/SCADA backup candidate
02. Project Backup/S7_reference/V1_HVAC_/hOmSave7/s7hk32ax/HATTRME1.DBF,5794,MOVE_TO_FIELDDATA,PLC/HMI/SCADA backup candidate
02. Project Backup/S7_reference/V1_HVAC_/hOmSave7/s7hk32ax/HATTRME1.DBT,66048,MOVE_TO_FIELDDATA,PLC/HMI/SCADA backup candidate
02. Project Backup/S7_reference/V1_HVAC_/hOmSave7/s7hk32ax/HATTRME1.MDX,13312,MOVE_TO_FIELDDATA,PLC/HMI/SCADA backup candidate
02. Project Backup/S7_reference/V1_HVAC_/hOmSave7/s7hk32ax/HLASTID2.DBF,336,MOVE_TO_FIELDDATA,PLC/HMI/SCADA backup candidate
02. Project Backup/S7_reference/V1_HVAC_/hOmSave7/s7hk32ax/hLockID1,0,MOVE_TO_FIELDDATA,PLC/HMI/SCADA backup candidate
02. Project Backup/S7_reference/V1_HVAC_/hOmSave7/s7hk32ax/HOBJECT1.DBF,16770,MOVE_TO_FIELDDATA,PLC/HMI/SCADA backup candidate
02. Project Backup/S7_reference/V1_HVAC_/hOmSave7/s7hk32ax/HOBJECT1.MDX,4096,MOVE_TO_FIELDDATA,PLC/HMI/SCADA backup candidate
02. Project Backup/S7_reference/V1_HVAC_/hOmSave7/s7hk32ax/HRELATI1.DBF,5250,MOVE_TO_FIELDDATA,PLC/HMI/SCADA backup candidate
02. Project Backup/S7_reference/V1_HVAC_/hOmSave7/s7hk32ax/HRELATI1.MDX,12288,MOVE_TO_FIELDDATA,PLC/HMI/SCADA backup candidate
02. Project Backup/S7_reference/V1_HVAC_/hOmSave7/s7hk32bx/HATTARY1.DBF,634,MOVE_TO_FIELDDATA,PLC/HMI/SCADA backup candidate
02. Project Backup/S7_reference/V1_HVAC_/hOmSave7/s7hk32bx/HATTARY1.DBT,4608,MOVE_TO_FIELDDATA,PLC/HMI/SCADA backup candidate
02. Project Backup/S7_reference/V1_HVAC_/hOmSave7/s7hk32bx/HATTARY1.MDX,4096,MOVE_TO_FIELDDATA,PLC/HMI/SCADA backup candidate
02. Project Backup/S7_reference/V1_HVAC_/hOmSave7/s7hk32bx/HATTRIB1.DBF,10306,MOVE_TO_FIELDDATA,PLC/HMI/SCADA backup candidate
02. Project Backup/S7_reference/V1_HVAC_/hOmSave7/s7hk32bx/HATTRIB1.MDX,6144,MOVE_TO_FIELDDATA,PLC/HMI/SCADA backup candidate
02. Project Backup/S7_reference/V1_HVAC_/hOmSave7/s7hk32bx/HATTRME1.DBF,1570,MOVE_TO_FIELDDATA,PLC/HMI/SCADA backup candidate
02. Project Backup/S7_reference/V1_HVAC_/hOmSave7/s7hk32bx/HATTRME1.DBT,16896,MOVE_TO_FIELDDATA,PLC/HMI/SCADA backup candidate
02. Project Backup/S7_reference/V1_HVAC_/hOmSave7/s7hk32bx/HATTRME1.MDX,6144,MOVE_TO_FIELDDATA,PLC/HMI/SCADA backup candidate
02. Project Backup/S7_reference/V1_HVAC_/hOmSave7/s7hk32bx/HLASTID2.DBF,336,MOVE_TO_FIELDDATA,PLC/HMI/SCADA backup candidate
02. Project Backup/S7_reference/V1_HVAC_/hOmSave7/s7hk32bx/hLockID1,0,MOVE_TO_FIELDDATA,PLC/HMI/SCADA backup candidate
02. Project Backup/S7_reference/V1_HVAC_/hOmSave7/s7hk32bx/HOBJECT1.DBF,4650,MOVE_TO_FIELDDATA,PLC/HMI/SCADA backup candidate
02. Project Backup/S7_reference/V1_HVAC_/hOmSave7/s7hk32bx/HOBJECT1.MDX,4096,MOVE_TO_FIELDDATA,PLC/HMI/SCADA backup candidate
02. Project Backup/S7_reference/V1_HVAC_/hOmSave7/s7hk32bx/HRELATI1.DBF,1506,MOVE_TO_FIELDDATA,PLC/HMI/SCADA backup candidate
02. Project Backup/S7_reference/V1_HVAC_/hOmSave7/s7hk32bx/HRELATI1.MDX,6144,MOVE_TO_FIELDDATA,PLC/HMI/SCADA backup candidate
02. Project Backup/S7_reference/V1_HVAC_/hOmSave7/s7hk33ax/HATTARY1.DBF,2229,MOVE_TO_FIELDDATA,PLC/HMI/SCADA backup candidate
02. Project Backup/S7_reference/V1_HVAC_/hOmSave7/s7hk33ax/HATTARY1.DBT,19456,MOVE_TO_FIELDDATA,PLC/HMI/SCADA backup candidate
02. Project Backup/S7_reference/V1_HVAC_/hOmSave7/s7hk33ax/HATTARY1.MDX,4096,MOVE_TO_FIELDDATA,PLC/HMI/SCADA backup candidate
02. Project Backup/S7_reference/V1_HVAC_/hOmSave7/s7hk33ax/HATTRIB1.DBF,46846,MOVE_TO_FIELDDATA,PLC/HMI/SCADA backup candidate
02. Project Backup/S7_reference/V1_HVAC_/hOmSave7/s7hk33ax/HATTRIB1.MDX,14336,MOVE_TO_FIELDDATA,PLC/HMI/SCADA backup candidate
02. Project Backup/S7_reference/V1_HVAC_/hOmSave7/s7hk33ax/HATTRME1.DBF,8302,MOVE_TO_FIELDDATA,PLC/HMI/SCADA backup candidate
02. Project Backup/S7_reference/V1_HVAC_/hOmSave7/s7hk33ax/HATTRME1.DBT,95232,MOVE_TO_FIELDDATA,PLC/HMI/SCADA backup candidate
02. Project Backup/S7_reference/V1_HVAC_/hOmSave7/s7hk33ax/HATTRME1.MDX,15360,MOVE_TO_FIELDDATA,PLC/HMI/SCADA backup candidate
02. Project Backup/S7_reference/V1_HVAC_/hOmSave7/s7hk33ax/HLASTID2.DBF,336,MOVE_TO_FIELDDATA,PLC/HMI/SCADA backup candidate
02. Project Backup/S7_reference/V1_HVAC_/hOmSave7/s7hk33ax/hLockID1,0,MOVE_TO_FIELDDATA,PLC/HMI/SCADA backup candidate
02. Project Backup/S7_reference/V1_HVAC_/hOmSave7/s7hk33ax/HOBJECT1.DBF,19295,MOVE_TO_FIELDDATA,PLC/HMI/SCADA backup candidate
02. Project Backup/S7_reference/V1_HVAC_/hOmSave7/s7hk33ax/HOBJECT1.MDX,4096,MOVE_TO_FIELDDATA,PLC/HMI/SCADA backup candidate
02. Project Backup/S7_reference/V1_HVAC_/hOmSave7/s7hk33ax/HRELATI1.DBF,6030,MOVE_TO_FIELDDATA,PLC/HMI/SCADA backup candidate
02. Project Backup/S7_reference/V1_HVAC_/hOmSave7/s7hk33ax/HRELATI1.MDX,13312,MOVE_TO_FIELDDATA,PLC/HMI/SCADA backup candidate
02. Project Backup/S7_reference/V1_HVAC_/hOmSave7/s7hk33cx/HATTARY1.DBF,1184,MOVE_TO_FIELDDATA,PLC/HMI/SCADA backup candidate
02. Project Backup/S7_reference/V1_HVAC_/hOmSave7/s7hk33cx/HATTARY1.DBT,9728,MOVE_TO_FIELDDATA,PLC/HMI/SCADA backup candidate
02. Project Backup/S7_reference/V1_HVAC_/hOmSave7/s7hk33cx/HATTARY1.MDX,4096,MOVE_TO_FIELDDATA,PLC/HMI/SCADA backup candidate
02. Project Backup/S7_reference/V1_HVAC_/hOmSave7/s7hk33cx/HATTRIB1.DBF,22906,MOVE_TO_FIELDDATA,PLC/HMI/SCADA backup candidate
02. Project Backup/S7_reference/V1_HVAC_/hOmSave7/s7hk33cx/HATTRIB1.MDX,10240,MOVE_TO_FIELDDATA,PLC/HMI/SCADA backup candidate
02. Project Backup/S7_reference/V1_HVAC_/hOmSave7/s7hk33cx/HATTRME1.DBF,4122,MOVE_TO_FIELDDATA,PLC/HMI/SCADA backup candidate
02. Project Backup/S7_reference/V1_HVAC_/hOmSave7/s7hk33cx/HATTRME1.DBT,46592,MOVE_TO_FIELDDATA,PLC/HMI/SCADA backup candidate
02. Project Backup/S7_reference/V1_HVAC_/hOmSave7/s7hk33cx/HATTRME1.MDX,11264,MOVE_TO_FIELDDATA,PLC/HMI/SCADA backup candidate
02. Project Backup/S7_reference/V1_HVAC_/hOmSave7/s7hk33cx/HLASTID2.DBF,336,MOVE_TO_FIELDDATA,PLC/HMI/SCADA backup candidate
02. Project Backup/S7_reference/V1_HVAC_/hOmSave7/s7hk33cx/hLockID1,0,MOVE_TO_FIELDDATA,PLC/HMI/SCADA backup candidate
02. Project Backup/S7_reference/V1_HVAC_/hOmSave7/s7hk33cx/HOBJECT1.DBF,9700,MOVE_TO_FIELDDATA,PLC/HMI/SCADA backup candidate
02. Project Backup/S7_reference/V1_HVAC_/hOmSave7/s7hk33cx/HOBJECT1.MDX,4096,MOVE_TO_FIELDDATA,PLC/HMI/SCADA backup candidate
02. Project Backup/S7_reference/V1_HVAC_/hOmSave7/s7hk33cx/HRELATI1.DBF,3066,MOVE_TO_FIELDDATA,PLC/HMI/SCADA backup candidate
02. Project Backup/S7_reference/V1_HVAC_/hOmSave7/s7hk33cx/HRELATI1.MDX,9216,MOVE_TO_FIELDDATA,PLC/HMI/SCADA backup candidate
02. Project Backup/S7_reference/V1_HVAC_/hOmSave7/S7HK40AX/HATTARY1.DBF,744,MOVE_TO_FIELDDATA,PLC/HMI/SCADA backup candidate
02. Project Backup/S7_reference/V1_HVAC_/hOmSave7/S7HK40AX/HATTARY1.DBT,5632,MOVE_TO_FIELDDATA,PLC/HMI/SCADA backup candidate
02. Project Backup/S7_reference/V1_HVAC_/hOmSave7/S7HK40AX/HATTARY1.MDX,4096,MOVE_TO_FIELDDATA,PLC/HMI/SCADA backup candidate
02. Project Backup/S7_reference/V1_HVAC_/hOmSave7/S7HK40AX/HATTRIB1.DBF,12826,MOVE_TO_FIELDDATA,PLC/HMI/SCADA backup candidate
02. Project Backup/S7_reference/V1_HVAC_/hOmSave7/S7HK40AX/HATTRIB1.MDX,8192,MOVE_TO_FIELDDATA,PLC/HMI/SCADA backup candidate
02. Project Backup/S7_reference/V1_HVAC_/hOmSave7/S7HK40AX/HATTRME1.DBF,1922,MOVE_TO_FIELDDATA,PLC/HMI/SCADA backup candidate
02. Project Backup/S7_reference/V1_HVAC_/hOmSave7/S7HK40AX/HATTRME1.DBT,20992,MOVE_TO_FIELDDATA,PLC/HMI/SCADA backup candidate
02. Project Backup/S7_reference/V1_HVAC_/hOmSave7/S7HK40AX/HATTRME1.MDX,8192,MOVE_TO_FIELDDATA,PLC/HMI/SCADA backup candidate
02. Project Backup/S7_reference/V1_HVAC_/hOmSave7/S7HK40AX/HLASTID2.DBF,336,MOVE_TO_FIELDDATA,PLC/HMI/SCADA backup candidate
02. Project Backup/S7_reference/V1_HVAC_/hOmSave7/S7HK40AX/hLockID1,0,MOVE_TO_FIELDDATA,PLC/HMI/SCADA backup candidate
02. Project Backup/S7_reference/V1_HVAC_/hOmSave7/S7HK40AX/HOBJECT1.DBF,5660,MOVE_TO_FIELDDATA,PLC/HMI/SCADA backup candidate
02. Project Backup/S7_reference/V1_HVAC_/hOmSave7/S7HK40AX/HOBJECT1.MDX,4096,MOVE_TO_FIELDDATA,PLC/HMI/SCADA backup candidate
02. Project Backup/S7_reference/V1_HVAC_/hOmSave7/S7HK40AX/HRELATI1.DBF,1818,MOVE_TO_FIELDDATA,PLC/HMI/SCADA backup candidate
02. Project Backup/S7_reference/V1_HVAC_/hOmSave7/S7HK40AX/HRELATI1.MDX,8192,MOVE_TO_FIELDDATA,PLC/HMI/SCADA backup candidate
02. Project Backup/S7_reference/V1_HVAC_/hOmSave7/S7HK41AX/HATTARY1.DBF,744,MOVE_TO_FIELDDATA,PLC/HMI/SCADA backup candidate
02. Project Backup/S7_reference/V1_HVAC_/hOmSave7/S7HK41AX/HATTARY1.DBT,5632,MOVE_TO_FIELDDATA,PLC/HMI/SCADA backup candidate
02. Project Backup/S7_reference/V1_HVAC_/hOmSave7/S7HK41AX/HATTARY1.MDX,4096,MOVE_TO_FIELDDATA,PLC/HMI/SCADA backup candidate
02. Project Backup/S7_reference/V1_HVAC_/hOmSave7/S7HK41AX/HATTRIB1.DBF,22276,MOVE_TO_FIELDDATA,PLC/HMI/SCADA backup candidate
02. Project Backup/S7_reference/V1_HVAC_/hOmSave7/S7HK41AX/HATTRIB1.MDX,11264,MOVE_TO_FIELDDATA,PLC/HMI/SCADA backup candidate
02. Project Backup/S7_reference/V1_HVAC_/hOmSave7/S7HK41AX/HATTRME1.DBF,3682,MOVE_TO_FIELDDATA,PLC/HMI/SCADA backup candidate
02. Project Backup/S7_reference/V1_HVAC_/hOmSave7/S7HK41AX/HATTRME1.DBT,46592,MOVE_TO_FIELDDATA,PLC/HMI/SCADA backup candidate
02. Project Backup/S7_reference/V1_HVAC_/hOmSave7/S7HK41AX/HATTRME1.MDX,12288,MOVE_TO_FIELDDATA,PLC/HMI/SCADA backup candidate
02. Project Backup/S7_reference/V1_HVAC_/hOmSave7/S7HK41AX/HLASTID2.DBF,336,MOVE_TO_FIELDDATA,PLC/HMI/SCADA backup candidate
02. Project Backup/S7_reference/V1_HVAC_/hOmSave7/S7HK41AX/hLockID1,0,MOVE_TO_FIELDDATA,PLC/HMI/SCADA backup candidate
02. Project Backup/S7_reference/V1_HVAC_/hOmSave7/S7HK41AX/HOBJECT1.DBF,5660,MOVE_TO_FIELDDATA,PLC/HMI/SCADA backup candidate
02. Project Backup/S7_reference/V1_HVAC_/hOmSave7/S7HK41AX/HOBJECT1.MDX,4096,MOVE_TO_FIELDDATA,PLC/HMI/SCADA backup candidate
02. Project Backup/S7_reference/V1_HVAC_/hOmSave7/S7HK41AX/HRELATI1.DBF,19056,MOVE_TO_FIELDDATA,PLC/HMI/SCADA backup candidate
02. Project Backup/S7_reference/V1_HVAC_/hOmSave7/S7HK41AX/HRELATI1.MDX,30720,MOVE_TO_FIELDDATA,PLC/HMI/SCADA backup candidate
02. Project Backup/S7_reference/V1_HVAC_/hOmSave7/s7hk96ax/HATTARY1.DBF,414,MOVE_TO_FIELDDATA,PLC/HMI/SCADA backup candidate
02. Project Backup/S7_reference/V1_HVAC_/hOmSave7/s7hk96ax/HATTARY1.DBT,2560,MOVE_TO_FIELDDATA,PLC/HMI/SCADA backup candidate
02. Project Backup/S7_reference/V1_HVAC_/hOmSave7/s7hk96ax/HATTARY1.MDX,4096,MOVE_TO_FIELDDATA,PLC/HMI/SCADA backup candidate
02. Project Backup/S7_reference/V1_HVAC_/hOmSave7/s7hk96ax/HATTRIB1.DBF,5266,MOVE_TO_FIELDDATA,PLC/HMI/SCADA backup candidate
02. Project Backup/S7_reference/V1_HVAC_/hOmSave7/s7hk96ax/HATTRIB1.MDX,6144,MOVE_TO_FIELDDATA,PLC/HMI/SCADA backup candidate
02. Project Backup/S7_reference/V1_HVAC_/hOmSave7/s7hk96ax/HATTRME1.DBF,866,MOVE_TO_FIELDDATA,PLC/HMI/SCADA backup candidate
02. Project Backup/S7_reference/V1_HVAC_/hOmSave7/s7hk96ax/HATTRME1.DBT,8704,MOVE_TO_FIELDDATA,PLC/HMI/SCADA backup candidate
02. Project Backup/S7_reference/V1_HVAC_/hOmSave7/s7hk96ax/HATTRME1.MDX,6144,MOVE_TO_FIELDDATA,PLC/HMI/SCADA backup candidate
02. Project Backup/S7_reference/V1_HVAC_/hOmSave7/s7hk96ax/HLASTID2.DBF,336,MOVE_TO_FIELDDATA,PLC/HMI/SCADA backup candidate
02. Project Backup/S7_reference/V1_HVAC_/hOmSave7/s7hk96ax/hLockID1,0,MOVE_TO_FIELDDATA,PLC/HMI/SCADA backup candidate
02. Project Backup/S7_reference/V1_HVAC_/hOmSave7/s7hk96ax/HOBJECT1.DBF,2630,MOVE_TO_FIELDDATA,PLC/HMI/SCADA backup candidate
02. Project Backup/S7_reference/V1_HVAC_/hOmSave7/s7hk96ax/HOBJECT1.MDX,4096,MOVE_TO_FIELDDATA,PLC/HMI/SCADA backup candidate
02. Project Backup/S7_reference/V1_HVAC_/hOmSave7/s7hk96ax/HRELATI1.DBF,726,MOVE_TO_FIELDDATA,PLC/HMI/SCADA backup candidate
02. Project Backup/S7_reference/V1_HVAC_/hOmSave7/s7hk96ax/HRELATI1.MDX,6144,MOVE_TO_FIELDDATA,PLC/HMI/SCADA backup candidate
02. Project Backup/S7_reference/V1_HVAC_/hOmSave7/s7hkdmax/HATTARY1.DBF,414,MOVE_TO_FIELDDATA,PLC/HMI/SCADA backup candidate
02. Project Backup/S7_reference/V1_HVAC_/hOmSave7/s7hkdmax/HATTARY1.DBT,2560,MOVE_TO_FIELDDATA,PLC/HMI/SCADA backup candidate
02. Project Backup/S7_reference/V1_HVAC_/hOmSave7/s7hkdmax/HATTARY1.MDX,4096,MOVE_TO_FIELDDATA,PLC/HMI/SCADA backup candidate
02. Project Backup/S7_reference/V1_HVAC_/hOmSave7/s7hkdmax/HATTRIB1.DBF,5266,MOVE_TO_FIELDDATA,PLC/HMI/SCADA backup candidate
02. Project Backup/S7_reference/V1_HVAC_/hOmSave7/s7hkdmax/HATTRIB1.MDX,6144,MOVE_TO_FIELDDATA,PLC/HMI/SCADA backup candidate
02. Project Backup/S7_reference/V1_HVAC_/hOmSave7/s7hkdmax/HATTRME1.DBF,866,MOVE_TO_FIELDDATA,PLC/HMI/SCADA backup candidate
02. Project Backup/S7_reference/V1_HVAC_/hOmSave7/s7hkdmax/HATTRME1.DBT,8704,MOVE_TO_FIELDDATA,PLC/HMI/SCADA backup candidate
02. Project Backup/S7_reference/V1_HVAC_/hOmSave7/s7hkdmax/HATTRME1.MDX,6144,MOVE_TO_FIELDDATA,PLC/HMI/SCADA backup candidate
02. Project Backup/S7_reference/V1_HVAC_/hOmSave7/s7hkdmax/HLASTID2.DBF,336,MOVE_TO_FIELDDATA,PLC/HMI/SCADA backup candidate
02. Project Backup/S7_reference/V1_HVAC_/hOmSave7/s7hkdmax/hLockID1,0,MOVE_TO_FIELDDATA,PLC/HMI/SCADA backup candidate
02. Project Backup/S7_reference/V1_HVAC_/hOmSave7/s7hkdmax/HOBJECT1.DBF,2630,MOVE_TO_FIELDDATA,PLC/HMI/SCADA backup candidate
02. Project Backup/S7_reference/V1_HVAC_/hOmSave7/s7hkdmax/HOBJECT1.MDX,4096,MOVE_TO_FIELDDATA,PLC/HMI/SCADA backup candidate
02. Project Backup/S7_reference/V1_HVAC_/hOmSave7/s7hkdmax/HRELATI1.DBF,1350,MOVE_TO_FIELDDATA,PLC/HMI/SCADA backup candidate
02. Project Backup/S7_reference/V1_HVAC_/hOmSave7/s7hkdmax/HRELATI1.MDX,6144,MOVE_TO_FIELDDATA,PLC/HMI/SCADA backup candidate
02. Project Backup/S7_reference/V1_HVAC_/hOmSave7/s7hsl7ax/HATTARY1.DBF,1184,MOVE_TO_FIELDDATA,PLC/HMI/SCADA backup candidate
02. Project Backup/S7_reference/V1_HVAC_/hOmSave7/s7hsl7ax/HATTARY1.DBT,9728,MOVE_TO_FIELDDATA,PLC/HMI/SCADA backup candidate
02. Project Backup/S7_reference/V1_HVAC_/hOmSave7/s7hsl7ax/HATTARY1.MDX,4096,MOVE_TO_FIELDDATA,PLC/HMI/SCADA backup candidate
02. Project Backup/S7_reference/V1_HVAC_/hOmSave7/s7hsl7ax/HATTRIB1.DBF,51256,MOVE_TO_FIELDDATA,PLC/HMI/SCADA backup candidate
02. Project Backup/S7_reference/V1_HVAC_/hOmSave7/s7hsl7ax/HATTRIB1.MDX,14336,MOVE_TO_FIELDDATA,PLC/HMI/SCADA backup candidate
02. Project Backup/S7_reference/V1_HVAC_/hOmSave7/s7hsl7ax/HATTRME1.DBF,3330,MOVE_TO_FIELDDATA,PLC/HMI/SCADA backup candidate
02. Project Backup/S7_reference/V1_HVAC_/hOmSave7/s7hsl7ax/HATTRME1.DBT,46592,MOVE_TO_FIELDDATA,PLC/HMI/SCADA backup candidate
02. Project Backup/S7_reference/V1_HVAC_/hOmSave7/s7hsl7ax/HATTRME1.MDX,10240,MOVE_TO_FIELDDATA,PLC/HMI/SCADA backup candidate
02. Project Backup/S7_reference/V1_HVAC_/hOmSave7/s7hsl7ax/HLASTID2.DBF,336,MOVE_TO_FIELDDATA,PLC/HMI/SCADA backup candidate
02. Project Backup/S7_reference/V1_HVAC_/hOmSave7/s7hsl7ax/hLockID1,0,MOVE_TO_FIELDDATA,PLC/HMI/SCADA backup candidate
02. Project Backup/S7_reference/V1_HVAC_/hOmSave7/s7hsl7ax/HOBJECT1.DBF,9700,MOVE_TO_FIELDDATA,PLC/HMI/SCADA backup candidate
02. Project Backup/S7_reference/V1_HVAC_/hOmSave7/s7hsl7ax/HOBJECT1.MDX,4096,MOVE_TO_FIELDDATA,PLC/HMI/SCADA backup candidate
02. Project Backup/S7_reference/V1_HVAC_/hOmSave7/s7hsl7ax/HRELATI1.DBF,13986,MOVE_TO_FIELDDATA,PLC/HMI/SCADA backup candidate
02. Project Backup/S7_reference/V1_HVAC_/hOmSave7/s7hsl7ax/HRELATI1.MDX,20480,MOVE_TO_FIELDDATA,PLC/HMI/SCADA backup candidate
02. Project Backup/S7_reference/V1_HVAC_/hOmSave7/s7hss30x/HATTARY1.DBF,1404,MOVE_TO_FIELDDATA,PLC/HMI/SCADA backup candidate
02. Project Backup/S7_reference/V1_HVAC_/hOmSave7/s7hss30x/HATTARY1.DBT,11776,MOVE_TO_FIELDDATA,PLC/HMI/SCADA backup candidate
02. Project Backup/S7_reference/V1_HVAC_/hOmSave7/s7hss30x/HATTARY1.MDX,4096,MOVE_TO_FIELDDATA,PLC/HMI/SCADA backup candidate
02. Project Backup/S7_reference/V1_HVAC_/hOmSave7/s7hss30x/HATTRIB1.DBF,21646,MOVE_TO_FIELDDATA,PLC/HMI/SCADA backup candidate
02. Project Backup/S7_reference/V1_HVAC_/hOmSave7/s7hss30x/HATTRIB1.MDX,10240,MOVE_TO_FIELDDATA,PLC/HMI/SCADA backup candidate
02. Project Backup/S7_reference/V1_HVAC_/hOmSave7/s7hss30x/HATTRME1.DBF,250,MOVE_TO_FIELDDATA,PLC/HMI/SCADA backup candidate
02. Project Backup/S7_reference/V1_HVAC_/hOmSave7/s7hss30x/HATTRME1.DBT,1536,MOVE_TO_FIELDDATA,PLC/HMI/SCADA backup candidate
02. Project Backup/S7_reference/V1_HVAC_/hOmSave7/s7hss30x/HATTRME1.MDX,6144,MOVE_TO_FIELDDATA,PLC/HMI/SCADA backup candidate
02. Project Backup/S7_reference/V1_HVAC_/hOmSave7/s7hss30x/HLASTID2.DBF,336,MOVE_TO_FIELDDATA,PLC/HMI/SCADA backup candidate
02. Project Backup/S7_reference/V1_HVAC_/hOmSave7/s7hss30x/hLockID1,0,MOVE_TO_FIELDDATA,PLC/HMI/SCADA backup candidate
02. Project Backup/S7_reference/V1_HVAC_/hOmSave7/s7hss30x/HOBJECT1.DBF,11720,MOVE_TO_FIELDDATA,PLC/HMI/SCADA backup candidate
02. Project Backup/S7_reference/V1_HVAC_/hOmSave7/s7hss30x/HOBJECT1.MDX,4096,MOVE_TO_FIELDDATA,PLC/HMI/SCADA backup candidate
02. Project Backup/S7_reference/V1_HVAC_/hOmSave7/s7hss30x/HRELATI1.DBF,15546,MOVE_TO_FIELDDATA,PLC/HMI/SCADA backup candidate
02. Project Backup/S7_reference/V1_HVAC_/hOmSave7/s7hss30x/HRELATI1.MDX,23552,MOVE_TO_FIELDDATA,PLC/HMI/SCADA backup candidate
02. Project Backup/S7_reference/V1_HVAC_/hOmSave7/s7hssiox/HATTARY1.DBF,799,MOVE_TO_FIELDDATA,PLC/HMI/SCADA backup candidate
02. Project Backup/S7_reference/V1_HVAC_/hOmSave7/s7hssiox/HATTARY1.DBT,6144,MOVE_TO_FIELDDATA,PLC/HMI/SCADA backup candidate
02. Project Backup/S7_reference/V1_HVAC_/hOmSave7/s7hssiox/HATTARY1.MDX,4096,MOVE_TO_FIELDDATA,PLC/HMI/SCADA backup candidate
02. Project Backup/S7_reference/V1_HVAC_/hOmSave7/s7hssiox/HATTRIB1.DBF,27946,MOVE_TO_FIELDDATA,PLC/HMI/SCADA backup candidate
02. Project Backup/S7_reference/V1_HVAC_/hOmSave7/s7hssiox/HATTRIB1.MDX,12288,MOVE_TO_FIELDDATA,PLC/HMI/SCADA backup candidate
02. Project Backup/S7_reference/V1_HVAC_/hOmSave7/s7hssiox/HATTRME1.DBF,1130,MOVE_TO_FIELDDATA,PLC/HMI/SCADA backup candidate
02. Project Backup/S7_reference/V1_HVAC_/hOmSave7/s7hssiox/HATTRME1.DBT,11776,MOVE_TO_FIELDDATA,PLC/HMI/SCADA backup candidate
02. Project Backup/S7_reference/V1_HVAC_/hOmSave7/s7hssiox/HATTRME1.MDX,6144,MOVE_TO_FIELDDATA,PLC/HMI/SCADA backup candidate
02. Project Backup/S7_reference/V1_HVAC_/hOmSave7/s7hssiox/HLASTID2.DBF,336,MOVE_TO_FIELDDATA,PLC/HMI/SCADA backup candidate
02. Project Backup/S7_reference/V1_HVAC_/hOmSave7/s7hssiox/hLockID1,0,MOVE_TO_FIELDDATA,PLC/HMI/SCADA backup candidate
02. Project Backup/S7_reference/V1_HVAC_/hOmSave7/s7hssiox/HOBJECT1.DBF,6165,MOVE_TO_FIELDDATA,PLC/HMI/SCADA backup candidate
02. Project Backup/S7_reference/V1_HVAC_/hOmSave7/s7hssiox/HOBJECT1.MDX,4096,MOVE_TO_FIELDDATA,PLC/HMI/SCADA backup candidate
02. Project Backup/S7_reference/V1_HVAC_/hOmSave7/s7hssiox/HRELATI1.DBF,5406,MOVE_TO_FIELDDATA,PLC/HMI/SCADA backup candidate
02. Project Backup/S7_reference/V1_HVAC_/hOmSave7/s7hssiox/HRELATI1.MDX,16384,MOVE_TO_FIELDDATA,PLC/HMI/SCADA backup candidate
02. Project Backup/S7_reference/V1_HVAC_/hOmSave7/s7hstatx/13.s7h,3419,MOVE_TO_FIELDDATA,PLC/HMI/SCADA backup candidate
02. Project Backup/S7_reference/V1_HVAC_/hOmSave7/s7hstatx/17.s7h,22831,MOVE_TO_FIELDDATA,PLC/HMI/SCADA backup candidate
02. Project Backup/S7_reference/V1_HVAC_/hOmSave7/s7hstatx/1a.s7h,3419,MOVE_TO_FIELDDATA,PLC/HMI/SCADA backup candidate
02. Project Backup/S7_reference/V1_HVAC_/hOmSave7/s7hstatx/1e.s7h,3351,MOVE_TO_FIELDDATA,PLC/HMI/SCADA backup candidate
02. Project Backup/S7_reference/V1_HVAC_/hOmSave7/s7hstatx/2e.s7h,3409,MOVE_TO_FIELDDATA,PLC/HMI/SCADA backup candidate
02. Project Backup/S7_reference/V1_HVAC_/hOmSave7/s7hstatx/3.s7h,58840,MOVE_TO_FIELDDATA,PLC/HMI/SCADA backup candidate
02. Project Backup/S7_reference/V1_HVAC_/hOmSave7/s7hstatx/32.s7h,3397,MOVE_TO_FIELDDATA,PLC/HMI/SCADA backup candidate
02. Project Backup/S7_reference/V1_HVAC_/hOmSave7/s7hstatx/6.s7h,59956,MOVE_TO_FIELDDATA,PLC/HMI/SCADA backup candidate
02. Project Backup/S7_reference/V1_HVAC_/hOmSave7/s7hstatx/9.s7h,41624,MOVE_TO_FIELDDATA,PLC/HMI/SCADA backup candidate
02. Project Backup/S7_reference/V1_HVAC_/hOmSave7/s7hstatx/c.s7h,68635,MOVE_TO_FIELDDATA,PLC/HMI/SCADA backup candidate
02. Project Backup/S7_reference/V1_HVAC_/hOmSave7/s7hstatx/f.s7h,9940,MOVE_TO_FIELDDATA,PLC/HMI/SCADA backup candidate
02. Project Backup/S7_reference/V1_HVAC_/hOmSave7/s7hstatx/HADDRES3.DBF,430,MOVE_TO_FIELDDATA,PLC/HMI/SCADA backup candidate
02. Project Backup/S7_reference/V1_HVAC_/hOmSave7/s7hstatx/HADDRES3.DBT,6656,MOVE_TO_FIELDDATA,PLC/HMI/SCADA backup candidate
02. Project Backup/S7_reference/V1_HVAC_/hOmSave7/s7hstatx/HADDRES3.MDX,4096,MOVE_TO_FIELDDATA,PLC/HMI/SCADA backup candidate
02. Project Backup/S7_reference/V1_HVAC_/hOmSave7/s7hstatx/HATTARY1.DBF,359,MOVE_TO_FIELDDATA,PLC/HMI/SCADA backup candidate
02. Project Backup/S7_reference/V1_HVAC_/hOmSave7/s7hstatx/HATTARY1.DBT,2048,MOVE_TO_FIELDDATA,PLC/HMI/SCADA backup candidate
02. Project Backup/S7_reference/V1_HVAC_/hOmSave7/s7hstatx/HATTARY1.MDX,4096,MOVE_TO_FIELDDATA,PLC/HMI/SCADA backup candidate
02. Project Backup/S7_reference/V1_HVAC_/hOmSave7/s7hstatx/HATTRIB1.DBF,3376,MOVE_TO_FIELDDATA,PLC/HMI/SCADA backup candidate
02. Project Backup/S7_reference/V1_HVAC_/hOmSave7/s7hstatx/HATTRIB1.MDX,6144,MOVE_TO_FIELDDATA,PLC/HMI/SCADA backup candidate
02. Project Backup/S7_reference/V1_HVAC_/hOmSave7/s7hstatx/HATTRME1.DBF,470,MOVE_TO_FIELDDATA,PLC/HMI/SCADA backup candidate
02. Project Backup/S7_reference/V1_HVAC_/hOmSave7/s7hstatx/HATTRME1.DBT,4096,MOVE_TO_FIELDDATA,PLC/HMI/SCADA backup candidate
02. Project Backup/S7_reference/V1_HVAC_/hOmSave7/s7hstatx/HATTRME1.MDX,6144,MOVE_TO_FIELDDATA,PLC/HMI/SCADA backup candidate
02. Project Backup/S7_reference/V1_HVAC_/hOmSave7/s7hstatx/HLASTID2.DBF,336,MOVE_TO_FIELDDATA,PLC/HMI/SCADA backup candidate
02. Project Backup/S7_reference/V1_HVAC_/hOmSave7/s7hstatx/hLockID1,0,MOVE_TO_FIELDDATA,PLC/HMI/SCADA backup candidate
02. Project Backup/S7_reference/V1_HVAC_/hOmSave7/s7hstatx/HOBJECT1.DBF,2125,MOVE_TO_FIELDDATA,PLC/HMI/SCADA backup candidate
02. Project Backup/S7_reference/V1_HVAC_/hOmSave7/s7hstatx/HOBJECT1.MDX,4096,MOVE_TO_FIELDDATA,PLC/HMI/SCADA backup candidate
02. Project Backup/S7_reference/V1_HVAC_/hOmSave7/s7hstatx/HRELATI1.DBF,6342,MOVE_TO_FIELDDATA,PLC/HMI/SCADA backup candidate
02. Project Backup/S7_reference/V1_HVAC_/hOmSave7/s7hstatx/HRELATI1.MDX,13312,MOVE_TO_FIELDDATA,PLC/HMI/SCADA backup candidate
02. Project Backup/S7_reference/V1_HVAC_/hOmSave7/s7wb53ax/HATTARY1.DBF,854,MOVE_TO_FIELDDATA,PLC/HMI/SCADA backup candidate
02. Project Backup/S7_reference/V1_HVAC_/hOmSave7/s7wb53ax/HATTARY1.DBT,9728,MOVE_TO_FIELDDATA,PLC/HMI/SCADA backup candidate
02. Project Backup/S7_reference/V1_HVAC_/hOmSave7/s7wb53ax/HATTARY1.MDX,4096,MOVE_TO_FIELDDATA,PLC/HMI/SCADA backup candidate
02. Project Backup/S7_reference/V1_HVAC_/hOmSave7/s7wb53ax/HATTRIB1.DBF,39916,MOVE_TO_FIELDDATA,PLC/HMI/SCADA backup candidate
02. Project Backup/S7_reference/V1_HVAC_/hOmSave7/s7wb53ax/HATTRIB1.MDX,12288,MOVE_TO_FIELDDATA,PLC/HMI/SCADA backup candidate
02. Project Backup/S7_reference/V1_HVAC_/hOmSave7/s7wb53ax/HATTRME1.DBF,1966,MOVE_TO_FIELDDATA,PLC/HMI/SCADA backup candidate
02. Project Backup/S7_reference/V1_HVAC_/hOmSave7/s7wb53ax/HATTRME1.DBT,21504,MOVE_TO_FIELDDATA,PLC/HMI/SCADA backup candidate
02. Project Backup/S7_reference/V1_HVAC_/hOmSave7/s7wb53ax/HATTRME1.MDX,8192,MOVE_TO_FIELDDATA,PLC/HMI/SCADA backup candidate
02. Project Backup/S7_reference/V1_HVAC_/hOmSave7/s7wb53ax/HLASTID2.DBF,336,MOVE_TO_FIELDDATA,PLC/HMI/SCADA backup candidate
02. Project Backup/S7_reference/V1_HVAC_/hOmSave7/s7wb53ax/hLockID1,0,MOVE_TO_FIELDDATA,PLC/HMI/SCADA backup candidate
02. Project Backup/S7_reference/V1_HVAC_/hOmSave7/s7wb53ax/HOBJECT1.DBF,6670,MOVE_TO_FIELDDATA,PLC/HMI/SCADA backup candidate
02. Project Backup/S7_reference/V1_HVAC_/hOmSave7/s7wb53ax/HOBJECT1.MDX,4096,MOVE_TO_FIELDDATA,PLC/HMI/SCADA backup candidate
02. Project Backup/S7_reference/V1_HVAC_/hOmSave7/s7wb53ax/HRELATI1.DBF,6810,MOVE_TO_FIELDDATA,PLC/HMI/SCADA backup candidate
02. Project Backup/S7_reference/V1_HVAC_/hOmSave7/s7wb53ax/HRELATI1.MDX,14336,MOVE_TO_FIELDDATA,PLC/HMI/SCADA backup candidate
02. Project Backup/S7_reference/V1_HVAC_/hrs/GNRESOFF.DBF,60074,MOVE_TO_FIELDDATA,PLC/HMI/SCADA backup candidate
02. Project Backup/S7_reference/V1_HVAC_/hrs/GNRESOFF.MDX,6144,MOVE_TO_FIELDDATA,PLC/HMI/SCADA backup candidate
02. Project Backup/S7_reference/V1_HVAC_/hrs/lastrgf.res,4,MOVE_TO_FIELDDATA,PLC/HMI/SCADA backup candidate
02. Project Backup/S7_reference/V1_HVAC_/hrs/lastrsf.res,4,MOVE_TO_FIELDDATA,PLC/HMI/SCADA backup candidate
02. Project Backup/S7_reference/V1_HVAC_/hrs/lastrsn.res,4,MOVE_TO_FIELDDATA,PLC/HMI/SCADA backup candidate
02. Project Backup/S7_reference/V1_HVAC_/hrs/linkhrs.lnk,114176,MOVE_TO_FIELDDATA,PLC/HMI/SCADA backup candidate
02. Project Backup/S7_reference/V1_HVAC_/hrs/rgflock.res,0,MOVE_TO_FIELDDATA,PLC/HMI/SCADA backup candidate
02. Project Backup/S7_reference/V1_HVAC_/hrs/rsflock.res,0,MOVE_TO_FIELDDATA,PLC/HMI/SCADA backup candidate
02. Project Backup/S7_reference/V1_HVAC_/hrs/rsnlock.res,0,MOVE_TO_FIELDDATA,PLC/HMI/SCADA backup candidate
02. Project Backup/S7_reference/V1_HVAC_/hrs/S7RESOFF.DBF,21464,MOVE_TO_FIELDDATA,PLC/HMI/SCADA backup candidate
02. Project Backup/S7_reference/V1_HVAC_/hrs/S7RESOFF.MDX,4096,MOVE_TO_FIELDDATA,PLC/HMI/SCADA backup candidate
02. Project Backup/S7_reference/V1_HVAC_/hrs/S7RESONL.DBF,79443,MOVE_TO_FIELDDATA,PLC/HMI/SCADA backup candidate
02. Project Backup/S7_reference/V1_HVAC_/hrs/S7RESONL.MDX,7168,MOVE_TO_FIELDDATA,PLC/HMI/SCADA backup candidate
02. Project Backup/S7_reference/V1_HVAC_/link.lnk,2048,MOVE_TO_FIELDDATA,PLC/HMI/SCADA backup candidate
02. Project Backup/S7_reference/V1_HVAC_/meldeom/meldvers.dat,4,MOVE_TO_FIELDDATA,PLC/HMI/SCADA backup candidate
02. Project Backup/S7_reference/V1_HVAC_/meldeom/TEXTLNK.DBF,336,MOVE_TO_FIELDDATA,PLC/HMI/SCADA backup candidate
02. Project Backup/S7_reference/V1_HVAC_/meldeom/TEXTLNK.MDX,12288,MOVE_TO_FIELDDATA,PLC/HMI/SCADA backup candidate
02. Project Backup/S7_reference/V1_HVAC_/meldeom/TEXTOM.DBF,872,MOVE_TO_FIELDDATA,PLC/HMI/SCADA backup candidate
02. Project Backup/S7_reference/V1_HVAC_/meldeom/TEXTOM.DBT,1024,MOVE_TO_FIELDDATA,PLC/HMI/SCADA backup candidate
02. Project Backup/S7_reference/V1_HVAC_/meldeom/textom.hid,4,MOVE_TO_FIELDDATA,PLC/HMI/SCADA backup candidate
02. Project Backup/S7_reference/V1_HVAC_/meldeom/textom.lck,0,MOVE_TO_FIELDDATA,PLC/HMI/SCADA backup candidate
02. Project Backup/S7_reference/V1_HVAC_/meldeom/TEXTOM.MDX,8192,MOVE_TO_FIELDDATA,PLC/HMI/SCADA backup candidate
02. Project Backup/S7_reference/V1_HVAC_/ombstx/offline/00000002/BAUSTEIN.DBF,258,MOVE_TO_FIELDDATA,PLC/HMI/SCADA backup candidate
02. Project Backup/S7_reference/V1_HVAC_/ombstx/offline/00000002/BAUSTEIN.DBT,24,MOVE_TO_FIELDDATA,PLC/HMI/SCADA backup candidate
02. Project Backup/S7_reference/V1_HVAC_/ombstx/offline/00000002/baustein.id,4,MOVE_TO_FIELDDATA,PLC/HMI/SCADA backup candidate
02. Project Backup/S7_reference/V1_HVAC_/ombstx/offline/00000002/baustein.lck,0,MOVE_TO_FIELDDATA,PLC/HMI/SCADA backup candidate
02. Project Backup/S7_reference/V1_HVAC_/ombstx/offline/00000002/BAUSTEIN.MDX,6144,MOVE_TO_FIELDDATA,PLC/HMI/SCADA backup candidate
02. Project Backup/S7_reference/V1_HVAC_/ombstx/offline/00000002/links.lnk,1024,MOVE_TO_FIELDDATA,PLC/HMI/SCADA backup candidate
02. Project Backup/S7_reference/V1_HVAC_/ombstx/offline/00000002/SUBBLK.DBF,834,MOVE_TO_FIELDDATA,PLC/HMI/SCADA backup candidate
02. Project Backup/S7_reference/V1_HVAC_/ombstx/offline/00000002/SUBBLK.DBT,24,MOVE_TO_FIELDDATA,PLC/HMI/SCADA backup candidate
02. Project Backup/S7_reference/V1_HVAC_/ombstx/offline/00000002/usfapx.ini,0,MOVE_TO_FIELDDATA,PLC/HMI/SCADA backup candidate
02. Project Backup/S7_reference/V1_HVAC_/ombstx/offline/00000003/BAUSTEIN.DBF,351,MOVE_TO_FIELDDATA,PLC/HMI/SCADA backup candidate
02. Project Backup/S7_reference/V1_HVAC_/ombstx/offline/00000003/BAUSTEIN.DBT,1024,MOVE_TO_FIELDDATA,PLC/HMI/SCADA backup candidate
02. Project Backup/S7_reference/V1_HVAC_/ombstx/offline/00000003/baustein.id,4,MOVE_TO_FIELDDATA,PLC/HMI/SCADA backup candidate
02. Project Backup/S7_reference/V1_HVAC_/ombstx/offline/00000003/baustein.lck,0,MOVE_TO_FIELDDATA,PLC/HMI/SCADA backup candidate
02. Project Backup/S7_reference/V1_HVAC_/ombstx/offline/00000003/BAUSTEIN.MDX,6144,MOVE_TO_FIELDDATA,PLC/HMI/SCADA backup candidate
02. Project Backup/S7_reference/V1_HVAC_/ombstx/offline/00000003/links.lnk,1024,MOVE_TO_FIELDDATA,PLC/HMI/SCADA backup candidate
02. Project Backup/S7_reference/V1_HVAC_/ombstx/offline/00000003/SUBBLK.DBF,1602,MOVE_TO_FIELDDATA,PLC/HMI/SCADA backup candidate
02. Project Backup/S7_reference/V1_HVAC_/ombstx/offline/00000003/SUBBLK.DBT,5120,MOVE_TO_FIELDDATA,PLC/HMI/SCADA backup candidate
02. Project Backup/S7_reference/V1_HVAC_/ombstx/offline/00000003/usfapx.ini,0,MOVE_TO_FIELDDATA,PLC/HMI/SCADA backup candidate
02. Project Backup/S7_reference/V1_HVAC_/ombstx/offline/00000004/BAUSTEIN.DBF,258,MOVE_TO_FIELDDATA,PLC/HMI/SCADA backup candidate
02. Project Backup/S7_reference/V1_HVAC_/ombstx/offline/00000004/BAUSTEIN.DBT,24,MOVE_TO_FIELDDATA,PLC/HMI/SCADA backup candidate
02. Project Backup/S7_reference/V1_HVAC_/ombstx/offline/00000004/baustein.id,4,MOVE_TO_FIELDDATA,PLC/HMI/SCADA backup candidate
02. Project Backup/S7_reference/V1_HVAC_/ombstx/offline/00000004/baustein.lck,0,MOVE_TO_FIELDDATA,PLC/HMI/SCADA backup candidate
02. Project Backup/S7_reference/V1_HVAC_/ombstx/offline/00000004/BAUSTEIN.MDX,6144,MOVE_TO_FIELDDATA,PLC/HMI/SCADA backup candidate
02. Project Backup/S7_reference/V1_HVAC_/ombstx/offline/00000004/links.lnk,1024,MOVE_TO_FIELDDATA,PLC/HMI/SCADA backup candidate
02. Project Backup/S7_reference/V1_HVAC_/ombstx/offline/00000004/SUBBLK.DBF,834,MOVE_TO_FIELDDATA,PLC/HMI/SCADA backup candidate
02. Project Backup/S7_reference/V1_HVAC_/ombstx/offline/00000004/SUBBLK.DBT,24,MOVE_TO_FIELDDATA,PLC/HMI/SCADA backup candidate
02. Project Backup/S7_reference/V1_HVAC_/ombstx/offline/00000004/usfapx.ini,0,MOVE_TO_FIELDDATA,PLC/HMI/SCADA backup candidate
02. Project Backup/S7_reference/V1_HVAC_/ombstx/offline/00000005/BAUSTEIN.DBF,53082,MOVE_TO_FIELDDATA,PLC/HMI/SCADA backup candidate
02. Project Backup/S7_reference/V1_HVAC_/ombstx/offline/00000005/BAUSTEIN.DBT,322048,MOVE_TO_FIELDDATA,PLC/HMI/SCADA backup candidate
02. Project Backup/S7_reference/V1_HVAC_/ombstx/offline/00000005/baustein.id,4,MOVE_TO_FIELDDATA,PLC/HMI/SCADA backup candidate
02. Project Backup/S7_reference/V1_HVAC_/ombstx/offline/00000005/baustein.lck,0,MOVE_TO_FIELDDATA,PLC/HMI/SCADA backup candidate
02. Project Backup/S7_reference/V1_HVAC_/ombstx/offline/00000005/BAUSTEIN.MDX,38912,MOVE_TO_FIELDDATA,PLC/HMI/SCADA backup candidate
02. Project Backup/S7_reference/V1_HVAC_/ombstx/offline/00000005/links.lnk,1024,MOVE_TO_FIELDDATA,PLC/HMI/SCADA backup candidate
02. Project Backup/S7_reference/V1_HVAC_/ombstx/offline/00000005/SUBBLK.DBF,336642,MOVE_TO_FIELDDATA,PLC/HMI/SCADA backup candidate
02. Project Backup/S7_reference/V1_HVAC_/ombstx/offline/00000005/SUBBLK.DBT,6236160,MOVE_TO_FIELDDATA,PLC/HMI/SCADA backup candidate
02. Project Backup/S7_reference/V1_HVAC_/ombstx/offline/00000005/usfapx.ini,0,MOVE_TO_FIELDDATA,PLC/HMI/SCADA backup candidate
02. Project Backup/S7_reference/V1_HVAC_/ombstx/offline/BSTCNTOF.DBF,27458,MOVE_TO_FIELDDATA,PLC/HMI/SCADA backup candidate
02. Project Backup/S7_reference/V1_HVAC_/ombstx/offline/bstcntof.id,4,MOVE_TO_FIELDDATA,PLC/HMI/SCADA backup candidate
02. Project Backup/S7_reference/V1_HVAC_/ombstx/offline/bstcntof.lck,0,MOVE_TO_FIELDDATA,PLC/HMI/SCADA backup candidate
02. Project Backup/S7_reference/V1_HVAC_/ombstx/offline/BSTCNTOF.MDX,4096,MOVE_TO_FIELDDATA,PLC/HMI/SCADA backup candidate
02. Project Backup/S7_reference/V1_HVAC_/ombstx/online/BSTCNTON.DBF,67634,MOVE_TO_FIELDDATA,PLC/HMI/SCADA backup candidate
02. Project Backup/S7_reference/V1_HVAC_/ombstx/online/bstcnton.id,4,MOVE_TO_FIELDDATA,PLC/HMI/SCADA backup candidate
02. Project Backup/S7_reference/V1_HVAC_/ombstx/online/bstcnton.lck,0,MOVE_TO_FIELDDATA,PLC/HMI/SCADA backup candidate
02. Project Backup/S7_reference/V1_HVAC_/ombstx/online/BSTCNTON.MDX,7168,MOVE_TO_FIELDDATA,PLC/HMI/SCADA backup candidate
02. Project Backup/S7_reference/V1_HVAC_/ombstx/online/links.lnk,69632,MOVE_TO_FIELDDATA,PLC/HMI/SCADA backup candidate
02. Project Backup/S7_reference/V1_HVAC_/omgd/gdflock.res,0,MOVE_TO_FIELDDATA,PLC/HMI/SCADA backup candidate
02. Project Backup/S7_reference/V1_HVAC_/omgd/lastgd,4,MOVE_TO_FIELDDATA,PLC/HMI/SCADA backup candidate
02. Project Backup/S7_reference/V1_HVAC_/omgd/linkgd/00000001.DBF,414,MOVE_TO_FIELDDATA,PLC/HMI/SCADA backup candidate
02. Project Backup/S7_reference/V1_HVAC_/omgd/linkgd/00000002.DBF,336,MOVE_TO_FIELDDATA,PLC/HMI/SCADA backup candidate
02. Project Backup/S7_reference/V1_HVAC_/omgd/linkgd/00000003.DBF,336,MOVE_TO_FIELDDATA,PLC/HMI/SCADA backup candidate
02. Project Backup/S7_reference/V1_HVAC_/omgd/linkgd/00000008.DBF,336,MOVE_TO_FIELDDATA,PLC/HMI/SCADA backup candidate
02. Project Backup/S7_reference/V1_HVAC_/omgd/S7GD.DBF,11360,MOVE_TO_FIELDDATA,PLC/HMI/SCADA backup candidate
02. Project Backup/S7_reference/V1_HVAC_/omgd/S7GD.DBT,3584,MOVE_TO_FIELDDATA,PLC/HMI/SCADA backup candidate
02. Project Backup/S7_reference/V1_HVAC_/omgd/S7GD.MDX,4096,MOVE_TO_FIELDDATA,PLC/HMI/SCADA backup candidate
02. Project Backup/S7_reference/V1_HVAC_/pgs/gsflock.res,0,MOVE_TO_FIELDDATA,PLC/HMI/SCADA backup candidate
02. Project Backup/S7_reference/V1_HVAC_/pgs/lastgs,4,MOVE_TO_FIELDDATA,PLC/HMI/SCADA backup candidate
02. Project Backup/S7_reference/V1_HVAC_/pgs/linkgs/00000001.DBF,414,MOVE_TO_FIELDDATA,PLC/HMI/SCADA backup candidate
02. Project Backup/S7_reference/V1_HVAC_/pgs/S7GS.DBF,3615,MOVE_TO_FIELDDATA,PLC/HMI/SCADA backup candidate
02. Project Backup/S7_reference/V1_HVAC_/pgs/S7GS.MDX,4096,MOVE_TO_FIELDDATA,PLC/HMI/SCADA backup candidate
02. Project Backup/S7_reference/V1_HVAC_/s7asrcom/00000002/S7CONTAI.DBF,450,MOVE_TO_FIELDDATA,PLC/HMI/SCADA backup candidate
02. Project Backup/S7_reference/V1_HVAC_/s7asrcom/00000002/S7CONTAI.MDX,8192,MOVE_TO_FIELDDATA,PLC/HMI/SCADA backup candidate
02. Project Backup/S7_reference/V1_HVAC_/s7asrcom/00000002/S7LINKS.DBF,414,MOVE_TO_FIELDDATA,PLC/HMI/SCADA backup candidate
02. Project Backup/S7_reference/V1_HVAC_/s7asrcom/00000002/s7source.lck,0,MOVE_TO_FIELDDATA,PLC/HMI/SCADA backup candidate
02. Project Backup/S7_reference/V1_HVAC_/s7asrcom/00000003/S7CONTAI.DBF,1866,MOVE_TO_FIELDDATA,PLC/HMI/SCADA backup candidate
02. Project Backup/S7_reference/V1_HVAC_/s7asrcom/00000003/S7CONTAI.MDX,8192,MOVE_TO_FIELDDATA,PLC/HMI/SCADA backup candidate
02. Project Backup/S7_reference/V1_HVAC_/s7asrcom/00000003/S7LINKS.DBF,882,MOVE_TO_FIELDDATA,PLC/HMI/SCADA backup candidate
02. Project Backup/S7_reference/V1_HVAC_/s7asrcom/00000003/s7source.lck,0,MOVE_TO_FIELDDATA,PLC/HMI/SCADA backup candidate
02. Project Backup/S7_reference/V1_HVAC_/s7asrcom/s7cntID.src,8,MOVE_TO_FIELDDATA,PLC/HMI/SCADA backup candidate
02. Project Backup/S7_reference/V1_HVAC_/s7asrcom/S7CNTREF.DBF,17406,MOVE_TO_FIELDDATA,PLC/HMI/SCADA backup candidate
02. Project Backup/S7_reference/V1_HVAC_/s7asrcom/S7CNTREF.MDX,4096,MOVE_TO_FIELDDATA,PLC/HMI/SCADA backup candidate
02. Project Backup/S7_reference/V1_HVAC_/s7asrcom/s7contai.lck,0,MOVE_TO_FIELDDATA,PLC/HMI/SCADA backup candidate
02. Project Backup/S7_reference/V1_HVAC_/s7extref/s7pltref.lck,0,MOVE_TO_FIELDDATA,PLC/HMI/SCADA backup candidate
02. Project Backup/S7_reference/V1_HVAC_/s7extref/s7pltref.xml,78,MOVE_TO_FIELDDATA,PLC/HMI/SCADA backup candidate
02. Project Backup/S7_reference/V1_HVAC_/s7netpro.npa,928,MOVE_TO_FIELDDATA,PLC/HMI/SCADA backup candidate
02. Project Backup/S7_reference/V1_HVAC_/S7Netze/S7NONFGX.id,4,MOVE_TO_FIELDDATA,PLC/HMI/SCADA backup candidate
02. Project Backup/S7_reference/V1_HVAC_/S7Netze/S7NONFGX.lnk,117760,MOVE_TO_FIELDDATA,PLC/HMI/SCADA backup candidate
02. Project Backup/S7_reference/V1_HVAC_/S7Netze/S7NONFGX.tab,191612,MOVE_TO_FIELDDATA,PLC/HMI/SCADA backup candidate
02. Project Backup/S7_reference/V1_HVAC_/S7NFREMX/S7NFREMX.id,4,MOVE_TO_FIELDDATA,PLC/HMI/SCADA backup candidate
02. Project Backup/S7_reference/V1_HVAC_/S7NFREMX/S7NFREMX.lnk,2560,MOVE_TO_FIELDDATA,PLC/HMI/SCADA backup candidate
02. Project Backup/S7_reference/V1_HVAC_/S7NFREMX/S7NFREMX.tab,34,MOVE_TO_FIELDDATA,PLC/HMI/SCADA backup candidate
02. Project Backup/S7_reference/V1_HVAC_/S7PPLOMX/layout,130,MOVE_TO_FIELDDATA,PLC/HMI/SCADA backup candidate
02. Project Backup/S7_reference/V1_HVAC_/sdb/00000001/0000001d.PG,918,MOVE_TO_FIELDDATA,PLC/HMI/SCADA backup candidate
02. Project Backup/S7_reference/V1_HVAC_/sdb/00000001/000003e5.PG,826,MOVE_TO_FIELDDATA,PLC/HMI/SCADA backup candidate
02. Project Backup/S7_reference/V1_HVAC_/sdb/00000001/000003e6.PG,326,MOVE_TO_FIELDDATA,PLC/HMI/SCADA backup candidate
02. Project Backup/S7_reference/V1_HVAC_/sdb/00000001/000003e7.PG,1154,MOVE_TO_FIELDDATA,PLC/HMI/SCADA backup candidate
02. Project Backup/S7_reference/V1_HVAC_/sdb/00000001/000003e8.PG,138,MOVE_TO_FIELDDATA,PLC/HMI/SCADA backup candidate
02. Project Backup/S7_reference/V1_HVAC_/sdb/00000001/000003e9.PG,3526,MOVE_TO_FIELDDATA,PLC/HMI/SCADA backup candidate
02. Project Backup/S7_reference/V1_HVAC_/sdb/00000001/000003ea.PG,3526,MOVE_TO_FIELDDATA,PLC/HMI/SCADA backup candidate
02. Project Backup/S7_reference/V1_HVAC_/sdb/00000001/000003eb.PG,242,MOVE_TO_FIELDDATA,PLC/HMI/SCADA backup candidate
02. Project Backup/S7_reference/V1_HVAC_/sdb/00000001/000003ec.PG,94,MOVE_TO_FIELDDATA,PLC/HMI/SCADA backup candidate
02. Project Backup/S7_reference/V1_HVAC_/sdb/00000001/000003ed.PG,84,MOVE_TO_FIELDDATA,PLC/HMI/SCADA backup candidate
02. Project Backup/S7_reference/V1_HVAC_/sdb/00000001/000003ee.PG,84,MOVE_TO_FIELDDATA,PLC/HMI/SCADA backup candidate
02. Project Backup/S7_reference/V1_HVAC_/sdb/00000001/000003ef.PG,3208,MOVE_TO_FIELDDATA,PLC/HMI/SCADA backup candidate
02. Project Backup/S7_reference/V1_HVAC_/sdb/00000001/000003f0.PG,3208,MOVE_TO_FIELDDATA,PLC/HMI/SCADA backup candidate
02. Project Backup/S7_reference/V1_HVAC_/sdb/00000001/000003f1.PG,10972,MOVE_TO_FIELDDATA,PLC/HMI/SCADA backup candidate
02. Project Backup/S7_reference/V1_HVAC_/sdb/00000001/000003f2.PG,508,MOVE_TO_FIELDDATA,PLC/HMI/SCADA backup candidate
02. Project Backup/S7_reference/V1_HVAC_/sdb/00000001/000003f3.PG,10972,MOVE_TO_FIELDDATA,PLC/HMI/SCADA backup candidate
02. Project Backup/S7_reference/V1_HVAC_/sdb/00000001/000003f4.PG,508,MOVE_TO_FIELDDATA,PLC/HMI/SCADA backup candidate
02. Project Backup/S7_reference/V1_HVAC_/sdb/00000001/000003f5.PG,614,MOVE_TO_FIELDDATA,PLC/HMI/SCADA backup candidate
02. Project Backup/S7_reference/V1_HVAC_/sdb/00000001/000003f6.PG,614,MOVE_TO_FIELDDATA,PLC/HMI/SCADA backup candidate
02. Project Backup/S7_reference/V1_HVAC_/sdb/00000001/000003f7.PG,278,MOVE_TO_FIELDDATA,PLC/HMI/SCADA backup candidate
02. Project Backup/S7_reference/V1_HVAC_/sdb/00000001/000003f8.PG,536,MOVE_TO_FIELDDATA,PLC/HMI/SCADA backup candidate
02. Project Backup/S7_reference/V1_HVAC_/sdb/00000001/000003f9.PG,536,MOVE_TO_FIELDDATA,PLC/HMI/SCADA backup candidate
02. Project Backup/S7_reference/V1_HVAC_/sdb/00000001/000003fa.PG,238,MOVE_TO_FIELDDATA,PLC/HMI/SCADA backup candidate
02. Project Backup/S7_reference/V1_HVAC_/sdb/00000001/000003fb.PG,238,MOVE_TO_FIELDDATA,PLC/HMI/SCADA backup candidate
02. Project Backup/S7_reference/V1_HVAC_/sdb/00000001/000003fc.PG,946,MOVE_TO_FIELDDATA,PLC/HMI/SCADA backup candidate
02. Project Backup/S7_reference/V1_HVAC_/sdb/00000001/000003fd.PG,950,MOVE_TO_FIELDDATA,PLC/HMI/SCADA backup candidate
02. Project Backup/S7_reference/V1_HVAC_/sdb/00000001/000003fe.PG,128,MOVE_TO_FIELDDATA,PLC/HMI/SCADA backup candidate
02. Project Backup/S7_reference/V1_HVAC_/sdb/00000001/000003ff.PG,128,MOVE_TO_FIELDDATA,PLC/HMI/SCADA backup candidate
02. Project Backup/S7_reference/V1_HVAC_/sdb/00000001/00000400.PG,346,MOVE_TO_FIELDDATA,PLC/HMI/SCADA backup candidate
02. Project Backup/S7_reference/V1_HVAC_/sdb/00000001/link/00000001.DBF,414,MOVE_TO_FIELDDATA,PLC/HMI/SCADA backup candidate
02. Project Backup/S7_reference/V1_HVAC_/sdb/00000001/list/00000001.DBF,114018,MOVE_TO_FIELDDATA,PLC/HMI/SCADA backup candidate
02. Project Backup/S7_reference/V1_HVAC_/sdb/00000001/list/00000001.MDX,6144,MOVE_TO_FIELDDATA,PLC/HMI/SCADA backup candidate
02. Project Backup/S7_reference/V1_HVAC_/sdb/S0112001.DBF,1435,MOVE_TO_FIELDDATA,PLC/HMI/SCADA backup candidate
02. Project Backup/S7_reference/V1_HVAC_/sdb/S0112001.MDX,4096,MOVE_TO_FIELDDATA,PLC/HMI/SCADA backup candidate
02. Project Backup/S7_reference/V1_HVAC_/sdb/sdblast.id,8,MOVE_TO_FIELDDATA,PLC/HMI/SCADA backup candidate
02. Project Backup/S7_reference/V1_HVAC_/sdb/sdblock.lck,0,MOVE_TO_FIELDDATA,PLC/HMI/SCADA backup candidate
02. Project Backup/S7_reference/V1_HVAC_/V1_HVAC_.s7p,112,MOVE_TO_FIELDDATA,PLC/HMI/SCADA backup candidate
02. Project Backup/S7_reference/V1_HVAC_/V1_HVAC_.S7S,0,MOVE_TO_FIELDDATA,PLC/HMI/SCADA backup candidate
02. Project Backup/S7_reference/V1_HVAC_/XUTILS/BS000001.lck,0,MOVE_TO_FIELDDATA,PLC/HMI/SCADA backup candidate
02. Project Backup/S7_reference/V1_HVAC_/XUTILS/BS112001.DBF,1519,MOVE_TO_FIELDDATA,PLC/HMI/SCADA backup candidate
02. Project Backup/S7_reference/V1_HVAC_/XUTILS/BS112001.MDX,4096,MOVE_TO_FIELDDATA,PLC/HMI/SCADA backup candidate
02. Project Backup/S7_reference/V1_HVAC_/XUTILS/BSlstlck.lck,0,MOVE_TO_FIELDDATA,PLC/HMI/SCADA backup candidate
02. Project Backup/S7_reference/V1_HVAC_/XUTILS/BstlID.ubs,4,MOVE_TO_FIELDDATA,PLC/HMI/SCADA backup candidate
02. Project Backup/S7_reference/V1_HVAC_/XUTILS/CT112001.DBF,1474,MOVE_TO_FIELDDATA,PLC/HMI/SCADA backup candidate
02. Project Backup/S7_reference/V1_HVAC_/XUTILS/CT112001.MDX,4096,MOVE_TO_FIELDDATA,PLC/HMI/SCADA backup candidate
02. Project Backup/S7_reference/V1_HVAC_/XUTILS/CtlistID.uct,4,MOVE_TO_FIELDDATA,PLC/HMI/SCADA backup candidate
02. Project Backup/S7_reference/V1_HVAC_/XUTILS/CTlstlck.lck,0,MOVE_TO_FIELDDATA,PLC/HMI/SCADA backup candidate
02. Project Backup/S7_reference/V1_HVAC_/XUTILS/links/BSL00001.DBF,414,MOVE_TO_FIELDDATA,PLC/HMI/SCADA backup candidate
02. Project Backup/S7_reference/V1_HVAC_/XUTILS/links/CTL00001.DBF,414,MOVE_TO_FIELDDATA,PLC/HMI/SCADA backup candidate
02. Project Backup/S7_reference/V1_HVAC_/XUTILS/links/XRL00001.DBF,414,MOVE_TO_FIELDDATA,PLC/HMI/SCADA backup candidate
02. Project Backup/S7_reference/V1_HVAC_/XUTILS/listen/BS000001.DBF,15540,MOVE_TO_FIELDDATA,PLC/HMI/SCADA backup candidate
02. Project Backup/S7_reference/V1_HVAC_/XUTILS/listen/BS000001.MDX,17408,MOVE_TO_FIELDDATA,PLC/HMI/SCADA backup candidate
02. Project Backup/S7_reference/V1_HVAC_/XUTILS/listen/CT000001.DBF,858916,MOVE_TO_FIELDDATA,PLC/HMI/SCADA backup candidate
02. Project Backup/S7_reference/V1_HVAC_/XUTILS/listen/CT000001.MDX,489472,MOVE_TO_FIELDDATA,PLC/HMI/SCADA backup candidate
02. Project Backup/S7_reference/V1_HVAC_/XUTILS/listen/XR000001.DBF,10917386,MOVE_TO_FIELDDATA,PLC/HMI/SCADA backup candidate
02. Project Backup/S7_reference/V1_HVAC_/XUTILS/listen/XR000001.DBT,318464,MOVE_TO_FIELDDATA,PLC/HMI/SCADA backup candidate
02. Project Backup/S7_reference/V1_HVAC_/XUTILS/listen/XR000001.MDX,8985600,MOVE_TO_FIELDDATA,PLC/HMI/SCADA backup candidate
02. Project Backup/S7_reference/V1_HVAC_/XUTILS/XR112001.DBF,1570,MOVE_TO_FIELDDATA,PLC/HMI/SCADA backup candidate
02. Project Backup/S7_reference/V1_HVAC_/XUTILS/XR112001.MDX,4096,MOVE_TO_FIELDDATA,PLC/HMI/SCADA backup candidate
02. Project Backup/S7_reference/V1_HVAC_/XUTILS/XRlistID.uxt,4,MOVE_TO_FIELDDATA,PLC/HMI/SCADA backup candidate
02. Project Backup/S7_reference/V1_HVAC_/XUTILS/XRlstlck.lck,0,MOVE_TO_FIELDDATA,PLC/HMI/SCADA backup candidate
02. Project Backup/S7_reference/V1_HVAC_/YDBs/20814/SYMLIST.DBF,738,MOVE_TO_FIELDDATA,PLC/HMI/SCADA backup candidate
02. Project Backup/S7_reference/V1_HVAC_/YDBs/20814/Symlist.id,4,MOVE_TO_FIELDDATA,PLC/HMI/SCADA backup candidate
02. Project Backup/S7_reference/V1_HVAC_/YDBs/20814/SYMLIST.MDX,12288,MOVE_TO_FIELDDATA,PLC/HMI/SCADA backup candidate
02. Project Backup/S7_reference/V1_HVAC_/YDBs/20817/SYMLIST.DBF,77598,MOVE_TO_FIELDDATA,PLC/HMI/SCADA backup candidate
02. Project Backup/S7_reference/V1_HVAC_/YDBs/20817/Symlist.id,4,MOVE_TO_FIELDDATA,PLC/HMI/SCADA backup candidate
02. Project Backup/S7_reference/V1_HVAC_/YDBs/20817/SYMLIST.MDX,48128,MOVE_TO_FIELDDATA,PLC/HMI/SCADA backup candidate
02. Project Backup/S7_reference/V1_HVAC_/YDBs/SYMLISTS.DBF,1832,MOVE_TO_FIELDDATA,PLC/HMI/SCADA backup candidate
02. Project Backup/S7_reference/V1_HVAC_/YDBs/SYMLISTS.MDX,6144,MOVE_TO_FIELDDATA,PLC/HMI/SCADA backup candidate
02. Project Backup/S7_reference/V1_HVAC_/YDBs/YLNKLIST.DBF,3066,MOVE_TO_FIELDDATA,PLC/HMI/SCADA backup candidate
02. Project Backup/코리아데이타_베트남_2_활성화키.zip,1989,MOVE_TO_FIELDDATA,PLC/HMI/SCADA backup candidate
03_Development/tools/pcvue-csv-header-sample-collector-rc5/Check-SampleCollector.ps1,6372,TRACK_IN_GIT,Collector source/configuration
03_Development/tools/pcvue-csv-header-sample-collector-rc5/Collect-PCVueCsvHeaders.ps1,20327,TRACK_IN_GIT,Collector source/configuration
03_Development/tools/pcvue-csv-header-sample-collector-rc5/PACKAGE_SHA256SUMS.txt,525,TRACK_IN_GIT,Collector source/configuration
03_Development/tools/pcvue-csv-header-sample-collector-rc5/README_KO.txt,766,TRACK_IN_GIT,Collector source/configuration
03_Development/tools/pcvue-csv-header-sample-collector-rc5/RUN_SAMPLE_COLLECTOR.cmd,783,TRACK_IN_GIT,Collector source/configuration
03_Development/tools/pcvue-csv-header-sample-collector-rc5/Sample_Output/PCVue_CSV_Header_Sample_20260813_121759.zip,6734,IGNORE_GENERATED,Collector or QA generated output
03_Development/tools/pcvue-csv-header-sample-collector-rc5/Sample_Output/PCVue_CSV_Header_Sample_20260813_121759.zip.sha256,111,IGNORE_GENERATED,Collector or QA generated output
03_Development/tools/pcvue-csv-header-sample-collector-rc5/Sample_Output/PCVue_CSV_Header_Sample_20260813_121759/CSV_SAMPLE_STRUCTURE.csv,11781,IGNORE_GENERATED,Collector or QA generated output
03_Development/tools/pcvue-csv-header-sample-collector-rc5/Sample_Output/PCVue_CSV_Header_Sample_20260813_121759/FINAL_SAMPLE_STATUS.txt,201,IGNORE_GENERATED,Collector or QA generated output
03_Development/tools/pcvue-csv-header-sample-collector-rc5/Sample_Output/PCVue_CSV_Header_Sample_20260813_121759/HISTO_HEADER_ANALYSIS.csv,2342,IGNORE_GENERATED,Collector or QA generated output
03_Development/tools/pcvue-csv-header-sample-collector-rc5/Sample_Output/PCVue_CSV_Header_Sample_20260813_121759/PVTREND_HEADER_ANALYSIS.csv,814,IGNORE_GENERATED,Collector or QA generated output
03_Development/tools/pcvue-csv-header-sample-collector-rc5/Sample_Output/PCVue_CSV_Header_Sample_20260813_121759/SAMPLE_COLLECTION_STATUS.csv,1962,IGNORE_GENERATED,Collector or QA generated output
03_Development/tools/pcvue-csv-header-sample-collector-rc5/Sample_Output/PCVue_CSV_Header_Sample_20260813_121759/SHA256SUMS.txt,564,IGNORE_GENERATED,Collector or QA generated output
03_Development/tools/pcvue-csv-header-sample-collector-rc5/Sample_Output/PCVue_CSV_Header_Sample_20260813_121759/VAREXP_HEADER_ANALYSIS.csv,9415,IGNORE_GENERATED,Collector or QA generated output
03_Development/tools/pcvue-csv-header-sample-collector-rc5/SampleConfig.psd1,1485,TRACK_IN_GIT,Collector source/configuration
03_Development/tools/pcvue-csv-header-sample-collector-rc5/VERSION.txt,179,TRACK_IN_GIT,Collector source/configuration
03_Development/tools/pcvue-offline-data-collector-v1/RUN_COLLECTOR.cmd,554,TRACK_IN_GIT,Collector source/configuration
03_Development/tools/pcvue-offline-data-collector-v1/Test-RC61OperatorConfiguration.ps1,6356,TRACK_IN_GIT,Collector source/configuration
03_Development/tools/pcvue-varexp-limited-tag-pilot-rc1/Check-PilotCollector.ps1,4091,TRACK_IN_GIT,Collector source/configuration
03_Development/tools/pcvue-varexp-limited-tag-pilot-rc1/Collect-LimitedVarexpTags.ps1,12163,TRACK_IN_GIT,Collector source/configuration
03_Development/tools/pcvue-varexp-limited-tag-pilot-rc1/PACKAGE_SHA256SUMS.txt,522,TRACK_IN_GIT,Collector source/configuration
03_Development/tools/pcvue-varexp-limited-tag-pilot-rc1/Pilot_Output/PCVue_VAREXP_Limited_Tag_Pilot_20260814_115815.zip,3494,IGNORE_GENERATED,Collector or QA generated output
03_Development/tools/pcvue-varexp-limited-tag-pilot-rc1/Pilot_Output/PCVue_VAREXP_Limited_Tag_Pilot_20260814_115815.zip.sha256,118,IGNORE_GENERATED,Collector or QA generated output
03_Development/tools/pcvue-varexp-limited-tag-pilot-rc1/Pilot_Output/PCVue_VAREXP_Limited_Tag_Pilot_20260814_115815/FILE_STATUS.csv,1305,IGNORE_GENERATED,Collector or QA generated output
03_Development/tools/pcvue-varexp-limited-tag-pilot-rc1/Pilot_Output/PCVue_VAREXP_Limited_Tag_Pilot_20260814_115815/FINAL_STATUS.txt,241,IGNORE_GENERATED,Collector or QA generated output
03_Development/tools/pcvue-varexp-limited-tag-pilot-rc1/Pilot_Output/PCVue_VAREXP_Limited_Tag_Pilot_20260814_115815/SCHEMA_PROVENANCE.csv,970,IGNORE_GENERATED,Collector or QA generated output
03_Development/tools/pcvue-varexp-limited-tag-pilot-rc1/Pilot_Output/PCVue_VAREXP_Limited_Tag_Pilot_20260814_115815/SHA256SUMS.txt,339,IGNORE_GENERATED,Collector or QA generated output
03_Development/tools/pcvue-varexp-limited-tag-pilot-rc1/Pilot_Output/PCVue_VAREXP_Limited_Tag_Pilot_20260814_115815/TAG_DATA.csv,46508,IGNORE_GENERATED,Collector or QA generated output
03_Development/tools/pcvue-varexp-limited-tag-pilot-rc1/PilotConfig.psd1,1035,TRACK_IN_GIT,Collector source/configuration
03_Development/tools/pcvue-varexp-limited-tag-pilot-rc1/README_KO.txt,258,TRACK_IN_GIT,Collector source/configuration
03_Development/tools/pcvue-varexp-limited-tag-pilot-rc1/RUN_LIMITED_PILOT.cmd,727,TRACK_IN_GIT,Collector source/configuration
03_Development/tools/pcvue-varexp-limited-tag-pilot-rc1/VERSION.txt,106,TRACK_IN_GIT,Collector source/configuration
03_Development/tools/pcvue-varexp-minimal-hierarchy-pilot-rc1/Check-PilotCollector.ps1,4177,TRACK_IN_GIT,Collector source/configuration
03_Development/tools/pcvue-varexp-minimal-hierarchy-pilot-rc1/Collect-LimitedVarexpTags.ps1,16465,TRACK_IN_GIT,Collector source/configuration
03_Development/tools/pcvue-varexp-minimal-hierarchy-pilot-rc1/PACKAGE_SHA256SUMS.txt,522,TRACK_IN_GIT,Collector source/configuration
03_Development/tools/pcvue-varexp-minimal-hierarchy-pilot-rc1/PilotConfig.psd1,1167,TRACK_IN_GIT,Collector source/configuration
03_Development/tools/pcvue-varexp-minimal-hierarchy-pilot-rc1/README_KO.txt,216,TRACK_IN_GIT,Collector source/configuration
03_Development/tools/pcvue-varexp-minimal-hierarchy-pilot-rc1/RUN_LIMITED_PILOT.cmd,727,TRACK_IN_GIT,Collector source/configuration
03_Development/tools/pcvue-varexp-minimal-hierarchy-pilot-rc1/VERSION.txt,118,TRACK_IN_GIT,Collector source/configuration
05_QA/2026-08-12_PCV-001_RC61_OPERATOR_CONFIGURATION_TEST_REPORT.md,2397,TRACK_IN_GIT,Durable QA report or result matrix
05_QA/2026-08-13_PCV_PHASE3_RC5_FIXTURE_MATRIX.csv,1074,TRACK_IN_GIT,Durable QA report or result matrix
05_QA/2026-08-13_PCV_PHASE3_RC5_POWERSHELL51_E2E_REPORT.md,1114,TRACK_IN_GIT,Durable QA report or result matrix
05_QA/2026-08-13_PCV_PHASE3_RC5_READ_BOUNDARY_RESULTS.md,1326,TRACK_IN_GIT,Durable QA report or result matrix
05_QA/2026-08-14_PCV_PHASE4_LIMITED_PILOT_FIXTURE_MATRIX.csv,1080,TRACK_IN_GIT,Durable QA report or result matrix
05_QA/2026-08-14_PCV_PHASE4_LIMITED_PILOT_LEAKAGE_TEST_RESULTS.md,912,TRACK_IN_GIT,Durable QA report or result matrix
05_QA/2026-08-14_PCV_PHASE4_LIMITED_PILOT_POWERSHELL51_E2E_REPORT.md,870,TRACK_IN_GIT,Durable QA report or result matrix
05_QA/2026-08-14_PCV_PHASE4_LIMITED_PILOT_READ_BOUNDARY_RESULTS.md,960,TRACK_IN_GIT,Durable QA report or result matrix
05_QA/2026-08-14_PCV_PHASE42_FIELD_LEAKAGE_RESULTS.md,673,TRACK_IN_GIT,Durable QA report or result matrix
05_QA/2026-08-14_PCV_PHASE42_FIXTURE_MATRIX.csv,1008,TRACK_IN_GIT,Durable QA report or result matrix
05_QA/2026-08-14_PCV_PHASE42_MINIMAL_HIERARCHY_POWERSHELL51_E2E_REPORT.md,676,TRACK_IN_GIT,Durable QA report or result matrix
05_QA/2026-08-14_PCV_PHASE42_READ_BOUNDARY_RESULTS.md,674,TRACK_IN_GIT,Durable QA report or result matrix
05_QA/2026-08-14_PCV_PHASE42_SECRET_DETECTION_REGRESSION.md,942,TRACK_IN_GIT,Durable QA report or result matrix
05_QA/2026-08-14_PCV_PHASE42_TAG_IDENTITY_QA_RESULTS.md,634,TRACK_IN_GIT,Durable QA report or result matrix
05_QA/fixtures/PCV-RC61/AdditionalProjectRoots.txt,17,TRACK_IN_GIT,Dedicated synthetic fixture/evidence
05_QA/phase4_2_minimal_hierarchy_pilot_rc1/byteBoundary/Output_Final/PCVue_VAREXP_Limited_Tag_Pilot_20260814_160425.zip,16882,IGNORE_GENERATED,Collector or QA generated output
05_QA/phase4_2_minimal_hierarchy_pilot_rc1/byteBoundary/Output_Final/PCVue_VAREXP_Limited_Tag_Pilot_20260814_160425.zip.sha256,118,IGNORE_GENERATED,Collector or QA generated output
05_QA/phase4_2_minimal_hierarchy_pilot_rc1/byteBoundary/Output_Final/PCVue_VAREXP_Limited_Tag_Pilot_20260814_160425/FILE_STATUS.csv,1315,IGNORE_GENERATED,Collector or QA generated output
05_QA/phase4_2_minimal_hierarchy_pilot_rc1/byteBoundary/Output_Final/PCVue_VAREXP_Limited_Tag_Pilot_20260814_160425/FINAL_STATUS.txt,322,IGNORE_GENERATED,Collector or QA generated output
05_QA/phase4_2_minimal_hierarchy_pilot_rc1/byteBoundary/Output_Final/PCVue_VAREXP_Limited_Tag_Pilot_20260814_160425/SCHEMA_PROVENANCE.csv,970,IGNORE_GENERATED,Collector or QA generated output
05_QA/phase4_2_minimal_hierarchy_pilot_rc1/byteBoundary/Output_Final/PCVue_VAREXP_Limited_Tag_Pilot_20260814_160425/SHA256SUMS.txt,620,IGNORE_GENERATED,Collector or QA generated output
05_QA/phase4_2_minimal_hierarchy_pilot_rc1/byteBoundary/Output_Final/PCVue_VAREXP_Limited_Tag_Pilot_20260814_160425/TAG_DATA.csv,38123,IGNORE_GENERATED,Collector or QA generated output
05_QA/phase4_2_minimal_hierarchy_pilot_rc1/byteBoundary/Output_Final/PCVue_VAREXP_Limited_Tag_Pilot_20260814_160425/TAG_IDENTITY_CANDIDATES.csv,37429,IGNORE_GENERATED,Collector or QA generated output
05_QA/phase4_2_minimal_hierarchy_pilot_rc1/byteBoundary/Output_Final/PCVue_VAREXP_Limited_Tag_Pilot_20260814_160425/TAG_IDENTITY_CONFLICTS.csv,22038,IGNORE_GENERATED,Collector or QA generated output
05_QA/phase4_2_minimal_hierarchy_pilot_rc1/byteBoundary/Output_Final/PCVue_VAREXP_Limited_Tag_Pilot_20260814_160425/TAG_IDENTITY_METRICS.csv,1838,IGNORE_GENERATED,Collector or QA generated output
05_QA/phase4_2_minimal_hierarchy_pilot_rc1/byteBoundary/Project Files/USR/SSV Integrated Project/C1/Shared/A/varexp/plc_m_varexp.csv,9370,MANUAL_REVIEW,Likely synthetic fixture but provenance marker/reduction review required
05_QA/phase4_2_minimal_hierarchy_pilot_rc1/byteBoundary/Project Files/USR/SSV Integrated Project/C1/Shared/B/varexp/G03_varexp.csv,9462,MANUAL_REVIEW,Likely synthetic fixture but provenance marker/reduction review required
05_QA/phase4_2_minimal_hierarchy_pilot_rc1/byteBoundary/Project Files/USR/SSV Integrated Project/C1/Shared/C/varexp/BFU_varexp.csv,9462,MANUAL_REVIEW,Likely synthetic fixture but provenance marker/reduction review required
05_QA/phase4_2_minimal_hierarchy_pilot_rc1/byteBoundary/Project Files/USR/SSV Integrated Project/C1/Shared/ELEC/varexp/E02_varexp.csv,9395,MANUAL_REVIEW,Likely synthetic fixture but provenance marker/reduction review required
05_QA/phase4_2_minimal_hierarchy_pilot_rc1/byteBoundary/Project Files/USR/SSV Integrated Project/C1/Shared/varexp_main.csv,279463,MANUAL_REVIEW,Likely synthetic fixture but provenance marker/reduction review required
05_QA/phase4_2_minimal_hierarchy_pilot_rc1/credential/Output/PCVue_VAREXP_Limited_Tag_Pilot_20260814_160221.zip,16899,IGNORE_GENERATED,Collector or QA generated output
05_QA/phase4_2_minimal_hierarchy_pilot_rc1/credential/Output/PCVue_VAREXP_Limited_Tag_Pilot_20260814_160221.zip.sha256,118,IGNORE_GENERATED,Collector or QA generated output
05_QA/phase4_2_minimal_hierarchy_pilot_rc1/credential/Output/PCVue_VAREXP_Limited_Tag_Pilot_20260814_160221/FILE_STATUS.csv,1244,IGNORE_GENERATED,Collector or QA generated output
05_QA/phase4_2_minimal_hierarchy_pilot_rc1/credential/Output/PCVue_VAREXP_Limited_Tag_Pilot_20260814_160221/FINAL_STATUS.txt,322,IGNORE_GENERATED,Collector or QA generated output
05_QA/phase4_2_minimal_hierarchy_pilot_rc1/credential/Output/PCVue_VAREXP_Limited_Tag_Pilot_20260814_160221/SCHEMA_PROVENANCE.csv,795,IGNORE_GENERATED,Collector or QA generated output
05_QA/phase4_2_minimal_hierarchy_pilot_rc1/credential/Output/PCVue_VAREXP_Limited_Tag_Pilot_20260814_160221/SHA256SUMS.txt,620,IGNORE_GENERATED,Collector or QA generated output
05_QA/phase4_2_minimal_hierarchy_pilot_rc1/credential/Output/PCVue_VAREXP_Limited_Tag_Pilot_20260814_160221/TAG_DATA.csv,38152,IGNORE_GENERATED,Collector or QA generated output
05_QA/phase4_2_minimal_hierarchy_pilot_rc1/credential/Output/PCVue_VAREXP_Limited_Tag_Pilot_20260814_160221/TAG_IDENTITY_CANDIDATES.csv,37807,IGNORE_GENERATED,Collector or QA generated output
05_QA/phase4_2_minimal_hierarchy_pilot_rc1/credential/Output/PCVue_VAREXP_Limited_Tag_Pilot_20260814_160221/TAG_IDENTITY_CONFLICTS.csv,22699,IGNORE_GENERATED,Collector or QA generated output
05_QA/phase4_2_minimal_hierarchy_pilot_rc1/credential/Output/PCVue_VAREXP_Limited_Tag_Pilot_20260814_160221/TAG_IDENTITY_METRICS.csv,1819,IGNORE_GENERATED,Collector or QA generated output
05_QA/phase4_2_minimal_hierarchy_pilot_rc1/credential/Project Files/USR/SSV Integrated Project/C1/Shared/A/varexp/plc_m_varexp.csv,9396,MANUAL_REVIEW,Likely synthetic fixture but provenance marker/reduction review required
05_QA/phase4_2_minimal_hierarchy_pilot_rc1/credential/Project Files/USR/SSV Integrated Project/C1/Shared/B/varexp/G03_varexp.csv,9463,MANUAL_REVIEW,Likely synthetic fixture but provenance marker/reduction review required
05_QA/phase4_2_minimal_hierarchy_pilot_rc1/credential/Project Files/USR/SSV Integrated Project/C1/Shared/C/varexp/BFU_varexp.csv,9463,MANUAL_REVIEW,Likely synthetic fixture but provenance marker/reduction review required
05_QA/phase4_2_minimal_hierarchy_pilot_rc1/credential/Project Files/USR/SSV Integrated Project/C1/Shared/ELEC/varexp/E02_varexp.csv,9396,MANUAL_REVIEW,Likely synthetic fixture but provenance marker/reduction review required
05_QA/phase4_2_minimal_hierarchy_pilot_rc1/credential/Project Files/USR/SSV Integrated Project/C1/Shared/varexp_main.csv,9465,MANUAL_REVIEW,Likely synthetic fixture but provenance marker/reduction review required
05_QA/phase4_2_minimal_hierarchy_pilot_rc1/dataSecret/Output/PCVue_VAREXP_Limited_Tag_Pilot_20260814_160240.zip,16903,IGNORE_GENERATED,Collector or QA generated output
05_QA/phase4_2_minimal_hierarchy_pilot_rc1/dataSecret/Output/PCVue_VAREXP_Limited_Tag_Pilot_20260814_160240.zip.sha256,118,IGNORE_GENERATED,Collector or QA generated output
05_QA/phase4_2_minimal_hierarchy_pilot_rc1/dataSecret/Output/PCVue_VAREXP_Limited_Tag_Pilot_20260814_160240/FILE_STATUS.csv,1324,IGNORE_GENERATED,Collector or QA generated output
05_QA/phase4_2_minimal_hierarchy_pilot_rc1/dataSecret/Output/PCVue_VAREXP_Limited_Tag_Pilot_20260814_160240/FINAL_STATUS.txt,322,IGNORE_GENERATED,Collector or QA generated output
05_QA/phase4_2_minimal_hierarchy_pilot_rc1/dataSecret/Output/PCVue_VAREXP_Limited_Tag_Pilot_20260814_160240/SCHEMA_PROVENANCE.csv,970,IGNORE_GENERATED,Collector or QA generated output
05_QA/phase4_2_minimal_hierarchy_pilot_rc1/dataSecret/Output/PCVue_VAREXP_Limited_Tag_Pilot_20260814_160240/SHA256SUMS.txt,620,IGNORE_GENERATED,Collector or QA generated output
05_QA/phase4_2_minimal_hierarchy_pilot_rc1/dataSecret/Output/PCVue_VAREXP_Limited_Tag_Pilot_20260814_160240/TAG_DATA.csv,38152,IGNORE_GENERATED,Collector or QA generated output
05_QA/phase4_2_minimal_hierarchy_pilot_rc1/dataSecret/Output/PCVue_VAREXP_Limited_Tag_Pilot_20260814_160240/TAG_IDENTITY_CANDIDATES.csv,37807,IGNORE_GENERATED,Collector or QA generated output
05_QA/phase4_2_minimal_hierarchy_pilot_rc1/dataSecret/Output/PCVue_VAREXP_Limited_Tag_Pilot_20260814_160240/TAG_IDENTITY_CONFLICTS.csv,22699,IGNORE_GENERATED,Collector or QA generated output
05_QA/phase4_2_minimal_hierarchy_pilot_rc1/dataSecret/Output/PCVue_VAREXP_Limited_Tag_Pilot_20260814_160240/TAG_IDENTITY_METRICS.csv,1819,IGNORE_GENERATED,Collector or QA generated output
05_QA/phase4_2_minimal_hierarchy_pilot_rc1/dataSecret/Project Files/USR/SSV Integrated Project/C1/Shared/A/varexp/plc_m_varexp.csv,9404,MANUAL_REVIEW,Likely synthetic fixture but provenance marker/reduction review required
05_QA/phase4_2_minimal_hierarchy_pilot_rc1/dataSecret/Project Files/USR/SSV Integrated Project/C1/Shared/B/varexp/G03_varexp.csv,9463,MANUAL_REVIEW,Likely synthetic fixture but provenance marker/reduction review required
05_QA/phase4_2_minimal_hierarchy_pilot_rc1/dataSecret/Project Files/USR/SSV Integrated Project/C1/Shared/C/varexp/BFU_varexp.csv,9463,MANUAL_REVIEW,Likely synthetic fixture but provenance marker/reduction review required
05_QA/phase4_2_minimal_hierarchy_pilot_rc1/dataSecret/Project Files/USR/SSV Integrated Project/C1/Shared/ELEC/varexp/E02_varexp.csv,9396,MANUAL_REVIEW,Likely synthetic fixture but provenance marker/reduction review required
05_QA/phase4_2_minimal_hierarchy_pilot_rc1/dataSecret/Project Files/USR/SSV Integrated Project/C1/Shared/varexp_main.csv,9463,MANUAL_REVIEW,Likely synthetic fixture but provenance marker/reduction review required
05_QA/phase4_2_minimal_hierarchy_pilot_rc1/finalE2E/Output_Final/PCVue_VAREXP_Limited_Tag_Pilot_20260814_160453.zip,19992,IGNORE_GENERATED,Collector or QA generated output
05_QA/phase4_2_minimal_hierarchy_pilot_rc1/finalE2E/Output_Final/PCVue_VAREXP_Limited_Tag_Pilot_20260814_160453.zip.sha256,118,IGNORE_GENERATED,Collector or QA generated output
05_QA/phase4_2_minimal_hierarchy_pilot_rc1/finalE2E/Output_Final/PCVue_VAREXP_Limited_Tag_Pilot_20260814_160453/FILE_STATUS.csv,1305,IGNORE_GENERATED,Collector or QA generated output
05_QA/phase4_2_minimal_hierarchy_pilot_rc1/finalE2E/Output_Final/PCVue_VAREXP_Limited_Tag_Pilot_20260814_160453/FINAL_STATUS.txt,312,IGNORE_GENERATED,Collector or QA generated output
05_QA/phase4_2_minimal_hierarchy_pilot_rc1/finalE2E/Output_Final/PCVue_VAREXP_Limited_Tag_Pilot_20260814_160453/SCHEMA_PROVENANCE.csv,970,IGNORE_GENERATED,Collector or QA generated output
05_QA/phase4_2_minimal_hierarchy_pilot_rc1/finalE2E/Output_Final/PCVue_VAREXP_Limited_Tag_Pilot_20260814_160453/SHA256SUMS.txt,620,IGNORE_GENERATED,Collector or QA generated output
05_QA/phase4_2_minimal_hierarchy_pilot_rc1/finalE2E/Output_Final/PCVue_VAREXP_Limited_Tag_Pilot_20260814_160453/TAG_DATA.csv,47368,IGNORE_GENERATED,Collector or QA generated output
05_QA/phase4_2_minimal_hierarchy_pilot_rc1/finalE2E/Output_Final/PCVue_VAREXP_Limited_Tag_Pilot_20260814_160453/TAG_IDENTITY_CANDIDATES.csv,46853,IGNORE_GENERATED,Collector or QA generated output
05_QA/phase4_2_minimal_hierarchy_pilot_rc1/finalE2E/Output_Final/PCVue_VAREXP_Limited_Tag_Pilot_20260814_160453/TAG_IDENTITY_CONFLICTS.csv,27438,IGNORE_GENERATED,Collector or QA generated output
05_QA/phase4_2_minimal_hierarchy_pilot_rc1/finalE2E/Output_Final/PCVue_VAREXP_Limited_Tag_Pilot_20260814_160453/TAG_IDENTITY_METRICS.csv,2175,IGNORE_GENERATED,Collector or QA generated output
05_QA/phase4_2_minimal_hierarchy_pilot_rc1/global101/Output_Final/PCVue_VAREXP_Limited_Tag_Pilot_20260814_160328.zip,20013,IGNORE_GENERATED,Collector or QA generated output
05_QA/phase4_2_minimal_hierarchy_pilot_rc1/global101/Output_Final/PCVue_VAREXP_Limited_Tag_Pilot_20260814_160328.zip.sha256,118,IGNORE_GENERATED,Collector or QA generated output
05_QA/phase4_2_minimal_hierarchy_pilot_rc1/global101/Output_Final/PCVue_VAREXP_Limited_Tag_Pilot_20260814_160328/FILE_STATUS.csv,1239,IGNORE_GENERATED,Collector or QA generated output
05_QA/phase4_2_minimal_hierarchy_pilot_rc1/global101/Output_Final/PCVue_VAREXP_Limited_Tag_Pilot_20260814_160328/FINAL_STATUS.txt,312,IGNORE_GENERATED,Collector or QA generated output
05_QA/phase4_2_minimal_hierarchy_pilot_rc1/global101/Output_Final/PCVue_VAREXP_Limited_Tag_Pilot_20260814_160328/SCHEMA_PROVENANCE.csv,970,IGNORE_GENERATED,Collector or QA generated output
05_QA/phase4_2_minimal_hierarchy_pilot_rc1/global101/Output_Final/PCVue_VAREXP_Limited_Tag_Pilot_20260814_160328/SHA256SUMS.txt,620,IGNORE_GENERATED,Collector or QA generated output
05_QA/phase4_2_minimal_hierarchy_pilot_rc1/global101/Output_Final/PCVue_VAREXP_Limited_Tag_Pilot_20260814_160328/TAG_DATA.csv,47398,IGNORE_GENERATED,Collector or QA generated output
05_QA/phase4_2_minimal_hierarchy_pilot_rc1/global101/Output_Final/PCVue_VAREXP_Limited_Tag_Pilot_20260814_160328/TAG_IDENTITY_CANDIDATES.csv,47231,IGNORE_GENERATED,Collector or QA generated output
05_QA/phase4_2_minimal_hierarchy_pilot_rc1/global101/Output_Final/PCVue_VAREXP_Limited_Tag_Pilot_20260814_160328/TAG_IDENTITY_CONFLICTS.csv,27559,IGNORE_GENERATED,Collector or QA generated output
05_QA/phase4_2_minimal_hierarchy_pilot_rc1/global101/Output_Final/PCVue_VAREXP_Limited_Tag_Pilot_20260814_160328/TAG_IDENTITY_METRICS.csv,2173,IGNORE_GENERATED,Collector or QA generated output
05_QA/phase4_2_minimal_hierarchy_pilot_rc1/global101/Project Files/USR/SSV Integrated Project/C1/Shared/A/varexp/plc_m_varexp.csv,10176,MANUAL_REVIEW,Likely synthetic fixture but provenance marker/reduction review required
05_QA/phase4_2_minimal_hierarchy_pilot_rc1/global101/Project Files/USR/SSV Integrated Project/C1/Shared/B/varexp/G03_varexp.csv,10243,MANUAL_REVIEW,Likely synthetic fixture but provenance marker/reduction review required
05_QA/phase4_2_minimal_hierarchy_pilot_rc1/global101/Project Files/USR/SSV Integrated Project/C1/Shared/C/varexp/BFU_varexp.csv,10243,MANUAL_REVIEW,Likely synthetic fixture but provenance marker/reduction review required
05_QA/phase4_2_minimal_hierarchy_pilot_rc1/global101/Project Files/USR/SSV Integrated Project/C1/Shared/ELEC/varexp/E02_varexp.csv,10176,MANUAL_REVIEW,Likely synthetic fixture but provenance marker/reduction review required
05_QA/phase4_2_minimal_hierarchy_pilot_rc1/global101/Project Files/USR/SSV Integrated Project/C1/Shared/varexp_main.csv,10627,MANUAL_REVIEW,Likely synthetic fixture but provenance marker/reduction review required
05_QA/phase4_2_minimal_hierarchy_pilot_rc1/keyOnly/Output_Final/PCVue_VAREXP_Limited_Tag_Pilot_20260814_160752.zip,16857,IGNORE_GENERATED,Collector or QA generated output
05_QA/phase4_2_minimal_hierarchy_pilot_rc1/keyOnly/Output_Final/PCVue_VAREXP_Limited_Tag_Pilot_20260814_160752.zip.sha256,118,IGNORE_GENERATED,Collector or QA generated output
05_QA/phase4_2_minimal_hierarchy_pilot_rc1/keyOnly/Output_Final/PCVue_VAREXP_Limited_Tag_Pilot_20260814_160752/FILE_STATUS.csv,1244,IGNORE_GENERATED,Collector or QA generated output
05_QA/phase4_2_minimal_hierarchy_pilot_rc1/keyOnly/Output_Final/PCVue_VAREXP_Limited_Tag_Pilot_20260814_160752/FINAL_STATUS.txt,322,IGNORE_GENERATED,Collector or QA generated output
05_QA/phase4_2_minimal_hierarchy_pilot_rc1/keyOnly/Output_Final/PCVue_VAREXP_Limited_Tag_Pilot_20260814_160752/SCHEMA_PROVENANCE.csv,795,IGNORE_GENERATED,Collector or QA generated output
05_QA/phase4_2_minimal_hierarchy_pilot_rc1/keyOnly/Output_Final/PCVue_VAREXP_Limited_Tag_Pilot_20260814_160752/SHA256SUMS.txt,620,IGNORE_GENERATED,Collector or QA generated output
05_QA/phase4_2_minimal_hierarchy_pilot_rc1/keyOnly/Output_Final/PCVue_VAREXP_Limited_Tag_Pilot_20260814_160752/TAG_DATA.csv,38123,IGNORE_GENERATED,Collector or QA generated output
05_QA/phase4_2_minimal_hierarchy_pilot_rc1/keyOnly/Output_Final/PCVue_VAREXP_Limited_Tag_Pilot_20260814_160752/TAG_IDENTITY_CANDIDATES.csv,37429,IGNORE_GENERATED,Collector or QA generated output
05_QA/phase4_2_minimal_hierarchy_pilot_rc1/keyOnly/Output_Final/PCVue_VAREXP_Limited_Tag_Pilot_20260814_160752/TAG_IDENTITY_CONFLICTS.csv,22038,IGNORE_GENERATED,Collector or QA generated output
05_QA/phase4_2_minimal_hierarchy_pilot_rc1/keyOnly/Output_Final/PCVue_VAREXP_Limited_Tag_Pilot_20260814_160752/TAG_IDENTITY_METRICS.csv,1838,IGNORE_GENERATED,Collector or QA generated output
05_QA/phase4_2_minimal_hierarchy_pilot_rc1/keyOnly/Project Files/USR/SSV Integrated Project/C1/Shared/A/varexp/plc_m_varexp.csv,9370,MANUAL_REVIEW,Likely synthetic fixture but provenance marker/reduction review required
05_QA/phase4_2_minimal_hierarchy_pilot_rc1/keyOnly/Project Files/USR/SSV Integrated Project/C1/Shared/B/varexp/G03_varexp.csv,9462,MANUAL_REVIEW,Likely synthetic fixture but provenance marker/reduction review required
05_QA/phase4_2_minimal_hierarchy_pilot_rc1/keyOnly/Project Files/USR/SSV Integrated Project/C1/Shared/C/varexp/BFU_varexp.csv,9462,MANUAL_REVIEW,Likely synthetic fixture but provenance marker/reduction review required
05_QA/phase4_2_minimal_hierarchy_pilot_rc1/keyOnly/Project Files/USR/SSV Integrated Project/C1/Shared/ELEC/varexp/E02_varexp.csv,9395,MANUAL_REVIEW,Likely synthetic fixture but provenance marker/reduction review required
05_QA/phase4_2_minimal_hierarchy_pilot_rc1/keyOnly/Project Files/USR/SSV Integrated Project/C1/Shared/varexp_main.csv,9446,MANUAL_REVIEW,Likely synthetic fixture but provenance marker/reduction review required
05_QA/phase4_2_minimal_hierarchy_pilot_rc1/main/Output_Final/PCVue_VAREXP_Limited_Tag_Pilot_20260814_160322.zip,19992,IGNORE_GENERATED,Collector or QA generated output
05_QA/phase4_2_minimal_hierarchy_pilot_rc1/main/Output_Final/PCVue_VAREXP_Limited_Tag_Pilot_20260814_160322.zip.sha256,118,IGNORE_GENERATED,Collector or QA generated output
05_QA/phase4_2_minimal_hierarchy_pilot_rc1/main/Output_Final/PCVue_VAREXP_Limited_Tag_Pilot_20260814_160322/FILE_STATUS.csv,1305,IGNORE_GENERATED,Collector or QA generated output
05_QA/phase4_2_minimal_hierarchy_pilot_rc1/main/Output_Final/PCVue_VAREXP_Limited_Tag_Pilot_20260814_160322/FINAL_STATUS.txt,312,IGNORE_GENERATED,Collector or QA generated output
05_QA/phase4_2_minimal_hierarchy_pilot_rc1/main/Output_Final/PCVue_VAREXP_Limited_Tag_Pilot_20260814_160322/SCHEMA_PROVENANCE.csv,970,IGNORE_GENERATED,Collector or QA generated output
05_QA/phase4_2_minimal_hierarchy_pilot_rc1/main/Output_Final/PCVue_VAREXP_Limited_Tag_Pilot_20260814_160322/SHA256SUMS.txt,620,IGNORE_GENERATED,Collector or QA generated output
05_QA/phase4_2_minimal_hierarchy_pilot_rc1/main/Output_Final/PCVue_VAREXP_Limited_Tag_Pilot_20260814_160322/TAG_DATA.csv,47368,IGNORE_GENERATED,Collector or QA generated output
05_QA/phase4_2_minimal_hierarchy_pilot_rc1/main/Output_Final/PCVue_VAREXP_Limited_Tag_Pilot_20260814_160322/TAG_IDENTITY_CANDIDATES.csv,46853,IGNORE_GENERATED,Collector or QA generated output
05_QA/phase4_2_minimal_hierarchy_pilot_rc1/main/Output_Final/PCVue_VAREXP_Limited_Tag_Pilot_20260814_160322/TAG_IDENTITY_CONFLICTS.csv,27438,IGNORE_GENERATED,Collector or QA generated output
05_QA/phase4_2_minimal_hierarchy_pilot_rc1/main/Output_Final/PCVue_VAREXP_Limited_Tag_Pilot_20260814_160322/TAG_IDENTITY_METRICS.csv,2175,IGNORE_GENERATED,Collector or QA generated output
05_QA/phase4_2_minimal_hierarchy_pilot_rc1/main/Output/PCVue_VAREXP_Limited_Tag_Pilot_20260814_160154.zip,19999,IGNORE_GENERATED,Collector or QA generated output
05_QA/phase4_2_minimal_hierarchy_pilot_rc1/main/Output/PCVue_VAREXP_Limited_Tag_Pilot_20260814_160154.zip.sha256,118,IGNORE_GENERATED,Collector or QA generated output
05_QA/phase4_2_minimal_hierarchy_pilot_rc1/main/Output/PCVue_VAREXP_Limited_Tag_Pilot_20260814_160154/FILE_STATUS.csv,1305,IGNORE_GENERATED,Collector or QA generated output
05_QA/phase4_2_minimal_hierarchy_pilot_rc1/main/Output/PCVue_VAREXP_Limited_Tag_Pilot_20260814_160154/FINAL_STATUS.txt,312,IGNORE_GENERATED,Collector or QA generated output
05_QA/phase4_2_minimal_hierarchy_pilot_rc1/main/Output/PCVue_VAREXP_Limited_Tag_Pilot_20260814_160154/SCHEMA_PROVENANCE.csv,970,IGNORE_GENERATED,Collector or QA generated output
05_QA/phase4_2_minimal_hierarchy_pilot_rc1/main/Output/PCVue_VAREXP_Limited_Tag_Pilot_20260814_160154/SHA256SUMS.txt,620,IGNORE_GENERATED,Collector or QA generated output
05_QA/phase4_2_minimal_hierarchy_pilot_rc1/main/Output/PCVue_VAREXP_Limited_Tag_Pilot_20260814_160154/TAG_DATA.csv,47368,IGNORE_GENERATED,Collector or QA generated output
05_QA/phase4_2_minimal_hierarchy_pilot_rc1/main/Output/PCVue_VAREXP_Limited_Tag_Pilot_20260814_160154/TAG_IDENTITY_CANDIDATES.csv,46853,IGNORE_GENERATED,Collector or QA generated output
05_QA/phase4_2_minimal_hierarchy_pilot_rc1/main/Output/PCVue_VAREXP_Limited_Tag_Pilot_20260814_160154/TAG_IDENTITY_CONFLICTS.csv,27438,IGNORE_GENERATED,Collector or QA generated output
05_QA/phase4_2_minimal_hierarchy_pilot_rc1/main/Output/PCVue_VAREXP_Limited_Tag_Pilot_20260814_160154/TAG_IDENTITY_METRICS.csv,2175,IGNORE_GENERATED,Collector or QA generated output
05_QA/phase4_2_minimal_hierarchy_pilot_rc1/main/Project Files/USR/SSV Integrated Project/C1/Shared/A/varexp/plc_m_varexp.csv,10150,MANUAL_REVIEW,Likely synthetic fixture but provenance marker/reduction review required
05_QA/phase4_2_minimal_hierarchy_pilot_rc1/main/Project Files/USR/SSV Integrated Project/C1/Shared/B/varexp/G03_varexp.csv,10242,MANUAL_REVIEW,Likely synthetic fixture but provenance marker/reduction review required
05_QA/phase4_2_minimal_hierarchy_pilot_rc1/main/Project Files/USR/SSV Integrated Project/C1/Shared/C/varexp/BFU_varexp.csv,10242,MANUAL_REVIEW,Likely synthetic fixture but provenance marker/reduction review required
05_QA/phase4_2_minimal_hierarchy_pilot_rc1/main/Project Files/USR/SSV Integrated Project/C1/Shared/ELEC/varexp/E02_varexp.csv,10175,MANUAL_REVIEW,Likely synthetic fixture but provenance marker/reduction review required
05_QA/phase4_2_minimal_hierarchy_pilot_rc1/main/Project Files/USR/SSV Integrated Project/C1/Shared/varexp_main.csv,10242,MANUAL_REVIEW,Likely synthetic fixture but provenance marker/reduction review required
05_QA/phase4_2_minimal_hierarchy_pilot_rc1/malformed261/Output/PCVue_VAREXP_Limited_Tag_Pilot_20260814_160228.zip,16916,IGNORE_GENERATED,Collector or QA generated output
05_QA/phase4_2_minimal_hierarchy_pilot_rc1/malformed261/Output/PCVue_VAREXP_Limited_Tag_Pilot_20260814_160228.zip.sha256,118,IGNORE_GENERATED,Collector or QA generated output
05_QA/phase4_2_minimal_hierarchy_pilot_rc1/malformed261/Output/PCVue_VAREXP_Limited_Tag_Pilot_20260814_160228/FILE_STATUS.csv,1304,IGNORE_GENERATED,Collector or QA generated output
05_QA/phase4_2_minimal_hierarchy_pilot_rc1/malformed261/Output/PCVue_VAREXP_Limited_Tag_Pilot_20260814_160228/FINAL_STATUS.txt,322,IGNORE_GENERATED,Collector or QA generated output
05_QA/phase4_2_minimal_hierarchy_pilot_rc1/malformed261/Output/PCVue_VAREXP_Limited_Tag_Pilot_20260814_160228/SCHEMA_PROVENANCE.csv,970,IGNORE_GENERATED,Collector or QA generated output
05_QA/phase4_2_minimal_hierarchy_pilot_rc1/malformed261/Output/PCVue_VAREXP_Limited_Tag_Pilot_20260814_160228/SHA256SUMS.txt,620,IGNORE_GENERATED,Collector or QA generated output
05_QA/phase4_2_minimal_hierarchy_pilot_rc1/malformed261/Output/PCVue_VAREXP_Limited_Tag_Pilot_20260814_160228/TAG_DATA.csv,38152,IGNORE_GENERATED,Collector or QA generated output
05_QA/phase4_2_minimal_hierarchy_pilot_rc1/malformed261/Output/PCVue_VAREXP_Limited_Tag_Pilot_20260814_160228/TAG_IDENTITY_CANDIDATES.csv,37807,IGNORE_GENERATED,Collector or QA generated output
05_QA/phase4_2_minimal_hierarchy_pilot_rc1/malformed261/Output/PCVue_VAREXP_Limited_Tag_Pilot_20260814_160228/TAG_IDENTITY_CONFLICTS.csv,22699,IGNORE_GENERATED,Collector or QA generated output
05_QA/phase4_2_minimal_hierarchy_pilot_rc1/malformed261/Output/PCVue_VAREXP_Limited_Tag_Pilot_20260814_160228/TAG_IDENTITY_METRICS.csv,1819,IGNORE_GENERATED,Collector or QA generated output
05_QA/phase4_2_minimal_hierarchy_pilot_rc1/malformed261/Project Files/USR/SSV Integrated Project/C1/Shared/A/varexp/plc_m_varexp.csv,9396,MANUAL_REVIEW,Likely synthetic fixture but provenance marker/reduction review required
05_QA/phase4_2_minimal_hierarchy_pilot_rc1/malformed261/Project Files/USR/SSV Integrated Project/C1/Shared/B/varexp/G03_varexp.csv,9462,MANUAL_REVIEW,Likely synthetic fixture but provenance marker/reduction review required
05_QA/phase4_2_minimal_hierarchy_pilot_rc1/malformed261/Project Files/USR/SSV Integrated Project/C1/Shared/C/varexp/BFU_varexp.csv,9463,MANUAL_REVIEW,Likely synthetic fixture but provenance marker/reduction review required
05_QA/phase4_2_minimal_hierarchy_pilot_rc1/malformed261/Project Files/USR/SSV Integrated Project/C1/Shared/ELEC/varexp/E02_varexp.csv,9396,MANUAL_REVIEW,Likely synthetic fixture but provenance marker/reduction review required
05_QA/phase4_2_minimal_hierarchy_pilot_rc1/malformed261/Project Files/USR/SSV Integrated Project/C1/Shared/varexp_main.csv,9463,MANUAL_REVIEW,Likely synthetic fixture but provenance marker/reduction review required
05_QA/phase4_2_minimal_hierarchy_pilot_rc1/malformed263/Output/PCVue_VAREXP_Limited_Tag_Pilot_20260814_160234.zip,16921,IGNORE_GENERATED,Collector or QA generated output
05_QA/phase4_2_minimal_hierarchy_pilot_rc1/malformed263/Output/PCVue_VAREXP_Limited_Tag_Pilot_20260814_160234.zip.sha256,118,IGNORE_GENERATED,Collector or QA generated output
05_QA/phase4_2_minimal_hierarchy_pilot_rc1/malformed263/Output/PCVue_VAREXP_Limited_Tag_Pilot_20260814_160234/FILE_STATUS.csv,1304,IGNORE_GENERATED,Collector or QA generated output
05_QA/phase4_2_minimal_hierarchy_pilot_rc1/malformed263/Output/PCVue_VAREXP_Limited_Tag_Pilot_20260814_160234/FINAL_STATUS.txt,322,IGNORE_GENERATED,Collector or QA generated output
05_QA/phase4_2_minimal_hierarchy_pilot_rc1/malformed263/Output/PCVue_VAREXP_Limited_Tag_Pilot_20260814_160234/SCHEMA_PROVENANCE.csv,970,IGNORE_GENERATED,Collector or QA generated output
05_QA/phase4_2_minimal_hierarchy_pilot_rc1/malformed263/Output/PCVue_VAREXP_Limited_Tag_Pilot_20260814_160234/SHA256SUMS.txt,620,IGNORE_GENERATED,Collector or QA generated output
05_QA/phase4_2_minimal_hierarchy_pilot_rc1/malformed263/Output/PCVue_VAREXP_Limited_Tag_Pilot_20260814_160234/TAG_DATA.csv,38152,IGNORE_GENERATED,Collector or QA generated output
05_QA/phase4_2_minimal_hierarchy_pilot_rc1/malformed263/Output/PCVue_VAREXP_Limited_Tag_Pilot_20260814_160234/TAG_IDENTITY_CANDIDATES.csv,37807,IGNORE_GENERATED,Collector or QA generated output
05_QA/phase4_2_minimal_hierarchy_pilot_rc1/malformed263/Output/PCVue_VAREXP_Limited_Tag_Pilot_20260814_160234/TAG_IDENTITY_CONFLICTS.csv,22699,IGNORE_GENERATED,Collector or QA generated output
05_QA/phase4_2_minimal_hierarchy_pilot_rc1/malformed263/Output/PCVue_VAREXP_Limited_Tag_Pilot_20260814_160234/TAG_IDENTITY_METRICS.csv,1819,IGNORE_GENERATED,Collector or QA generated output
05_QA/phase4_2_minimal_hierarchy_pilot_rc1/malformed263/Project Files/USR/SSV Integrated Project/C1/Shared/A/varexp/plc_m_varexp.csv,9396,MANUAL_REVIEW,Likely synthetic fixture but provenance marker/reduction review required
05_QA/phase4_2_minimal_hierarchy_pilot_rc1/malformed263/Project Files/USR/SSV Integrated Project/C1/Shared/B/varexp/G03_varexp.csv,9463,MANUAL_REVIEW,Likely synthetic fixture but provenance marker/reduction review required
05_QA/phase4_2_minimal_hierarchy_pilot_rc1/malformed263/Project Files/USR/SSV Integrated Project/C1/Shared/C/varexp/BFU_varexp.csv,9469,MANUAL_REVIEW,Likely synthetic fixture but provenance marker/reduction review required
05_QA/phase4_2_minimal_hierarchy_pilot_rc1/malformed263/Project Files/USR/SSV Integrated Project/C1/Shared/ELEC/varexp/E02_varexp.csv,9396,MANUAL_REVIEW,Likely synthetic fixture but provenance marker/reduction review required
05_QA/phase4_2_minimal_hierarchy_pilot_rc1/malformed263/Project Files/USR/SSV Integrated Project/C1/Shared/varexp_main.csv,9463,MANUAL_REVIEW,Likely synthetic fixture but provenance marker/reduction review required
05_QA/phase4_2_minimal_hierarchy_pilot_rc1/per21/Output_Final/PCVue_VAREXP_Limited_Tag_Pilot_20260814_160418.zip,20027,IGNORE_GENERATED,Collector or QA generated output
05_QA/phase4_2_minimal_hierarchy_pilot_rc1/per21/Output_Final/PCVue_VAREXP_Limited_Tag_Pilot_20260814_160418.zip.sha256,118,IGNORE_GENERATED,Collector or QA generated output
05_QA/phase4_2_minimal_hierarchy_pilot_rc1/per21/Output_Final/PCVue_VAREXP_Limited_Tag_Pilot_20260814_160418/FILE_STATUS.csv,1305,IGNORE_GENERATED,Collector or QA generated output
05_QA/phase4_2_minimal_hierarchy_pilot_rc1/per21/Output_Final/PCVue_VAREXP_Limited_Tag_Pilot_20260814_160418/FINAL_STATUS.txt,312,IGNORE_GENERATED,Collector or QA generated output
05_QA/phase4_2_minimal_hierarchy_pilot_rc1/per21/Output_Final/PCVue_VAREXP_Limited_Tag_Pilot_20260814_160418/SCHEMA_PROVENANCE.csv,970,IGNORE_GENERATED,Collector or QA generated output
05_QA/phase4_2_minimal_hierarchy_pilot_rc1/per21/Output_Final/PCVue_VAREXP_Limited_Tag_Pilot_20260814_160418/SHA256SUMS.txt,620,IGNORE_GENERATED,Collector or QA generated output
05_QA/phase4_2_minimal_hierarchy_pilot_rc1/per21/Output_Final/PCVue_VAREXP_Limited_Tag_Pilot_20260814_160418/TAG_DATA.csv,47398,IGNORE_GENERATED,Collector or QA generated output
05_QA/phase4_2_minimal_hierarchy_pilot_rc1/per21/Output_Final/PCVue_VAREXP_Limited_Tag_Pilot_20260814_160418/TAG_IDENTITY_CANDIDATES.csv,47231,IGNORE_GENERATED,Collector or QA generated output
05_QA/phase4_2_minimal_hierarchy_pilot_rc1/per21/Output_Final/PCVue_VAREXP_Limited_Tag_Pilot_20260814_160418/TAG_IDENTITY_CONFLICTS.csv,28099,IGNORE_GENERATED,Collector or QA generated output
05_QA/phase4_2_minimal_hierarchy_pilot_rc1/per21/Output_Final/PCVue_VAREXP_Limited_Tag_Pilot_20260814_160418/TAG_IDENTITY_METRICS.csv,2163,IGNORE_GENERATED,Collector or QA generated output
05_QA/phase4_2_minimal_hierarchy_pilot_rc1/PilotConfig_Global101.psd1,1125,MANUAL_REVIEW,Likely synthetic fixture but provenance marker/reduction review required
05_QA/phase4_2_minimal_hierarchy_pilot_rc1/release_recheck/PCVue_VAREXP_Minimal_Hierarchy_Pilot_1.0.0-rc1/Check-PilotCollector.ps1,4177,IGNORE_GENERATED,Extracted/recheck copy
05_QA/phase4_2_minimal_hierarchy_pilot_rc1/release_recheck/PCVue_VAREXP_Minimal_Hierarchy_Pilot_1.0.0-rc1/Collect-LimitedVarexpTags.ps1,16465,IGNORE_GENERATED,Extracted/recheck copy
05_QA/phase4_2_minimal_hierarchy_pilot_rc1/release_recheck/PCVue_VAREXP_Minimal_Hierarchy_Pilot_1.0.0-rc1/PACKAGE_SHA256SUMS.txt,522,IGNORE_GENERATED,Extracted/recheck copy
05_QA/phase4_2_minimal_hierarchy_pilot_rc1/release_recheck/PCVue_VAREXP_Minimal_Hierarchy_Pilot_1.0.0-rc1/PilotConfig.psd1,1125,IGNORE_GENERATED,Extracted/recheck copy
05_QA/phase4_2_minimal_hierarchy_pilot_rc1/release_recheck/PCVue_VAREXP_Minimal_Hierarchy_Pilot_1.0.0-rc1/README_KO.txt,216,IGNORE_GENERATED,Extracted/recheck copy
05_QA/phase4_2_minimal_hierarchy_pilot_rc1/release_recheck/PCVue_VAREXP_Minimal_Hierarchy_Pilot_1.0.0-rc1/RUN_LIMITED_PILOT.cmd,727,IGNORE_GENERATED,Extracted/recheck copy
05_QA/phase4_2_minimal_hierarchy_pilot_rc1/release_recheck/PCVue_VAREXP_Minimal_Hierarchy_Pilot_1.0.0-rc1/VERSION.txt,118,IGNORE_GENERATED,Extracted/recheck copy
05_QA/rc5_nonproduction/DebugCollector.ps1,20236,MANUAL_REVIEW,QA artifact not yet separated into durable vs generated
05_QA/rc5_nonproduction/debugout/PCVue_CSV_Header_Sample_20260813_121137.zip,6980,IGNORE_GENERATED,Collector or QA generated output
05_QA/rc5_nonproduction/debugout/PCVue_CSV_Header_Sample_20260813_121137.zip.sha256,111,IGNORE_GENERATED,Collector or QA generated output
05_QA/rc5_nonproduction/debugout/PCVue_CSV_Header_Sample_20260813_121137/CSV_SAMPLE_STRUCTURE.csv,11919,IGNORE_GENERATED,Collector or QA generated output
05_QA/rc5_nonproduction/debugout/PCVue_CSV_Header_Sample_20260813_121137/FINAL_SAMPLE_STATUS.txt,201,IGNORE_GENERATED,Collector or QA generated output
05_QA/rc5_nonproduction/debugout/PCVue_CSV_Header_Sample_20260813_121137/HISTO_HEADER_ANALYSIS.csv,2342,IGNORE_GENERATED,Collector or QA generated output
05_QA/rc5_nonproduction/debugout/PCVue_CSV_Header_Sample_20260813_121137/PVTREND_HEADER_ANALYSIS.csv,952,IGNORE_GENERATED,Collector or QA generated output
05_QA/rc5_nonproduction/debugout/PCVue_CSV_Header_Sample_20260813_121137/SAMPLE_COLLECTION_STATUS.csv,2096,IGNORE_GENERATED,Collector or QA generated output
05_QA/rc5_nonproduction/debugout/PCVue_CSV_Header_Sample_20260813_121137/SHA256SUMS.txt,564,IGNORE_GENERATED,Collector or QA generated output
05_QA/rc5_nonproduction/debugout/PCVue_CSV_Header_Sample_20260813_121137/VAREXP_HEADER_ANALYSIS.csv,9415,IGNORE_GENERATED,Collector or QA generated output
05_QA/rc5_nonproduction/direct-after-rebuild/PCVue_CSV_Header_Sample_20260813_121528.zip,6902,IGNORE_GENERATED,Extracted/recheck copy
05_QA/rc5_nonproduction/direct-after-rebuild/PCVue_CSV_Header_Sample_20260813_121528.zip.sha256,111,IGNORE_GENERATED,Extracted/recheck copy
05_QA/rc5_nonproduction/direct-after-rebuild/PCVue_CSV_Header_Sample_20260813_121528/CSV_SAMPLE_STRUCTURE.csv,11989,IGNORE_GENERATED,Extracted/recheck copy
05_QA/rc5_nonproduction/direct-after-rebuild/PCVue_CSV_Header_Sample_20260813_121528/FINAL_SAMPLE_STATUS.txt,201,IGNORE_GENERATED,Extracted/recheck copy
05_QA/rc5_nonproduction/direct-after-rebuild/PCVue_CSV_Header_Sample_20260813_121528/HISTO_HEADER_ANALYSIS.csv,2342,IGNORE_GENERATED,Extracted/recheck copy
05_QA/rc5_nonproduction/direct-after-rebuild/PCVue_CSV_Header_Sample_20260813_121528/PVTREND_HEADER_ANALYSIS.csv,1022,IGNORE_GENERATED,Extracted/recheck copy
05_QA/rc5_nonproduction/direct-after-rebuild/PCVue_CSV_Header_Sample_20260813_121528/SAMPLE_COLLECTION_STATUS.csv,1956,IGNORE_GENERATED,Extracted/recheck copy
05_QA/rc5_nonproduction/direct-after-rebuild/PCVue_CSV_Header_Sample_20260813_121528/SHA256SUMS.txt,564,IGNORE_GENERATED,Extracted/recheck copy
05_QA/rc5_nonproduction/direct-after-rebuild/PCVue_CSV_Header_Sample_20260813_121528/VAREXP_HEADER_ANALYSIS.csv,9415,IGNORE_GENERATED,Extracted/recheck copy
05_QA/rc5_nonproduction/e2e_main/PCVue_CSV_Header_Sample_20260813_121752.zip,6902,MANUAL_REVIEW,QA artifact not yet separated into durable vs generated
05_QA/rc5_nonproduction/e2e_main/PCVue_CSV_Header_Sample_20260813_121752.zip.sha256,111,MANUAL_REVIEW,QA artifact not yet separated into durable vs generated
05_QA/rc5_nonproduction/e2e_main/PCVue_CSV_Header_Sample_20260813_121752/CSV_SAMPLE_STRUCTURE.csv,11989,MANUAL_REVIEW,QA artifact not yet separated into durable vs generated
05_QA/rc5_nonproduction/e2e_main/PCVue_CSV_Header_Sample_20260813_121752/FINAL_SAMPLE_STATUS.txt,201,MANUAL_REVIEW,QA artifact not yet separated into durable vs generated
05_QA/rc5_nonproduction/e2e_main/PCVue_CSV_Header_Sample_20260813_121752/HISTO_HEADER_ANALYSIS.csv,2342,MANUAL_REVIEW,QA artifact not yet separated into durable vs generated
05_QA/rc5_nonproduction/e2e_main/PCVue_CSV_Header_Sample_20260813_121752/PVTREND_HEADER_ANALYSIS.csv,1022,MANUAL_REVIEW,QA artifact not yet separated into durable vs generated
05_QA/rc5_nonproduction/e2e_main/PCVue_CSV_Header_Sample_20260813_121752/SAMPLE_COLLECTION_STATUS.csv,1956,MANUAL_REVIEW,QA artifact not yet separated into durable vs generated
05_QA/rc5_nonproduction/e2e_main/PCVue_CSV_Header_Sample_20260813_121752/SHA256SUMS.txt,564,MANUAL_REVIEW,QA artifact not yet separated into durable vs generated
05_QA/rc5_nonproduction/e2e_main/PCVue_CSV_Header_Sample_20260813_121752/VAREXP_HEADER_ANALYSIS.csv,9415,MANUAL_REVIEW,QA artifact not yet separated into durable vs generated
05_QA/rc5_nonproduction/e2e_pvbad/PCVue_CSV_Header_Sample_20260813_121759.zip,6734,MANUAL_REVIEW,QA artifact not yet separated into durable vs generated
05_QA/rc5_nonproduction/e2e_pvbad/PCVue_CSV_Header_Sample_20260813_121759.zip.sha256,111,MANUAL_REVIEW,QA artifact not yet separated into durable vs generated
05_QA/rc5_nonproduction/e2e_pvbad/PCVue_CSV_Header_Sample_20260813_121759/CSV_SAMPLE_STRUCTURE.csv,11781,MANUAL_REVIEW,QA artifact not yet separated into durable vs generated
05_QA/rc5_nonproduction/e2e_pvbad/PCVue_CSV_Header_Sample_20260813_121759/FINAL_SAMPLE_STATUS.txt,201,MANUAL_REVIEW,QA artifact not yet separated into durable vs generated
05_QA/rc5_nonproduction/e2e_pvbad/PCVue_CSV_Header_Sample_20260813_121759/HISTO_HEADER_ANALYSIS.csv,2342,MANUAL_REVIEW,QA artifact not yet separated into durable vs generated
05_QA/rc5_nonproduction/e2e_pvbad/PCVue_CSV_Header_Sample_20260813_121759/PVTREND_HEADER_ANALYSIS.csv,814,MANUAL_REVIEW,QA artifact not yet separated into durable vs generated
05_QA/rc5_nonproduction/e2e_pvbad/PCVue_CSV_Header_Sample_20260813_121759/SAMPLE_COLLECTION_STATUS.csv,1962,MANUAL_REVIEW,QA artifact not yet separated into durable vs generated
05_QA/rc5_nonproduction/e2e_pvbad/PCVue_CSV_Header_Sample_20260813_121759/SHA256SUMS.txt,564,MANUAL_REVIEW,QA artifact not yet separated into durable vs generated
05_QA/rc5_nonproduction/e2e_pvbad/PCVue_CSV_Header_Sample_20260813_121759/VAREXP_HEADER_ANALYSIS.csv,9415,MANUAL_REVIEW,QA artifact not yet separated into durable vs generated
05_QA/rc5_nonproduction/e2e_sensitive/PCVue_CSV_Header_Sample_20260813_121756.zip,6817,MANUAL_REVIEW,Likely synthetic fixture but provenance marker/reduction review required
05_QA/rc5_nonproduction/e2e_sensitive/PCVue_CSV_Header_Sample_20260813_121756.zip.sha256,111,MANUAL_REVIEW,Likely synthetic fixture but provenance marker/reduction review required
05_QA/rc5_nonproduction/e2e_sensitive/PCVue_CSV_Header_Sample_20260813_121756/CSV_SAMPLE_STRUCTURE.csv,8474,MANUAL_REVIEW,Likely synthetic fixture but provenance marker/reduction review required
05_QA/rc5_nonproduction/e2e_sensitive/PCVue_CSV_Header_Sample_20260813_121756/FINAL_SAMPLE_STATUS.txt,201,MANUAL_REVIEW,Likely synthetic fixture but provenance marker/reduction review required
05_QA/rc5_nonproduction/e2e_sensitive/PCVue_CSV_Header_Sample_20260813_121756/HISTO_HEADER_ANALYSIS.csv,2342,MANUAL_REVIEW,Likely synthetic fixture but provenance marker/reduction review required
05_QA/rc5_nonproduction/e2e_sensitive/PCVue_CSV_Header_Sample_20260813_121756/PVTREND_HEADER_ANALYSIS.csv,1022,MANUAL_REVIEW,Likely synthetic fixture but provenance marker/reduction review required
05_QA/rc5_nonproduction/e2e_sensitive/PCVue_CSV_Header_Sample_20260813_121756/SAMPLE_COLLECTION_STATUS.csv,1990,MANUAL_REVIEW,Likely synthetic fixture but provenance marker/reduction review required
05_QA/rc5_nonproduction/e2e_sensitive/PCVue_CSV_Header_Sample_20260813_121756/SHA256SUMS.txt,564,MANUAL_REVIEW,Likely synthetic fixture but provenance marker/reduction review required
05_QA/rc5_nonproduction/e2e_sensitive/PCVue_CSV_Header_Sample_20260813_121756/VAREXP_HEADER_ANALYSIS.csv,5900,MANUAL_REVIEW,Likely synthetic fixture but provenance marker/reduction review required
05_QA/rc5_nonproduction/fixture_before_hashes.json,5684,MANUAL_REVIEW,Likely synthetic fixture but provenance marker/reduction review required
05_QA/rc5_nonproduction/fixture_main/DO_NOT_READ.dat,38,MANUAL_REVIEW,Likely synthetic fixture but provenance marker/reduction review required
05_QA/rc5_nonproduction/fixture_main/DO_NOT_READ.xlsx,39,MANUAL_REVIEW,Likely synthetic fixture but provenance marker/reduction review required
05_QA/rc5_nonproduction/fixture_main/DO_NOT_READ.xml,38,MANUAL_REVIEW,Likely synthetic fixture but provenance marker/reduction review required
05_QA/rc5_nonproduction/fixture_main/UNAPPROVED_SENTINEL.csv,34,MANUAL_REVIEW,Likely synthetic fixture but provenance marker/reduction review required
05_QA/rc5_nonproduction/fixture_main/USR/SSV Integrated Project/C1/Server Station/histo_log.csv,75,MANUAL_REVIEW,Likely synthetic fixture but provenance marker/reduction review required
05_QA/rc5_nonproduction/fixture_main/USR/SSV Integrated Project/C1/Shared/A/histo/plc_w_histo.csv,75,MANUAL_REVIEW,Likely synthetic fixture but provenance marker/reduction review required
05_QA/rc5_nonproduction/fixture_main/USR/SSV Integrated Project/C1/Shared/A/varexp/plc_m_varexp.csv,2583,MANUAL_REVIEW,Likely synthetic fixture but provenance marker/reduction review required
05_QA/rc5_nonproduction/fixture_main/USR/SSV Integrated Project/C1/Shared/B/histo/G02_histo.csv,75,MANUAL_REVIEW,Likely synthetic fixture but provenance marker/reduction review required
05_QA/rc5_nonproduction/fixture_main/USR/SSV Integrated Project/C1/Shared/B/varexp/G03_varexp.csv,63,MANUAL_REVIEW,Likely synthetic fixture but provenance marker/reduction review required
05_QA/rc5_nonproduction/fixture_main/USR/SSV Integrated Project/C1/Shared/C/histo/C11_histo.csv,75,MANUAL_REVIEW,Likely synthetic fixture but provenance marker/reduction review required
05_QA/rc5_nonproduction/fixture_main/USR/SSV Integrated Project/C1/Shared/C/varexp/BFU_varexp.csv,70000,MANUAL_REVIEW,Likely synthetic fixture but provenance marker/reduction review required
05_QA/rc5_nonproduction/fixture_main/USR/SSV Integrated Project/C1/Shared/ELEC/histo/E02_histo.csv,75,MANUAL_REVIEW,Likely synthetic fixture but provenance marker/reduction review required
05_QA/rc5_nonproduction/fixture_main/USR/SSV Integrated Project/C1/Shared/ELEC/varexp/E02_varexp.csv,38,MANUAL_REVIEW,Likely synthetic fixture but provenance marker/reduction review required
05_QA/rc5_nonproduction/fixture_main/USR/SSV Integrated Project/C1/Shared/varexp_main.csv,2552,MANUAL_REVIEW,Likely synthetic fixture but provenance marker/reduction review required
05_QA/rc5_nonproduction/fixture_main/USR/SSV Integrated Project/TP/PvTrend_AggregatedStatistics_202506121757.csv,229,MANUAL_REVIEW,Likely synthetic fixture but provenance marker/reduction review required
05_QA/rc5_nonproduction/fixture_pvbad/DO_NOT_READ.dat,38,MANUAL_REVIEW,Likely synthetic fixture but provenance marker/reduction review required
05_QA/rc5_nonproduction/fixture_pvbad/DO_NOT_READ.xlsx,39,MANUAL_REVIEW,Likely synthetic fixture but provenance marker/reduction review required
05_QA/rc5_nonproduction/fixture_pvbad/DO_NOT_READ.xml,38,MANUAL_REVIEW,Likely synthetic fixture but provenance marker/reduction review required
05_QA/rc5_nonproduction/fixture_pvbad/UNAPPROVED_SENTINEL.csv,34,MANUAL_REVIEW,Likely synthetic fixture but provenance marker/reduction review required
05_QA/rc5_nonproduction/fixture_pvbad/USR/SSV Integrated Project/C1/Server Station/histo_log.csv,75,MANUAL_REVIEW,Likely synthetic fixture but provenance marker/reduction review required
05_QA/rc5_nonproduction/fixture_pvbad/USR/SSV Integrated Project/C1/Shared/A/histo/plc_w_histo.csv,75,MANUAL_REVIEW,Likely synthetic fixture but provenance marker/reduction review required
05_QA/rc5_nonproduction/fixture_pvbad/USR/SSV Integrated Project/C1/Shared/A/varexp/plc_m_varexp.csv,2583,MANUAL_REVIEW,Likely synthetic fixture but provenance marker/reduction review required
05_QA/rc5_nonproduction/fixture_pvbad/USR/SSV Integrated Project/C1/Shared/B/histo/G02_histo.csv,75,MANUAL_REVIEW,Likely synthetic fixture but provenance marker/reduction review required
05_QA/rc5_nonproduction/fixture_pvbad/USR/SSV Integrated Project/C1/Shared/B/varexp/G03_varexp.csv,63,MANUAL_REVIEW,Likely synthetic fixture but provenance marker/reduction review required
05_QA/rc5_nonproduction/fixture_pvbad/USR/SSV Integrated Project/C1/Shared/C/histo/C11_histo.csv,75,MANUAL_REVIEW,Likely synthetic fixture but provenance marker/reduction review required
05_QA/rc5_nonproduction/fixture_pvbad/USR/SSV Integrated Project/C1/Shared/C/varexp/BFU_varexp.csv,70000,MANUAL_REVIEW,Likely synthetic fixture but provenance marker/reduction review required
05_QA/rc5_nonproduction/fixture_pvbad/USR/SSV Integrated Project/C1/Shared/ELEC/histo/E02_histo.csv,75,MANUAL_REVIEW,Likely synthetic fixture but provenance marker/reduction review required
05_QA/rc5_nonproduction/fixture_pvbad/USR/SSV Integrated Project/C1/Shared/ELEC/varexp/E02_varexp.csv,38,MANUAL_REVIEW,Likely synthetic fixture but provenance marker/reduction review required
05_QA/rc5_nonproduction/fixture_pvbad/USR/SSV Integrated Project/C1/Shared/varexp_main.csv,2552,MANUAL_REVIEW,Likely synthetic fixture but provenance marker/reduction review required
05_QA/rc5_nonproduction/fixture_pvbad/USR/SSV Integrated Project/TP/PvTrend_AggregatedStatistics_202506121757.csv,203,MANUAL_REVIEW,Likely synthetic fixture but provenance marker/reduction review required
05_QA/rc5_nonproduction/fixture_sensitive/DO_NOT_READ.dat,38,MANUAL_REVIEW,Likely synthetic fixture but provenance marker/reduction review required
05_QA/rc5_nonproduction/fixture_sensitive/DO_NOT_READ.xlsx,39,MANUAL_REVIEW,Likely synthetic fixture but provenance marker/reduction review required
05_QA/rc5_nonproduction/fixture_sensitive/DO_NOT_READ.xml,38,MANUAL_REVIEW,Likely synthetic fixture but provenance marker/reduction review required
05_QA/rc5_nonproduction/fixture_sensitive/UNAPPROVED_SENTINEL.csv,34,MANUAL_REVIEW,Likely synthetic fixture but provenance marker/reduction review required
05_QA/rc5_nonproduction/fixture_sensitive/USR/SSV Integrated Project/C1/Server Station/histo_log.csv,75,MANUAL_REVIEW,Likely synthetic fixture but provenance marker/reduction review required
05_QA/rc5_nonproduction/fixture_sensitive/USR/SSV Integrated Project/C1/Shared/A/histo/plc_w_histo.csv,75,MANUAL_REVIEW,Likely synthetic fixture but provenance marker/reduction review required
05_QA/rc5_nonproduction/fixture_sensitive/USR/SSV Integrated Project/C1/Shared/A/varexp/plc_m_varexp.csv,2583,MANUAL_REVIEW,Likely synthetic fixture but provenance marker/reduction review required
05_QA/rc5_nonproduction/fixture_sensitive/USR/SSV Integrated Project/C1/Shared/B/histo/G02_histo.csv,75,MANUAL_REVIEW,Likely synthetic fixture but provenance marker/reduction review required
05_QA/rc5_nonproduction/fixture_sensitive/USR/SSV Integrated Project/C1/Shared/B/varexp/G03_varexp.csv,63,MANUAL_REVIEW,Likely synthetic fixture but provenance marker/reduction review required
05_QA/rc5_nonproduction/fixture_sensitive/USR/SSV Integrated Project/C1/Shared/C/histo/C11_histo.csv,75,MANUAL_REVIEW,Likely synthetic fixture but provenance marker/reduction review required
05_QA/rc5_nonproduction/fixture_sensitive/USR/SSV Integrated Project/C1/Shared/C/varexp/BFU_varexp.csv,70000,MANUAL_REVIEW,Likely synthetic fixture but provenance marker/reduction review required
05_QA/rc5_nonproduction/fixture_sensitive/USR/SSV Integrated Project/C1/Shared/ELEC/histo/E02_histo.csv,75,MANUAL_REVIEW,Likely synthetic fixture but provenance marker/reduction review required
05_QA/rc5_nonproduction/fixture_sensitive/USR/SSV Integrated Project/C1/Shared/ELEC/varexp/E02_varexp.csv,38,MANUAL_REVIEW,Likely synthetic fixture but provenance marker/reduction review required
05_QA/rc5_nonproduction/fixture_sensitive/USR/SSV Integrated Project/C1/Shared/varexp_main.csv,2576,MANUAL_REVIEW,Likely synthetic fixture but provenance marker/reduction review required
05_QA/rc5_nonproduction/fixture_sensitive/USR/SSV Integrated Project/TP/PvTrend_AggregatedStatistics_202506121757.csv,229,MANUAL_REVIEW,Likely synthetic fixture but provenance marker/reduction review required
05_QA/rc5_nonproduction/main/Project Files/DO_NOT_READ.dat,38,MANUAL_REVIEW,Likely synthetic fixture but provenance marker/reduction review required
05_QA/rc5_nonproduction/main/Project Files/DO_NOT_READ.xlsx,39,MANUAL_REVIEW,Likely synthetic fixture but provenance marker/reduction review required
05_QA/rc5_nonproduction/main/Project Files/DO_NOT_READ.xml,38,MANUAL_REVIEW,Likely synthetic fixture but provenance marker/reduction review required
05_QA/rc5_nonproduction/main/Project Files/UNAPPROVED_SENTINEL.csv,34,MANUAL_REVIEW,Likely synthetic fixture but provenance marker/reduction review required
05_QA/rc5_nonproduction/main/Project Files/USR/SSV Integrated Project/C1/Server Station/histo_log.csv,75,MANUAL_REVIEW,Likely synthetic fixture but provenance marker/reduction review required
05_QA/rc5_nonproduction/main/Project Files/USR/SSV Integrated Project/C1/Shared/A/histo/plc_w_histo.csv,75,MANUAL_REVIEW,Likely synthetic fixture but provenance marker/reduction review required
05_QA/rc5_nonproduction/main/Project Files/USR/SSV Integrated Project/C1/Shared/A/varexp/plc_m_varexp.csv,2583,MANUAL_REVIEW,Likely synthetic fixture but provenance marker/reduction review required
05_QA/rc5_nonproduction/main/Project Files/USR/SSV Integrated Project/C1/Shared/B/histo/G02_histo.csv,75,MANUAL_REVIEW,Likely synthetic fixture but provenance marker/reduction review required
05_QA/rc5_nonproduction/main/Project Files/USR/SSV Integrated Project/C1/Shared/B/varexp/G03_varexp.csv,63,MANUAL_REVIEW,Likely synthetic fixture but provenance marker/reduction review required
05_QA/rc5_nonproduction/main/Project Files/USR/SSV Integrated Project/C1/Shared/C/histo/C11_histo.csv,75,MANUAL_REVIEW,Likely synthetic fixture but provenance marker/reduction review required
05_QA/rc5_nonproduction/main/Project Files/USR/SSV Integrated Project/C1/Shared/C/varexp/BFU_varexp.csv,70000,MANUAL_REVIEW,Likely synthetic fixture but provenance marker/reduction review required
05_QA/rc5_nonproduction/main/Project Files/USR/SSV Integrated Project/C1/Shared/ELEC/histo/E02_histo.csv,75,MANUAL_REVIEW,Likely synthetic fixture but provenance marker/reduction review required
05_QA/rc5_nonproduction/main/Project Files/USR/SSV Integrated Project/C1/Shared/ELEC/varexp/E02_varexp.csv,38,MANUAL_REVIEW,Likely synthetic fixture but provenance marker/reduction review required
05_QA/rc5_nonproduction/main/Project Files/USR/SSV Integrated Project/C1/Shared/varexp_main.csv,2552,MANUAL_REVIEW,Likely synthetic fixture but provenance marker/reduction review required
05_QA/rc5_nonproduction/main/Project Files/USR/SSV Integrated Project/TP/PvTrend_AggregatedStatistics_202506121757.csv,229,MANUAL_REVIEW,Likely synthetic fixture but provenance marker/reduction review required
05_QA/rc5_nonproduction/pvbad/Project Files/DO_NOT_READ.dat,38,MANUAL_REVIEW,Likely synthetic fixture but provenance marker/reduction review required
05_QA/rc5_nonproduction/pvbad/Project Files/DO_NOT_READ.xlsx,39,MANUAL_REVIEW,Likely synthetic fixture but provenance marker/reduction review required
05_QA/rc5_nonproduction/pvbad/Project Files/DO_NOT_READ.xml,38,MANUAL_REVIEW,Likely synthetic fixture but provenance marker/reduction review required
05_QA/rc5_nonproduction/pvbad/Project Files/UNAPPROVED_SENTINEL.csv,34,MANUAL_REVIEW,Likely synthetic fixture but provenance marker/reduction review required
05_QA/rc5_nonproduction/pvbad/Project Files/USR/SSV Integrated Project/C1/Server Station/histo_log.csv,75,MANUAL_REVIEW,Likely synthetic fixture but provenance marker/reduction review required
05_QA/rc5_nonproduction/pvbad/Project Files/USR/SSV Integrated Project/C1/Shared/A/histo/plc_w_histo.csv,75,MANUAL_REVIEW,Likely synthetic fixture but provenance marker/reduction review required
05_QA/rc5_nonproduction/pvbad/Project Files/USR/SSV Integrated Project/C1/Shared/A/varexp/plc_m_varexp.csv,2583,MANUAL_REVIEW,Likely synthetic fixture but provenance marker/reduction review required
05_QA/rc5_nonproduction/pvbad/Project Files/USR/SSV Integrated Project/C1/Shared/B/histo/G02_histo.csv,75,MANUAL_REVIEW,Likely synthetic fixture but provenance marker/reduction review required
05_QA/rc5_nonproduction/pvbad/Project Files/USR/SSV Integrated Project/C1/Shared/B/varexp/G03_varexp.csv,63,MANUAL_REVIEW,Likely synthetic fixture but provenance marker/reduction review required
05_QA/rc5_nonproduction/pvbad/Project Files/USR/SSV Integrated Project/C1/Shared/C/histo/C11_histo.csv,75,MANUAL_REVIEW,Likely synthetic fixture but provenance marker/reduction review required
05_QA/rc5_nonproduction/pvbad/Project Files/USR/SSV Integrated Project/C1/Shared/C/varexp/BFU_varexp.csv,70000,MANUAL_REVIEW,Likely synthetic fixture but provenance marker/reduction review required
05_QA/rc5_nonproduction/pvbad/Project Files/USR/SSV Integrated Project/C1/Shared/ELEC/histo/E02_histo.csv,75,MANUAL_REVIEW,Likely synthetic fixture but provenance marker/reduction review required
05_QA/rc5_nonproduction/pvbad/Project Files/USR/SSV Integrated Project/C1/Shared/ELEC/varexp/E02_varexp.csv,38,MANUAL_REVIEW,Likely synthetic fixture but provenance marker/reduction review required
05_QA/rc5_nonproduction/pvbad/Project Files/USR/SSV Integrated Project/C1/Shared/varexp_main.csv,2552,MANUAL_REVIEW,Likely synthetic fixture but provenance marker/reduction review required
05_QA/rc5_nonproduction/pvbad/Project Files/USR/SSV Integrated Project/TP/PvTrend_AggregatedStatistics_202506121757.csv,203,MANUAL_REVIEW,Likely synthetic fixture but provenance marker/reduction review required
05_QA/rc5_nonproduction/rc5_release_recheck/PCVue_CSV_Header_Sample_Collector_1.0.0-rc5/Check-SampleCollector.ps1,6372,IGNORE_GENERATED,Extracted/recheck copy
05_QA/rc5_nonproduction/rc5_release_recheck/PCVue_CSV_Header_Sample_Collector_1.0.0-rc5/Collect-PCVueCsvHeaders.ps1,20327,IGNORE_GENERATED,Extracted/recheck copy
05_QA/rc5_nonproduction/rc5_release_recheck/PCVue_CSV_Header_Sample_Collector_1.0.0-rc5/PACKAGE_SHA256SUMS.txt,525,IGNORE_GENERATED,Extracted/recheck copy
05_QA/rc5_nonproduction/rc5_release_recheck/PCVue_CSV_Header_Sample_Collector_1.0.0-rc5/README_KO.txt,766,IGNORE_GENERATED,Extracted/recheck copy
05_QA/rc5_nonproduction/rc5_release_recheck/PCVue_CSV_Header_Sample_Collector_1.0.0-rc5/RUN_SAMPLE_COLLECTOR.cmd,783,IGNORE_GENERATED,Extracted/recheck copy
05_QA/rc5_nonproduction/rc5_release_recheck/PCVue_CSV_Header_Sample_Collector_1.0.0-rc5/SampleConfig.psd1,1485,IGNORE_GENERATED,Extracted/recheck copy
05_QA/rc5_nonproduction/rc5_release_recheck/PCVue_CSV_Header_Sample_Collector_1.0.0-rc5/VERSION.txt,179,IGNORE_GENERATED,Extracted/recheck copy
05_QA/rc5_nonproduction/sensitive/Project Files/DO_NOT_READ.dat,38,MANUAL_REVIEW,Likely synthetic fixture but provenance marker/reduction review required
05_QA/rc5_nonproduction/sensitive/Project Files/DO_NOT_READ.xlsx,39,MANUAL_REVIEW,Likely synthetic fixture but provenance marker/reduction review required
05_QA/rc5_nonproduction/sensitive/Project Files/DO_NOT_READ.xml,38,MANUAL_REVIEW,Likely synthetic fixture but provenance marker/reduction review required
05_QA/rc5_nonproduction/sensitive/Project Files/UNAPPROVED_SENTINEL.csv,34,MANUAL_REVIEW,Likely synthetic fixture but provenance marker/reduction review required
05_QA/rc5_nonproduction/sensitive/Project Files/USR/SSV Integrated Project/C1/Server Station/histo_log.csv,75,MANUAL_REVIEW,Likely synthetic fixture but provenance marker/reduction review required
05_QA/rc5_nonproduction/sensitive/Project Files/USR/SSV Integrated Project/C1/Shared/A/histo/plc_w_histo.csv,75,MANUAL_REVIEW,Likely synthetic fixture but provenance marker/reduction review required
05_QA/rc5_nonproduction/sensitive/Project Files/USR/SSV Integrated Project/C1/Shared/A/varexp/plc_m_varexp.csv,2583,MANUAL_REVIEW,Likely synthetic fixture but provenance marker/reduction review required
05_QA/rc5_nonproduction/sensitive/Project Files/USR/SSV Integrated Project/C1/Shared/B/histo/G02_histo.csv,75,MANUAL_REVIEW,Likely synthetic fixture but provenance marker/reduction review required
05_QA/rc5_nonproduction/sensitive/Project Files/USR/SSV Integrated Project/C1/Shared/B/varexp/G03_varexp.csv,63,MANUAL_REVIEW,Likely synthetic fixture but provenance marker/reduction review required
05_QA/rc5_nonproduction/sensitive/Project Files/USR/SSV Integrated Project/C1/Shared/C/histo/C11_histo.csv,75,MANUAL_REVIEW,Likely synthetic fixture but provenance marker/reduction review required
05_QA/rc5_nonproduction/sensitive/Project Files/USR/SSV Integrated Project/C1/Shared/C/varexp/BFU_varexp.csv,70000,MANUAL_REVIEW,Likely synthetic fixture but provenance marker/reduction review required
05_QA/rc5_nonproduction/sensitive/Project Files/USR/SSV Integrated Project/C1/Shared/ELEC/histo/E02_histo.csv,75,MANUAL_REVIEW,Likely synthetic fixture but provenance marker/reduction review required
05_QA/rc5_nonproduction/sensitive/Project Files/USR/SSV Integrated Project/C1/Shared/ELEC/varexp/E02_varexp.csv,38,MANUAL_REVIEW,Likely synthetic fixture but provenance marker/reduction review required
05_QA/rc5_nonproduction/sensitive/Project Files/USR/SSV Integrated Project/C1/Shared/varexp_main.csv,2576,MANUAL_REVIEW,Likely synthetic fixture but provenance marker/reduction review required
05_QA/rc5_nonproduction/sensitive/Project Files/USR/SSV Integrated Project/TP/PvTrend_AggregatedStatistics_202506121757.csv,229,MANUAL_REVIEW,Likely synthetic fixture but provenance marker/reduction review required
05_QA/repository_inventory_2026-08-14/GIT_VERSION_RELEASE_STANDARD.md,2072,TRACK_IN_GIT,Approved durable inventory report
05_QA/repository_inventory_2026-08-14/GIT_WORKTREE_ANALYSIS.md,2683,TRACK_IN_GIT,Approved durable inventory report
05_QA/repository_inventory_2026-08-14/MIGRATION_PLAN_DRAFT.md,2760,TRACK_IN_GIT,Approved durable inventory report
05_QA/repository_inventory_2026-08-14/PRODUCTION_DATA_GIT_RISK_ASSESSMENT.md,2409,TRACK_IN_GIT,Approved durable inventory report
05_QA/repository_inventory_2026-08-14/PROJECT_REPOSITORY_INVENTORY.md,4080,TRACK_IN_GIT,Approved durable inventory report
05_QA/repository_inventory_2026-08-14/TARGET_PROJECT_FOLDER_STANDARD.md,2093,TRACK_IN_GIT,Approved durable inventory report
05_QA/repository_inventory_2026-08-14/UTILITYAI_REPOSITORY_RELATIONSHIP.md,1629,TRACK_IN_GIT,Approved durable inventory report
05_QA/varexp_limited_pilot_rc1/BEFORE_HASHES.json,5324,MANUAL_REVIEW,QA artifact not yet separated into durable vs generated
05_QA/varexp_limited_pilot_rc1/byteBoundary/ProjectRoot/NO_ACCESS.dat,24,MANUAL_REVIEW,Likely synthetic fixture but provenance marker/reduction review required
05_QA/varexp_limited_pilot_rc1/byteBoundary/ProjectRoot/NO_ACCESS.xlsx,25,MANUAL_REVIEW,Likely synthetic fixture but provenance marker/reduction review required
05_QA/varexp_limited_pilot_rc1/byteBoundary/ProjectRoot/NO_ACCESS.xml,24,MANUAL_REVIEW,Likely synthetic fixture but provenance marker/reduction review required
05_QA/varexp_limited_pilot_rc1/byteBoundary/ProjectRoot/UNAPPROVED_VAREXP.csv,29,MANUAL_REVIEW,Likely synthetic fixture but provenance marker/reduction review required
05_QA/varexp_limited_pilot_rc1/byteBoundary/ProjectRoot/USR/SSV Integrated Project/C1/Shared/A/varexp/plc_m_varexp.csv,11828,MANUAL_REVIEW,Likely synthetic fixture but provenance marker/reduction review required
05_QA/varexp_limited_pilot_rc1/byteBoundary/ProjectRoot/USR/SSV Integrated Project/C1/Shared/B/varexp/G03_varexp.csv,11775,MANUAL_REVIEW,Likely synthetic fixture but provenance marker/reduction review required
05_QA/varexp_limited_pilot_rc1/byteBoundary/ProjectRoot/USR/SSV Integrated Project/C1/Shared/C/varexp/BFU_varexp.csv,11775,MANUAL_REVIEW,Likely synthetic fixture but provenance marker/reduction review required
05_QA/varexp_limited_pilot_rc1/byteBoundary/ProjectRoot/USR/SSV Integrated Project/C1/Shared/ELEC/varexp/E02_varexp.csv,11775,MANUAL_REVIEW,Likely synthetic fixture but provenance marker/reduction review required
05_QA/varexp_limited_pilot_rc1/byteBoundary/ProjectRoot/USR/SSV Integrated Project/C1/Shared/varexp_main.csv,281732,MANUAL_REVIEW,Likely synthetic fixture but provenance marker/reduction review required
05_QA/varexp_limited_pilot_rc1/globalBoundary/ProjectRoot/NO_ACCESS.dat,24,MANUAL_REVIEW,Likely synthetic fixture but provenance marker/reduction review required
05_QA/varexp_limited_pilot_rc1/globalBoundary/ProjectRoot/NO_ACCESS.xlsx,25,MANUAL_REVIEW,Likely synthetic fixture but provenance marker/reduction review required
05_QA/varexp_limited_pilot_rc1/globalBoundary/ProjectRoot/NO_ACCESS.xml,24,MANUAL_REVIEW,Likely synthetic fixture but provenance marker/reduction review required
05_QA/varexp_limited_pilot_rc1/globalBoundary/ProjectRoot/UNAPPROVED_VAREXP.csv,29,MANUAL_REVIEW,Likely synthetic fixture but provenance marker/reduction review required
05_QA/varexp_limited_pilot_rc1/globalBoundary/ProjectRoot/USR/SSV Integrated Project/C1/Shared/A/varexp/plc_m_varexp.csv,11828,MANUAL_REVIEW,Likely synthetic fixture but provenance marker/reduction review required
05_QA/varexp_limited_pilot_rc1/globalBoundary/ProjectRoot/USR/SSV Integrated Project/C1/Shared/B/varexp/G03_varexp.csv,11775,MANUAL_REVIEW,Likely synthetic fixture but provenance marker/reduction review required
05_QA/varexp_limited_pilot_rc1/globalBoundary/ProjectRoot/USR/SSV Integrated Project/C1/Shared/C/varexp/BFU_varexp.csv,11775,MANUAL_REVIEW,Likely synthetic fixture but provenance marker/reduction review required
05_QA/varexp_limited_pilot_rc1/globalBoundary/ProjectRoot/USR/SSV Integrated Project/C1/Shared/ELEC/varexp/E02_varexp.csv,11792,MANUAL_REVIEW,Likely synthetic fixture but provenance marker/reduction review required
05_QA/varexp_limited_pilot_rc1/globalBoundary/ProjectRoot/USR/SSV Integrated Project/C1/Shared/varexp_main.csv,11726,MANUAL_REVIEW,Likely synthetic fixture but provenance marker/reduction review required
05_QA/varexp_limited_pilot_rc1/malformed/ProjectRoot/NO_ACCESS.dat,24,MANUAL_REVIEW,Likely synthetic fixture but provenance marker/reduction review required
05_QA/varexp_limited_pilot_rc1/malformed/ProjectRoot/NO_ACCESS.xlsx,25,MANUAL_REVIEW,Likely synthetic fixture but provenance marker/reduction review required
05_QA/varexp_limited_pilot_rc1/malformed/ProjectRoot/NO_ACCESS.xml,24,MANUAL_REVIEW,Likely synthetic fixture but provenance marker/reduction review required
05_QA/varexp_limited_pilot_rc1/malformed/ProjectRoot/UNAPPROVED_VAREXP.csv,29,MANUAL_REVIEW,Likely synthetic fixture but provenance marker/reduction review required
05_QA/varexp_limited_pilot_rc1/malformed/ProjectRoot/USR/SSV Integrated Project/C1/Shared/A/varexp/plc_m_varexp.csv,11828,MANUAL_REVIEW,Likely synthetic fixture but provenance marker/reduction review required
05_QA/varexp_limited_pilot_rc1/malformed/ProjectRoot/USR/SSV Integrated Project/C1/Shared/B/varexp/G03_varexp.csv,11774,MANUAL_REVIEW,Likely synthetic fixture but provenance marker/reduction review required
05_QA/varexp_limited_pilot_rc1/malformed/ProjectRoot/USR/SSV Integrated Project/C1/Shared/C/varexp/BFU_varexp.csv,11781,MANUAL_REVIEW,Likely synthetic fixture but provenance marker/reduction review required
05_QA/varexp_limited_pilot_rc1/malformed/ProjectRoot/USR/SSV Integrated Project/C1/Shared/ELEC/varexp/E02_varexp.csv,11775,MANUAL_REVIEW,Likely synthetic fixture but provenance marker/reduction review required
05_QA/varexp_limited_pilot_rc1/malformed/ProjectRoot/USR/SSV Integrated Project/C1/Shared/varexp_main.csv,11726,MANUAL_REVIEW,Likely synthetic fixture but provenance marker/reduction review required
05_QA/varexp_limited_pilot_rc1/out_byteBoundary_final/PCVue_VAREXP_Limited_Tag_Pilot_20260814_115806.zip,3324,IGNORE_GENERATED,Collector or QA generated output
05_QA/varexp_limited_pilot_rc1/out_byteBoundary_final/PCVue_VAREXP_Limited_Tag_Pilot_20260814_115806.zip.sha256,118,IGNORE_GENERATED,Collector or QA generated output
05_QA/varexp_limited_pilot_rc1/out_byteBoundary_final/PCVue_VAREXP_Limited_Tag_Pilot_20260814_115806/FILE_STATUS.csv,1315,IGNORE_GENERATED,Collector or QA generated output
05_QA/varexp_limited_pilot_rc1/out_byteBoundary_final/PCVue_VAREXP_Limited_Tag_Pilot_20260814_115806/FINAL_STATUS.txt,251,IGNORE_GENERATED,Collector or QA generated output
05_QA/varexp_limited_pilot_rc1/out_byteBoundary_final/PCVue_VAREXP_Limited_Tag_Pilot_20260814_115806/SCHEMA_PROVENANCE.csv,970,IGNORE_GENERATED,Collector or QA generated output
05_QA/varexp_limited_pilot_rc1/out_byteBoundary_final/PCVue_VAREXP_Limited_Tag_Pilot_20260814_115806/SHA256SUMS.txt,339,IGNORE_GENERATED,Collector or QA generated output
05_QA/varexp_limited_pilot_rc1/out_byteBoundary_final/PCVue_VAREXP_Limited_Tag_Pilot_20260814_115806/TAG_DATA.csv,37407,IGNORE_GENERATED,Collector or QA generated output
05_QA/varexp_limited_pilot_rc1/out_globalBoundary_final/PCVue_VAREXP_Limited_Tag_Pilot_20260814_115810.zip,3527,IGNORE_GENERATED,Collector or QA generated output
05_QA/varexp_limited_pilot_rc1/out_globalBoundary_final/PCVue_VAREXP_Limited_Tag_Pilot_20260814_115810.zip.sha256,118,IGNORE_GENERATED,Collector or QA generated output
05_QA/varexp_limited_pilot_rc1/out_globalBoundary_final/PCVue_VAREXP_Limited_Tag_Pilot_20260814_115810/FILE_STATUS.csv,1217,IGNORE_GENERATED,Collector or QA generated output
05_QA/varexp_limited_pilot_rc1/out_globalBoundary_final/PCVue_VAREXP_Limited_Tag_Pilot_20260814_115810/FINAL_STATUS.txt,241,IGNORE_GENERATED,Collector or QA generated output
05_QA/varexp_limited_pilot_rc1/out_globalBoundary_final/PCVue_VAREXP_Limited_Tag_Pilot_20260814_115810/SCHEMA_PROVENANCE.csv,970,IGNORE_GENERATED,Collector or QA generated output
05_QA/varexp_limited_pilot_rc1/out_globalBoundary_final/PCVue_VAREXP_Limited_Tag_Pilot_20260814_115810/SHA256SUMS.txt,339,IGNORE_GENERATED,Collector or QA generated output
05_QA/varexp_limited_pilot_rc1/out_globalBoundary_final/PCVue_VAREXP_Limited_Tag_Pilot_20260814_115810/TAG_DATA.csv,46572,IGNORE_GENERATED,Collector or QA generated output
05_QA/varexp_limited_pilot_rc1/out_malformed_final/PCVue_VAREXP_Limited_Tag_Pilot_20260814_115800.zip,3192,IGNORE_GENERATED,Collector or QA generated output
05_QA/varexp_limited_pilot_rc1/out_malformed_final/PCVue_VAREXP_Limited_Tag_Pilot_20260814_115800.zip.sha256,118,IGNORE_GENERATED,Collector or QA generated output
05_QA/varexp_limited_pilot_rc1/out_malformed_final/PCVue_VAREXP_Limited_Tag_Pilot_20260814_115800/FILE_STATUS.csv,1302,IGNORE_GENERATED,Collector or QA generated output
05_QA/varexp_limited_pilot_rc1/out_malformed_final/PCVue_VAREXP_Limited_Tag_Pilot_20260814_115800/FINAL_STATUS.txt,251,IGNORE_GENERATED,Collector or QA generated output
05_QA/varexp_limited_pilot_rc1/out_malformed_final/PCVue_VAREXP_Limited_Tag_Pilot_20260814_115800/SCHEMA_PROVENANCE.csv,970,IGNORE_GENERATED,Collector or QA generated output
05_QA/varexp_limited_pilot_rc1/out_malformed_final/PCVue_VAREXP_Limited_Tag_Pilot_20260814_115800/SHA256SUMS.txt,339,IGNORE_GENERATED,Collector or QA generated output
05_QA/varexp_limited_pilot_rc1/out_malformed_final/PCVue_VAREXP_Limited_Tag_Pilot_20260814_115800/TAG_DATA.csv,28306,IGNORE_GENERATED,Collector or QA generated output
05_QA/varexp_limited_pilot_rc1/out_positive_final/PCVue_VAREXP_Limited_Tag_Pilot_20260814_115900.zip,3510,IGNORE_GENERATED,Collector or QA generated output
05_QA/varexp_limited_pilot_rc1/out_positive_final/PCVue_VAREXP_Limited_Tag_Pilot_20260814_115900.zip.sha256,118,IGNORE_GENERATED,Collector or QA generated output
05_QA/varexp_limited_pilot_rc1/out_positive_final/PCVue_VAREXP_Limited_Tag_Pilot_20260814_115900/FILE_STATUS.csv,1305,IGNORE_GENERATED,Collector or QA generated output
05_QA/varexp_limited_pilot_rc1/out_positive_final/PCVue_VAREXP_Limited_Tag_Pilot_20260814_115900/FINAL_STATUS.txt,241,IGNORE_GENERATED,Collector or QA generated output
05_QA/varexp_limited_pilot_rc1/out_positive_final/PCVue_VAREXP_Limited_Tag_Pilot_20260814_115900/SCHEMA_PROVENANCE.csv,970,IGNORE_GENERATED,Collector or QA generated output
05_QA/varexp_limited_pilot_rc1/out_positive_final/PCVue_VAREXP_Limited_Tag_Pilot_20260814_115900/SHA256SUMS.txt,339,IGNORE_GENERATED,Collector or QA generated output
05_QA/varexp_limited_pilot_rc1/out_positive_final/PCVue_VAREXP_Limited_Tag_Pilot_20260814_115900/TAG_DATA.csv,46497,IGNORE_GENERATED,Collector or QA generated output
05_QA/varexp_limited_pilot_rc1/out_positive/PCVue_VAREXP_Limited_Tag_Pilot_20260814_115722/FILE_STATUS.csv,1305,IGNORE_GENERATED,Collector or QA generated output
05_QA/varexp_limited_pilot_rc1/out_positive/PCVue_VAREXP_Limited_Tag_Pilot_20260814_115722/SCHEMA_PROVENANCE.csv,970,IGNORE_GENERATED,Collector or QA generated output
05_QA/varexp_limited_pilot_rc1/out_positive/PCVue_VAREXP_Limited_Tag_Pilot_20260814_115722/TAG_DATA.csv,46508,IGNORE_GENERATED,Collector or QA generated output
05_QA/varexp_limited_pilot_rc1/out_sensitive_final/PCVue_VAREXP_Limited_Tag_Pilot_20260814_115803.zip,3336,IGNORE_GENERATED,Collector or QA generated output
05_QA/varexp_limited_pilot_rc1/out_sensitive_final/PCVue_VAREXP_Limited_Tag_Pilot_20260814_115803.zip.sha256,118,IGNORE_GENERATED,Collector or QA generated output
05_QA/varexp_limited_pilot_rc1/out_sensitive_final/PCVue_VAREXP_Limited_Tag_Pilot_20260814_115803/FILE_STATUS.csv,1320,IGNORE_GENERATED,Collector or QA generated output
05_QA/varexp_limited_pilot_rc1/out_sensitive_final/PCVue_VAREXP_Limited_Tag_Pilot_20260814_115803/FINAL_STATUS.txt,251,IGNORE_GENERATED,Collector or QA generated output
05_QA/varexp_limited_pilot_rc1/out_sensitive_final/PCVue_VAREXP_Limited_Tag_Pilot_20260814_115803/SCHEMA_PROVENANCE.csv,970,IGNORE_GENERATED,Collector or QA generated output
05_QA/varexp_limited_pilot_rc1/out_sensitive_final/PCVue_VAREXP_Limited_Tag_Pilot_20260814_115803/SHA256SUMS.txt,339,IGNORE_GENERATED,Collector or QA generated output
05_QA/varexp_limited_pilot_rc1/out_sensitive_final/PCVue_VAREXP_Limited_Tag_Pilot_20260814_115803/TAG_DATA.csv,37407,IGNORE_GENERATED,Collector or QA generated output
05_QA/varexp_limited_pilot_rc1/PilotConfig_GlobalBoundary.psd1,1036,MANUAL_REVIEW,Likely synthetic fixture but provenance marker/reduction review required
05_QA/varexp_limited_pilot_rc1/positive/ProjectRoot/NO_ACCESS.dat,24,MANUAL_REVIEW,Likely synthetic fixture but provenance marker/reduction review required
05_QA/varexp_limited_pilot_rc1/positive/ProjectRoot/NO_ACCESS.xlsx,25,MANUAL_REVIEW,Likely synthetic fixture but provenance marker/reduction review required
05_QA/varexp_limited_pilot_rc1/positive/ProjectRoot/NO_ACCESS.xml,24,MANUAL_REVIEW,Likely synthetic fixture but provenance marker/reduction review required
05_QA/varexp_limited_pilot_rc1/positive/ProjectRoot/UNAPPROVED_VAREXP.csv,29,MANUAL_REVIEW,Likely synthetic fixture but provenance marker/reduction review required
05_QA/varexp_limited_pilot_rc1/positive/ProjectRoot/USR/SSV Integrated Project/C1/Shared/A/varexp/plc_m_varexp.csv,11828,MANUAL_REVIEW,Likely synthetic fixture but provenance marker/reduction review required
05_QA/varexp_limited_pilot_rc1/positive/ProjectRoot/USR/SSV Integrated Project/C1/Shared/B/varexp/G03_varexp.csv,11775,MANUAL_REVIEW,Likely synthetic fixture but provenance marker/reduction review required
05_QA/varexp_limited_pilot_rc1/positive/ProjectRoot/USR/SSV Integrated Project/C1/Shared/C/varexp/BFU_varexp.csv,11775,MANUAL_REVIEW,Likely synthetic fixture but provenance marker/reduction review required
05_QA/varexp_limited_pilot_rc1/positive/ProjectRoot/USR/SSV Integrated Project/C1/Shared/ELEC/varexp/E02_varexp.csv,11775,MANUAL_REVIEW,Likely synthetic fixture but provenance marker/reduction review required
05_QA/varexp_limited_pilot_rc1/positive/ProjectRoot/USR/SSV Integrated Project/C1/Shared/varexp_main.csv,11715,MANUAL_REVIEW,Likely synthetic fixture but provenance marker/reduction review required
05_QA/varexp_limited_pilot_rc1/release_recheck/PCVue_VAREXP_Limited_Tag_Pilot_1.0.0-rc1/Check-PilotCollector.ps1,4091,IGNORE_GENERATED,Extracted/recheck copy
05_QA/varexp_limited_pilot_rc1/release_recheck/PCVue_VAREXP_Limited_Tag_Pilot_1.0.0-rc1/Collect-LimitedVarexpTags.ps1,12163,IGNORE_GENERATED,Extracted/recheck copy
05_QA/varexp_limited_pilot_rc1/release_recheck/PCVue_VAREXP_Limited_Tag_Pilot_1.0.0-rc1/PACKAGE_SHA256SUMS.txt,522,IGNORE_GENERATED,Extracted/recheck copy
05_QA/varexp_limited_pilot_rc1/release_recheck/PCVue_VAREXP_Limited_Tag_Pilot_1.0.0-rc1/Pilot_Output/PCVue_VAREXP_Limited_Tag_Pilot_20260814_120028.zip,3510,IGNORE_GENERATED,Collector or QA generated output
05_QA/varexp_limited_pilot_rc1/release_recheck/PCVue_VAREXP_Limited_Tag_Pilot_1.0.0-rc1/Pilot_Output/PCVue_VAREXP_Limited_Tag_Pilot_20260814_120028.zip.sha256,118,IGNORE_GENERATED,Collector or QA generated output
05_QA/varexp_limited_pilot_rc1/release_recheck/PCVue_VAREXP_Limited_Tag_Pilot_1.0.0-rc1/Pilot_Output/PCVue_VAREXP_Limited_Tag_Pilot_20260814_120028/FILE_STATUS.csv,1305,IGNORE_GENERATED,Collector or QA generated output
05_QA/varexp_limited_pilot_rc1/release_recheck/PCVue_VAREXP_Limited_Tag_Pilot_1.0.0-rc1/Pilot_Output/PCVue_VAREXP_Limited_Tag_Pilot_20260814_120028/FINAL_STATUS.txt,241,IGNORE_GENERATED,Collector or QA generated output
05_QA/varexp_limited_pilot_rc1/release_recheck/PCVue_VAREXP_Limited_Tag_Pilot_1.0.0-rc1/Pilot_Output/PCVue_VAREXP_Limited_Tag_Pilot_20260814_120028/SCHEMA_PROVENANCE.csv,970,IGNORE_GENERATED,Collector or QA generated output
05_QA/varexp_limited_pilot_rc1/release_recheck/PCVue_VAREXP_Limited_Tag_Pilot_1.0.0-rc1/Pilot_Output/PCVue_VAREXP_Limited_Tag_Pilot_20260814_120028/SHA256SUMS.txt,339,IGNORE_GENERATED,Collector or QA generated output
05_QA/varexp_limited_pilot_rc1/release_recheck/PCVue_VAREXP_Limited_Tag_Pilot_1.0.0-rc1/Pilot_Output/PCVue_VAREXP_Limited_Tag_Pilot_20260814_120028/TAG_DATA.csv,46497,IGNORE_GENERATED,Collector or QA generated output
05_QA/varexp_limited_pilot_rc1/release_recheck/PCVue_VAREXP_Limited_Tag_Pilot_1.0.0-rc1/PilotConfig.psd1,1035,IGNORE_GENERATED,Extracted/recheck copy
05_QA/varexp_limited_pilot_rc1/release_recheck/PCVue_VAREXP_Limited_Tag_Pilot_1.0.0-rc1/README_KO.txt,258,IGNORE_GENERATED,Extracted/recheck copy
05_QA/varexp_limited_pilot_rc1/release_recheck/PCVue_VAREXP_Limited_Tag_Pilot_1.0.0-rc1/RUN_LIMITED_PILOT.cmd,727,IGNORE_GENERATED,Extracted/recheck copy
05_QA/varexp_limited_pilot_rc1/release_recheck/PCVue_VAREXP_Limited_Tag_Pilot_1.0.0-rc1/VERSION.txt,106,IGNORE_GENERATED,Extracted/recheck copy
05_QA/varexp_limited_pilot_rc1/sensitive/ProjectRoot/NO_ACCESS.dat,24,MANUAL_REVIEW,Likely synthetic fixture but provenance marker/reduction review required
05_QA/varexp_limited_pilot_rc1/sensitive/ProjectRoot/NO_ACCESS.xlsx,25,MANUAL_REVIEW,Likely synthetic fixture but provenance marker/reduction review required
05_QA/varexp_limited_pilot_rc1/sensitive/ProjectRoot/NO_ACCESS.xml,24,MANUAL_REVIEW,Likely synthetic fixture but provenance marker/reduction review required
05_QA/varexp_limited_pilot_rc1/sensitive/ProjectRoot/UNAPPROVED_VAREXP.csv,29,MANUAL_REVIEW,Likely synthetic fixture but provenance marker/reduction review required
05_QA/varexp_limited_pilot_rc1/sensitive/ProjectRoot/USR/SSV Integrated Project/C1/Shared/A/varexp/plc_m_varexp.csv,11828,MANUAL_REVIEW,Likely synthetic fixture but provenance marker/reduction review required
05_QA/varexp_limited_pilot_rc1/sensitive/ProjectRoot/USR/SSV Integrated Project/C1/Shared/B/varexp/G03_varexp.csv,11775,MANUAL_REVIEW,Likely synthetic fixture but provenance marker/reduction review required
05_QA/varexp_limited_pilot_rc1/sensitive/ProjectRoot/USR/SSV Integrated Project/C1/Shared/C/varexp/BFU_varexp.csv,11775,MANUAL_REVIEW,Likely synthetic fixture but provenance marker/reduction review required
05_QA/varexp_limited_pilot_rc1/sensitive/ProjectRoot/USR/SSV Integrated Project/C1/Shared/ELEC/varexp/E02_varexp.csv,11775,MANUAL_REVIEW,Likely synthetic fixture but provenance marker/reduction review required
05_QA/varexp_limited_pilot_rc1/sensitive/ProjectRoot/USR/SSV Integrated Project/C1/Shared/varexp_main.csv,11736,MANUAL_REVIEW,Likely synthetic fixture but provenance marker/reduction review required
07_Release/PCVue_CSV_Header_Sample_Collector_1.0.0-rc5_CHANGE_AND_VALIDATION_REPORT.md,1500,TRACK_IN_GIT,Release validation report
07_Release/PCVue_CSV_Header_Sample_Collector_1.0.0-rc5.zip,11178,MANUAL_REVIEW,Binary release ZIP: prefer private GitHub Release asset
07_Release/PCVue_CSV_Header_Sample_Collector_1.0.0-rc5.zip.sha256,115,TRACK_IN_GIT,Release checksum sidecar; retain with release manifest
07_Release/PCVue_CSV_Header_Sample_Collector_1.0.0-rc5/Check-SampleCollector.ps1,6372,IGNORE_GENERATED,Reproducible expanded release package; canonical source elsewhere
07_Release/PCVue_CSV_Header_Sample_Collector_1.0.0-rc5/Collect-PCVueCsvHeaders.ps1,20327,IGNORE_GENERATED,Reproducible expanded release package; canonical source elsewhere
07_Release/PCVue_CSV_Header_Sample_Collector_1.0.0-rc5/PACKAGE_SHA256SUMS.txt,525,IGNORE_GENERATED,Reproducible expanded release package; canonical source elsewhere
07_Release/PCVue_CSV_Header_Sample_Collector_1.0.0-rc5/README_KO.txt,766,IGNORE_GENERATED,Reproducible expanded release package; canonical source elsewhere
07_Release/PCVue_CSV_Header_Sample_Collector_1.0.0-rc5/RUN_SAMPLE_COLLECTOR.cmd,783,IGNORE_GENERATED,Reproducible expanded release package; canonical source elsewhere
07_Release/PCVue_CSV_Header_Sample_Collector_1.0.0-rc5/SampleConfig.psd1,1485,IGNORE_GENERATED,Reproducible expanded release package; canonical source elsewhere
07_Release/PCVue_CSV_Header_Sample_Collector_1.0.0-rc5/VERSION.txt,179,IGNORE_GENERATED,Reproducible expanded release package; canonical source elsewhere
07_Release/PCVue_Offline_Data_Collector_V1_1.0.0-rc6.1_CHANGE_AND_VALIDATION_REPORT.md,2201,TRACK_IN_GIT,Release validation report
07_Release/PCVue_VAREXP_Limited_Tag_Pilot_1.0.0-rc1_CHANGE_AND_VALIDATION_REPORT.md,1306,TRACK_IN_GIT,Release validation report
07_Release/PCVue_VAREXP_Limited_Tag_Pilot_1.0.0-rc1.zip,8814,MANUAL_REVIEW,Binary release ZIP: prefer private GitHub Release asset
07_Release/PCVue_VAREXP_Limited_Tag_Pilot_1.0.0-rc1.zip.sha256,112,TRACK_IN_GIT,Release checksum sidecar; retain with release manifest
07_Release/PCVue_VAREXP_Limited_Tag_Pilot_1.0.0-rc1/Check-PilotCollector.ps1,4091,IGNORE_GENERATED,Reproducible expanded release package; canonical source elsewhere
07_Release/PCVue_VAREXP_Limited_Tag_Pilot_1.0.0-rc1/Collect-LimitedVarexpTags.ps1,12163,IGNORE_GENERATED,Reproducible expanded release package; canonical source elsewhere
07_Release/PCVue_VAREXP_Limited_Tag_Pilot_1.0.0-rc1/PACKAGE_SHA256SUMS.txt,522,IGNORE_GENERATED,Reproducible expanded release package; canonical source elsewhere
07_Release/PCVue_VAREXP_Limited_Tag_Pilot_1.0.0-rc1/PilotConfig.psd1,1035,IGNORE_GENERATED,Reproducible expanded release package; canonical source elsewhere
07_Release/PCVue_VAREXP_Limited_Tag_Pilot_1.0.0-rc1/README_KO.txt,258,IGNORE_GENERATED,Reproducible expanded release package; canonical source elsewhere
07_Release/PCVue_VAREXP_Limited_Tag_Pilot_1.0.0-rc1/RUN_LIMITED_PILOT.cmd,727,IGNORE_GENERATED,Reproducible expanded release package; canonical source elsewhere
07_Release/PCVue_VAREXP_Limited_Tag_Pilot_1.0.0-rc1/VERSION.txt,106,IGNORE_GENERATED,Reproducible expanded release package; canonical source elsewhere
07_Release/PCVue_VAREXP_Minimal_Hierarchy_Pilot_1.0.0-rc1_CHANGE_AND_VALIDATION_REPORT.md,1272,TRACK_IN_GIT,Release validation report
07_Release/PCVue_VAREXP_Minimal_Hierarchy_Pilot_1.0.0-rc1.zip,10094,MANUAL_REVIEW,Binary release ZIP: prefer private GitHub Release asset
07_Release/PCVue_VAREXP_Minimal_Hierarchy_Pilot_1.0.0-rc1.zip.sha256,118,TRACK_IN_GIT,Release checksum sidecar; retain with release manifest
07_Release/PCVue_VAREXP_Minimal_Hierarchy_Pilot_1.0.0-rc1/Check-PilotCollector.ps1,4177,IGNORE_GENERATED,Reproducible expanded release package; canonical source elsewhere
07_Release/PCVue_VAREXP_Minimal_Hierarchy_Pilot_1.0.0-rc1/Collect-LimitedVarexpTags.ps1,16465,IGNORE_GENERATED,Reproducible expanded release package; canonical source elsewhere
07_Release/PCVue_VAREXP_Minimal_Hierarchy_Pilot_1.0.0-rc1/PACKAGE_SHA256SUMS.txt,522,IGNORE_GENERATED,Reproducible expanded release package; canonical source elsewhere
07_Release/PCVue_VAREXP_Minimal_Hierarchy_Pilot_1.0.0-rc1/PilotConfig.psd1,1167,IGNORE_GENERATED,Reproducible expanded release package; canonical source elsewhere
07_Release/PCVue_VAREXP_Minimal_Hierarchy_Pilot_1.0.0-rc1/README_KO.txt,216,IGNORE_GENERATED,Reproducible expanded release package; canonical source elsewhere
07_Release/PCVue_VAREXP_Minimal_Hierarchy_Pilot_1.0.0-rc1/RUN_LIMITED_PILOT.cmd,727,IGNORE_GENERATED,Reproducible expanded release package; canonical source elsewhere
07_Release/PCVue_VAREXP_Minimal_Hierarchy_Pilot_1.0.0-rc1/VERSION.txt,118,IGNORE_GENERATED,Reproducible expanded release package; canonical source elsewhere
07_Release/phase3_rc5_design/HISTO_FORMAT_ASSESSMENT.md,2125,TRACK_IN_GIT,Design Gate/decision artifact
07_Release/phase3_rc5_design/PVTREND_SCHEMA_RULE.md,1738,TRACK_IN_GIT,Design Gate/decision artifact
07_Release/phase3_rc5_design/RC5_READ_BOUNDARY_AND_SECURITY_POLICY.md,3994,TRACK_IN_GIT,Design Gate/decision artifact
07_Release/phase3_rc5_design/VAREXP_LIMITED_HEADER_DISCOVERY_DESIGN.md,3098,TRACK_IN_GIT,Design Gate/decision artifact
07_Release/phase3_varexp_schema_family_gate/VAREXP_CANONICALIZATION_POLICY.md,2092,TRACK_IN_GIT,Design Gate/decision artifact
07_Release/phase3_varexp_schema_family_gate/VAREXP_CONFLICT_POSITION_ANALYSIS.csv,4636,TRACK_IN_GIT,Design Gate/decision artifact
07_Release/phase3_varexp_schema_family_gate/VAREXP_POSITIONAL_SCHEMA_CONTRACT.md,2035,TRACK_IN_GIT,Design Gate/decision artifact
07_Release/phase3_varexp_schema_family_gate/VAREXP_SCHEMA_FAMILY_DECISION.md,2175,TRACK_IN_GIT,Design Gate/decision artifact
07_Release/phase3_varexp_schema_family_gate/VAREXP_SCHEMA_VARIANT_MATRIX.csv,53496,TRACK_IN_GIT,Design Gate/decision artifact
07_Release/phase3_varexp_schema_gate/PCVUE_VAREXP_FORMAT_EVIDENCE.md,2377,TRACK_IN_GIT,Design Gate/decision artifact
07_Release/phase3_varexp_schema_gate/PHASE3_FINAL_DATA_SOURCE_STATUS.md,1252,TRACK_IN_GIT,Design Gate/decision artifact
07_Release/phase3_varexp_schema_gate/VAREXP_262_SCHEMA_COMPARISON.csv,25829,TRACK_IN_GIT,Design Gate/decision artifact
07_Release/phase3_varexp_schema_gate/VAREXP_EMPTY_COLUMN_POSITION_ANALYSIS.csv,4585,TRACK_IN_GIT,Design Gate/decision artifact
07_Release/phase3_varexp_schema_gate/VAREXP_SCHEMA_VALIDATION_REPORT.md,2198,TRACK_IN_GIT,Design Gate/decision artifact
07_Release/phase4_1_varexp_identity_gate/PHASE4_1_DECISION.md,1454,TRACK_IN_GIT,Design Gate/decision artifact
07_Release/phase4_1_varexp_identity_gate/VAREXP_HIERARCHY_MINIMUM_FIELD_PROPOSAL.csv,1158,TRACK_IN_GIT,Design Gate/decision artifact
07_Release/phase4_1_varexp_identity_gate/VAREXP_N1_N7_HIERARCHY_ASSESSMENT.csv,1509,TRACK_IN_GIT,Design Gate/decision artifact
07_Release/phase4_1_varexp_identity_gate/VAREXP_PILOT_RECORD_TYPE_ASSESSMENT.csv,762,TRACK_IN_GIT,Design Gate/decision artifact
07_Release/phase4_1_varexp_identity_gate/VAREXP_SECRET_DETECTION_LAYER_DESIGN.md,1852,TRACK_IN_GIT,Design Gate/decision artifact
07_Release/phase4_1_varexp_identity_gate/VAREXP_SENSITIVE_SCHEMA_TRIGGER_ANALYSIS.md,1745,TRACK_IN_GIT,Design Gate/decision artifact
07_Release/phase4_1_varexp_identity_gate/VAREXP_TAG_IDENTITY_MODEL.md,1274,TRACK_IN_GIT,Design Gate/decision artifact
07_Release/phase4_2_minimal_hierarchy_pilot_design/PHASE4_2_MANUAL_APPROVAL_PACKAGE.md,1400,TRACK_IN_GIT,Design Gate/decision artifact
07_Release/phase4_2_minimal_hierarchy_pilot_design/VAREXP_COL003_005_MANUAL_REVIEW.csv,1143,TRACK_IN_GIT,Design Gate/decision artifact
07_Release/phase4_2_minimal_hierarchy_pilot_design/VAREXP_CONTEXT_AWARE_SECRET_DETECTION_DESIGN.md,2098,TRACK_IN_GIT,Design Gate/decision artifact
07_Release/phase4_2_minimal_hierarchy_pilot_design/VAREXP_MINIMAL_HIERARCHY_PILOT_DESIGN.md,1733,TRACK_IN_GIT,Design Gate/decision artifact
07_Release/phase4_2_minimal_hierarchy_pilot_design/VAREXP_TAG_IDENTITY_VALIDATION_CRITERIA.md,1748,TRACK_IN_GIT,Design Gate/decision artifact
07_Release/phase4_varexp_limited_tag_design/VAREXP_DATA_ACQUISITION_COLUMN_CLASSIFICATION.csv,64910,TRACK_IN_GIT,Design Gate/decision artifact
07_Release/phase4_varexp_limited_tag_design/VAREXP_LIMITED_DATA_ACQUISITION_DESIGN.md,3120,TRACK_IN_GIT,Design Gate/decision artifact
07_Release/phase4_varexp_limited_tag_design/VAREXP_PILOT_SCOPE.md,1916,TRACK_IN_GIT,Design Gate/decision artifact
07_Release/phase4_varexp_limited_tag_design/VAREXP_SENSITIVE_FIELD_EXCLUSION_POLICY.md,2161,TRACK_IN_GIT,Design Gate/decision artifact
07_Release/phase4_varexp_limited_tag_design/VAREXP_UTILITY_AI_MINIMUM_FIELD_SET.csv,23276,TRACK_IN_GIT,Design Gate/decision artifact
07_Release/phase4_varexp_manual_approval/PHASE4_MANUAL_APPROVAL_PACKAGE.md,2216,TRACK_IN_GIT,Design Gate/decision artifact
07_Release/phase4_varexp_manual_approval/VAREXP_42_FIELD_MANUAL_REVIEW.csv,14180,TRACK_IN_GIT,Design Gate/decision artifact
07_Release/phase4_varexp_manual_approval/VAREXP_PILOT_ACCEPTANCE_CRITERIA.md,2470,TRACK_IN_GIT,Design Gate/decision artifact
07_Release/phase4_varexp_manual_approval/VAREXP_PILOT_FINAL_ALLOWLIST.csv,1844,TRACK_IN_GIT,Design Gate/decision artifact
07_Release/phase4_varexp_manual_approval/VAREXP_PILOT_READ_BOUNDARY_DECISION.md,2093,TRACK_IN_GIT,Design Gate/decision artifact
usb/PCVue_Offline_Data_Collector_V1_1.0.0-rc6.1.zip,31608,MOVE_TO_FIELDDATA,USB deployment staging belongs in external FieldData
usb/PCVue_Offline_Data_Collector_V1_1.0.0-rc6.1.zip.sha256,118,MOVE_TO_FIELDDATA,USB deployment staging belongs in external FieldData
usb/PCVue_Offline_Data_Collector_V1_1.0.0-rc6.zip,27921,MOVE_TO_FIELDDATA,USB deployment staging belongs in external FieldData
usb/PCVue_Offline_Data_Collector_V1_1.0.0-rc6.zip.sha256,112,MOVE_TO_FIELDDATA,USB deployment staging belongs in external FieldData
usb/PCVue_Offline_Data_Collector_V1/AdditionalProjectRoots.txt,464,MOVE_TO_FIELDDATA,USB deployment staging belongs in external FieldData
usb/PCVue_Offline_Data_Collector_V1/Check-PCVueCollector.ps1,9825,MOVE_TO_FIELDDATA,USB deployment staging belongs in external FieldData
usb/PCVue_Offline_Data_Collector_V1/Collect-PCVueOfflineData.ps1,70714,MOVE_TO_FIELDDATA,USB deployment staging belongs in external FieldData
usb/PCVue_Offline_Data_Collector_V1/CollectorConfig.psd1,2316,MOVE_TO_FIELDDATA,USB deployment staging belongs in external FieldData
usb/PCVue_Offline_Data_Collector_V1/FIELD_USE_CHECKLIST_KO.txt,1767,MOVE_TO_FIELDDATA,USB deployment staging belongs in external FieldData
usb/PCVue_Offline_Data_Collector_V1/MANUAL_EXPORT_GUIDE_KO.txt,1384,MOVE_TO_FIELDDATA,USB deployment staging belongs in external FieldData
usb/PCVue_Offline_Data_Collector_V1/OPERATOR_CONFIGURATION_POLICY.txt,1584,MOVE_TO_FIELDDATA,USB deployment staging belongs in external FieldData
usb/PCVue_Offline_Data_Collector_V1/PACKAGE_SHA256SUMS.txt,998,MOVE_TO_FIELDDATA,USB deployment staging belongs in external FieldData
usb/PCVue_Offline_Data_Collector_V1/README_KO.txt,4486,MOVE_TO_FIELDDATA,USB deployment staging belongs in external FieldData
usb/PCVue_Offline_Data_Collector_V1/RUN_COLLECTOR.cmd,2314,MOVE_TO_FIELDDATA,USB deployment staging belongs in external FieldData
usb/PCVue_Offline_Data_Collector_V1/SAFE_STOP_ROLLBACK_KO.txt,1470,MOVE_TO_FIELDDATA,USB deployment staging belongs in external FieldData
usb/PCVue_Offline_Data_Collector_V1/USB_FOLDER_STRUCTURE.txt,1100,MOVE_TO_FIELDDATA,USB deployment staging belongs in external FieldData
usb/PCVue_Offline_Data_Collector_V1/VERSION.txt,124,MOVE_TO_FIELDDATA,USB deployment staging belongs in external FieldData
